study,n,seed,method,killed,score,mutants,change,pairwise_cov
scaling,50,31465926,random,3,0.5,M1_surface_unaware M3_no_speed_cap M4_late_reaction,,
scaling,50,31465926,greedy,6,1.0,M1_surface_unaware M2_aeb_unavailable M3_no_speed_cap M4_late_reaction M5_weak_brakes M6_visibility_unaware,,
scaling,50,31465926,sa,5,0.8333333333333334,M1_surface_unaware M2_aeb_unavailable M3_no_speed_cap M4_late_reaction M5_weak_brakes,,
scaling,50,31465926,ga,5,0.8333333333333334,M1_surface_unaware M2_aeb_unavailable M3_no_speed_cap M4_late_reaction M5_weak_brakes,,
scaling,50,31465926,decomp_exact,6,1.0,M1_surface_unaware M2_aeb_unavailable M3_no_speed_cap M4_late_reaction M5_weak_brakes M6_visibility_unaware,,
scaling,50,31465926,decomp_qaoa,6,1.0,M1_surface_unaware M2_aeb_unavailable M3_no_speed_cap M4_late_reaction M5_weak_brakes M6_visibility_unaware,,
scaling,50,31465927,random,6,1.0,M1_surface_unaware M2_aeb_unavailable M3_no_speed_cap M4_late_reaction M5_weak_brakes M6_visibility_unaware,,
scaling,50,31465927,greedy,6,1.0,M1_surface_unaware M2_aeb_unavailable M3_no_speed_cap M4_late_reaction M5_weak_brakes M6_visibility_unaware,,
scaling,50,31465927,sa,5,0.8333333333333334,M1_surface_unaware M2_aeb_unavailable M3_no_speed_cap M4_late_reaction M5_weak_brakes,,
scaling,50,31465927,ga,6,1.0,M1_surface_unaware M2_aeb_unavailable M3_no_speed_cap M4_late_reaction M5_weak_brakes M6_visibility_unaware,,
scaling,50,31465927,decomp_exact,6,1.0,M1_surface_unaware M2_aeb_unavailable M3_no_speed_cap M4_late_reaction M5_weak_brakes M6_visibility_unaware,,
scaling,50,31465927,decomp_qaoa,6,1.0,M1_surface_unaware M2_aeb_unavailable M3_no_speed_cap M4_late_reaction M5_weak_brakes M6_visibility_unaware,,
scaling,50,31465928,random,6,1.0,M1_surface_unaware M2_aeb_unavailable M3_no_speed_cap M4_late_reaction M5_weak_brakes M6_visibility_unaware,,
scaling,50,31465928,greedy,5,0.8333333333333334,M1_surface_unaware M2_aeb_unavailable M3_no_speed_cap M4_late_reaction M5_weak_brakes,,
scaling,50,31465928,sa,5,0.8333333333333334,M1_surface_unaware M2_aeb_unavailable M3_no_speed_cap M4_late_reaction M5_weak_brakes,,
scaling,50,31465928,ga,5,0.8333333333333334,M1_surface_unaware M2_aeb_unavailable M3_no_speed_cap M4_late_reaction M5_weak_brakes,,
scaling,50,31465928,decomp_exact,5,0.8333333333333334,M1_surface_unaware M2_aeb_unavailable M3_no_speed_cap M4_late_reaction M5_weak_brakes,,
scaling,50,31465928,decomp_qaoa,5,0.8333333333333334,M1_surface_unaware M2_aeb_unavailable M3_no_speed_cap M4_late_reaction M5_weak_brakes,,
scaling,50,31465929,random,5,0.8333333333333334,M1_surface_unaware M2_aeb_unavailable M3_no_speed_cap M4_late_reaction M5_weak_brakes,,
scaling,50,31465929,greedy,5,0.8333333333333334,M1_surface_unaware M2_aeb_unavailable M3_no_speed_cap M4_late_reaction M5_weak_brakes,,
scaling,50,31465929,sa,6,1.0,M1_surface_unaware M2_aeb_unavailable M3_no_speed_cap M4_late_reaction M5_weak_brakes M6_visibility_unaware,,
scaling,50,31465929,ga,5,0.8333333333333334,M1_surface_unaware M2_aeb_unavailable M3_no_speed_cap M4_late_reaction M5_weak_brakes,,
scaling,50,31465929,decomp_exact,5,0.8333333333333334,M1_surface_unaware M2_aeb_unavailable M3_no_speed_cap M4_late_reaction M5_weak_brakes,,
scaling,50,31465929,decomp_qaoa,5,0.8333333333333334,M1_surface_unaware M2_aeb_unavailable M3_no_speed_cap M4_late_reaction M5_weak_brakes,,
scaling,50,31465930,random,4,0.6666666666666666,M1_surface_unaware M2_aeb_unavailable M4_late_reaction M5_weak_brakes,,
scaling,50,31465930,greedy,5,0.8333333333333334,M1_surface_unaware M2_aeb_unavailable M3_no_speed_cap M4_late_reaction M5_weak_brakes,,
scaling,50,31465930,sa,6,1.0,M1_surface_unaware M2_aeb_unavailable M3_no_speed_cap M4_late_reaction M5_weak_brakes M6_visibility_unaware,,
scaling,50,31465930,ga,6,1.0,M1_surface_unaware M2_aeb_unavailable M3_no_speed_cap M4_late_reaction M5_weak_brakes M6_visibility_unaware,,
scaling,50,31465930,decomp_exact,5,0.8333333333333334,M1_surface_unaware M2_aeb_unavailable M3_no_speed_cap M4_late_reaction M5_weak_brakes,,
scaling,50,31465930,decomp_qaoa,5,0.8333333333333334,M1_surface_unaware M2_aeb_unavailable M3_no_speed_cap M4_late_reaction M5_weak_brakes,,
scaling,50,31465931,random,5,0.8333333333333334,M1_surface_unaware M2_aeb_unavailable M3_no_speed_cap M4_late_reaction M6_visibility_unaware,,
scaling,50,31465931,greedy,5,0.8333333333333334,M1_surface_unaware M2_aeb_unavailable M3_no_speed_cap M4_late_reaction M5_weak_brakes,,
scaling,50,31465931,sa,5,0.8333333333333334,M1_surface_unaware M2_aeb_unavailable M3_no_speed_cap M4_late_reaction M5_weak_brakes,,
scaling,50,31465931,ga,5,0.8333333333333334,M1_surface_unaware M2_aeb_unavailable M3_no_speed_cap M4_late_reaction M5_weak_brakes,,
scaling,50,31465931,decomp_exact,6,1.0,M1_surface_unaware M2_aeb_unavailable M3_no_speed_cap M4_late_reaction M5_weak_brakes M6_visibility_unaware,,
scaling,50,31465931,decomp_qaoa,5,0.8333333333333334,M1_surface_unaware M2_aeb_unavailable M3_no_speed_cap M4_late_reaction M5_weak_brakes,,
scaling,50,31465932,random,5,0.8333333333333334,M1_surface_unaware M2_aeb_unavailable M3_no_speed_cap M4_late_reaction M5_weak_brakes,,
scaling,50,31465932,greedy,6,1.0,M1_surface_unaware M2_aeb_unavailable M3_no_speed_cap M4_late_reaction M5_weak_brakes M6_visibility_unaware,,
scaling,50,31465932,sa,6,1.0,M1_surface_unaware M2_aeb_unavailable M3_no_speed_cap M4_late_reaction M5_weak_brakes M6_visibility_unaware,,
scaling,50,31465932,ga,6,1.0,M1_surface_unaware M2_aeb_unavailable M3_no_speed_cap M4_late_reaction M5_weak_brakes M6_visibility_unaware,,
scaling,50,31465932,decomp_exact,6,1.0,M1_surface_unaware M2_aeb_unavailable M3_no_speed_cap M4_late_reaction M5_weak_brakes M6_visibility_unaware,,
scaling,50,31465932,decomp_qaoa,6,1.0,M1_surface_unaware M2_aeb_unavailable M3_no_speed_cap M4_late_reaction M5_weak_brakes M6_visibility_unaware,,
scaling,50,31465933,random,5,0.8333333333333334,M1_surface_unaware M2_aeb_unavailable M3_no_speed_cap M4_late_reaction M5_weak_brakes,,
scaling,50,31465933,greedy,5,0.8333333333333334,M1_surface_unaware M2_aeb_unavailable M3_no_speed_cap M4_late_reaction M5_weak_brakes,,
scaling,50,31465933,sa,6,1.0,M1_surface_unaware M2_aeb_unavailable M3_no_speed_cap M4_late_reaction M5_weak_brakes M6_visibility_unaware,,
scaling,50,31465933,ga,5,0.8333333333333334,M1_surface_unaware M2_aeb_unavailable M3_no_speed_cap M4_late_reaction M5_weak_brakes,,
scaling,50,31465933,decomp_exact,5,0.8333333333333334,M1_surface_unaware M2_aeb_unavailable M3_no_speed_cap M4_late_reaction M5_weak_brakes,,
scaling,50,31465933,decomp_qaoa,5,0.8333333333333334,M1_surface_unaware M2_aeb_unavailable M3_no_speed_cap M4_late_reaction M5_weak_brakes,,
scaling,50,31465934,random,6,1.0,M1_surface_unaware M2_aeb_unavailable M3_no_speed_cap M4_late_reaction M5_weak_brakes M6_visibility_unaware,,
scaling,50,31465934,greedy,5,0.8333333333333334,M1_surface_unaware M2_aeb_unavailable M3_no_speed_cap M4_late_reaction M5_weak_brakes,,
scaling,50,31465934,sa,6,1.0,M1_surface_unaware M2_aeb_unavailable M3_no_speed_cap M4_late_reaction M5_weak_brakes M6_visibility_unaware,,
scaling,50,31465934,ga,5,0.8333333333333334,M1_surface_unaware M2_aeb_unavailable M3_no_speed_cap M4_late_reaction M5_weak_brakes,,
scaling,50,31465934,decomp_exact,5,0.8333333333333334,M1_surface_unaware M2_aeb_unavailable M3_no_speed_cap M4_late_reaction M5_weak_brakes,,
scaling,50,31465934,decomp_qaoa,5,0.8333333333333334,M1_surface_unaware M2_aeb_unavailable M3_no_speed_cap M4_late_reaction M5_weak_brakes,,
scaling,50,31465935,random,5,0.8333333333333334,M1_surface_unaware M2_aeb_unavailable M3_no_speed_cap M4_late_reaction M5_weak_brakes,,
scaling,50,31465935,greedy,6,1.0,M1_surface_unaware M2_aeb_unavailable M3_no_speed_cap M4_late_reaction M5_weak_brakes M6_visibility_unaware,,
scaling,50,31465935,sa,5,0.8333333333333334,M1_surface_unaware M2_aeb_unavailable M3_no_speed_cap M4_late_reaction M5_weak_brakes,,
scaling,50,31465935,ga,6,1.0,M1_surface_unaware M2_aeb_unavailable M3_no_speed_cap M4_late_reaction M5_weak_brakes M6_visibility_unaware,,
scaling,50,31465935,decomp_exact,5,0.8333333333333334,M1_surface_unaware M2_aeb_unavailable M3_no_speed_cap M4_late_reaction M5_weak_brakes,,
scaling,50,31465935,decomp_qaoa,6,1.0,M1_surface_unaware M2_aeb_unavailable M3_no_speed_cap M4_late_reaction M5_weak_brakes M6_visibility_unaware,,
scaling,50,31465936,random,5,0.8333333333333334,M1_surface_unaware M2_aeb_unavailable M3_no_speed_cap M4_late_reaction M5_weak_brakes,,
scaling,50,31465936,greedy,5,0.8333333333333334,M1_surface_unaware M2_aeb_unavailable M3_no_speed_cap M4_late_reaction M5_weak_brakes,,
scaling,50,31465936,sa,5,0.8333333333333334,M1_surface_unaware M2_aeb_unavailable M3_no_speed_cap M4_late_reaction M5_weak_brakes,,
scaling,50,31465936,ga,6,1.0,M1_surface_unaware M2_aeb_unavailable M3_no_speed_cap M4_late_reaction M5_weak_brakes M6_visibility_unaware,,
scaling,50,31465936,decomp_exact,5,0.8333333333333334,M1_surface_unaware M2_aeb_unavailable M3_no_speed_cap M4_late_reaction M5_weak_brakes,,
scaling,50,31465936,decomp_qaoa,5,0.8333333333333334,M1_surface_unaware M2_aeb_unavailable M3_no_speed_cap M4_late_reaction M5_weak_brakes,,
scaling,50,31465937,random,6,1.0,M1_surface_unaware M2_aeb_unavailable M3_no_speed_cap M4_late_reaction M5_weak_brakes M6_visibility_unaware,,
scaling,50,31465937,greedy,6,1.0,M1_surface_unaware M2_aeb_unavailable M3_no_speed_cap M4_late_reaction M5_weak_brakes M6_visibility_unaware,,
scaling,50,31465937,sa,5,0.8333333333333334,M1_surface_unaware M2_aeb_unavailable M3_no_speed_cap M4_late_reaction M5_weak_brakes,,
scaling,50,31465937,ga,6,1.0,M1_surface_unaware M2_aeb_unavailable M3_no_speed_cap M4_late_reaction M5_weak_brakes M6_visibility_unaware,,
scaling,50,31465937,decomp_exact,6,1.0,M1_surface_unaware M2_aeb_unavailable M3_no_speed_cap M4_late_reaction M5_weak_brakes M6_visibility_unaware,,
scaling,50,31465937,decomp_qaoa,6,1.0,M1_surface_unaware M2_aeb_unavailable M3_no_speed_cap M4_late_reaction M5_weak_brakes M6_visibility_unaware,,
scaling,50,31465938,random,5,0.8333333333333334,M1_surface_unaware M2_aeb_unavailable M3_no_speed_cap M4_late_reaction M5_weak_brakes,,
scaling,50,31465938,greedy,5,0.8333333333333334,M1_surface_unaware M2_aeb_unavailable M3_no_speed_cap M4_late_reaction M5_weak_brakes,,
scaling,50,31465938,sa,5,0.8333333333333334,M1_surface_unaware M2_aeb_unavailable M3_no_speed_cap M4_late_reaction M5_weak_brakes,,
scaling,50,31465938,ga,5,0.8333333333333334,M1_surface_unaware M2_aeb_unavailable M3_no_speed_cap M4_late_reaction M5_weak_brakes,,
scaling,50,31465938,decomp_exact,5,0.8333333333333334,M1_surface_unaware M2_aeb_unavailable M3_no_speed_cap M4_late_reaction M5_weak_brakes,,
scaling,50,31465938,decomp_qaoa,5,0.8333333333333334,M1_surface_unaware M2_aeb_unavailable M3_no_speed_cap M4_late_reaction M5_weak_brakes,,
scaling,50,31465939,random,5,0.8333333333333334,M1_surface_unaware M2_aeb_unavailable M3_no_speed_cap M4_late_reaction M5_weak_brakes,,
scaling,50,31465939,greedy,5,0.8333333333333334,M1_surface_unaware M2_aeb_unavailable M3_no_speed_cap M4_late_reaction M5_weak_brakes,,
scaling,50,31465939,sa,5,0.8333333333333334,M1_surface_unaware M2_aeb_unavailable M3_no_speed_cap M4_late_reaction M5_weak_brakes,,
scaling,50,31465939,ga,5,0.8333333333333334,M1_surface_unaware M2_aeb_unavailable M3_no_speed_cap M4_late_reaction M5_weak_brakes,,
scaling,50,31465939,decomp_exact,6,1.0,M1_surface_unaware M2_aeb_unavailable M3_no_speed_cap M4_late_reaction M5_weak_brakes M6_visibility_unaware,,
scaling,50,31465939,decomp_qaoa,5,0.8333333333333334,M1_surface_unaware M2_aeb_unavailable M3_no_speed_cap M4_late_reaction M5_weak_brakes,,
scaling,50,31465940,random,5,0.8333333333333334,M1_surface_unaware M2_aeb_unavailable M3_no_speed_cap M4_late_reaction M5_weak_brakes,,
scaling,50,31465940,greedy,5,0.8333333333333334,M1_surface_unaware M2_aeb_unavailable M3_no_speed_cap M4_late_reaction M5_weak_brakes,,
scaling,50,31465940,sa,5,0.8333333333333334,M1_surface_unaware M2_aeb_unavailable M3_no_speed_cap M4_late_reaction M5_weak_brakes,,
scaling,50,31465940,ga,5,0.8333333333333334,M1_surface_unaware M2_aeb_unavailable M3_no_speed_cap M4_late_reaction M5_weak_brakes,,
scaling,50,31465940,decomp_exact,5,0.8333333333333334,M1_surface_unaware M2_aeb_unavailable M3_no_speed_cap M4_late_reaction M5_weak_brakes,,
scaling,50,31465940,decomp_qaoa,5,0.8333333333333334,M1_surface_unaware M2_aeb_unavailable M3_no_speed_cap M4_late_reaction M5_weak_brakes,,
scaling,50,31465941,random,5,0.8333333333333334,M1_surface_unaware M2_aeb_unavailable M3_no_speed_cap M4_late_reaction M5_weak_brakes,,
scaling,50,31465941,greedy,5,0.8333333333333334,M1_surface_unaware M2_aeb_unavailable M3_no_speed_cap M4_late_reaction M5_weak_brakes,,
scaling,50,31465941,sa,4,0.6666666666666666,M1_surface_unaware M2_aeb_unavailable M3_no_speed_cap M4_late_reaction,,
scaling,50,31465941,ga,6,1.0,M1_surface_unaware M2_aeb_unavailable M3_no_speed_cap M4_late_reaction M5_weak_brakes M6_visibility_unaware,,
scaling,50,31465941,decomp_exact,5,0.8333333333333334,M1_surface_unaware M2_aeb_unavailable M3_no_speed_cap M4_late_reaction M5_weak_brakes,,
scaling,50,31465941,decomp_qaoa,5,0.8333333333333334,M1_surface_unaware M2_aeb_unavailable M3_no_speed_cap M4_late_reaction M5_weak_brakes,,
scaling,50,31465942,random,4,0.6666666666666666,M1_surface_unaware M2_aeb_unavailable M4_late_reaction M5_weak_brakes,,
scaling,50,31465942,greedy,5,0.8333333333333334,M1_surface_unaware M2_aeb_unavailable M3_no_speed_cap M4_late_reaction M5_weak_brakes,,
scaling,50,31465942,sa,5,0.8333333333333334,M1_surface_unaware M2_aeb_unavailable M3_no_speed_cap M4_late_reaction M5_weak_brakes,,
scaling,50,31465942,ga,5,0.8333333333333334,M1_surface_unaware M2_aeb_unavailable M3_no_speed_cap M4_late_reaction M5_weak_brakes,,
scaling,50,31465942,decomp_exact,5,0.8333333333333334,M1_surface_unaware M2_aeb_unavailable M3_no_speed_cap M4_late_reaction M5_weak_brakes,,
scaling,50,31465942,decomp_qaoa,5,0.8333333333333334,M1_surface_unaware M2_aeb_unavailable M3_no_speed_cap M4_late_reaction M5_weak_brakes,,
scaling,50,31465943,random,5,0.8333333333333334,M1_surface_unaware M2_aeb_unavailable M3_no_speed_cap M4_late_reaction M5_weak_brakes,,
scaling,50,31465943,greedy,5,0.8333333333333334,M1_surface_unaware M2_aeb_unavailable M3_no_speed_cap M4_late_reaction M5_weak_brakes,,
scaling,50,31465943,sa,6,1.0,M1_surface_unaware M2_aeb_unavailable M3_no_speed_cap M4_late_reaction M5_weak_brakes M6_visibility_unaware,,
scaling,50,31465943,ga,5,0.8333333333333334,M1_surface_unaware M2_aeb_unavailable M3_no_speed_cap M4_late_reaction M5_weak_brakes,,
scaling,50,31465943,decomp_exact,6,1.0,M1_surface_unaware M2_aeb_unavailable M3_no_speed_cap M4_late_reaction M5_weak_brakes M6_visibility_unaware,,
scaling,50,31465943,decomp_qaoa,6,1.0,M1_surface_unaware M2_aeb_unavailable M3_no_speed_cap M4_late_reaction M5_weak_brakes M6_visibility_unaware,,
scaling,50,31465944,random,5,0.8333333333333334,M1_surface_unaware M2_aeb_unavailable M4_late_reaction M5_weak_brakes M6_visibility_unaware,,
scaling,50,31465944,greedy,5,0.8333333333333334,M1_surface_unaware M2_aeb_unavailable M3_no_speed_cap M4_late_reaction M5_weak_brakes,,
scaling,50,31465944,sa,5,0.8333333333333334,M1_surface_unaware M2_aeb_unavailable M3_no_speed_cap M4_late_reaction M5_weak_brakes,,
scaling,50,31465944,ga,5,0.8333333333333334,M1_surface_unaware M2_aeb_unavailable M3_no_speed_cap M4_late_reaction M5_weak_brakes,,
scaling,50,31465944,decomp_exact,5,0.8333333333333334,M1_surface_unaware M2_aeb_unavailable M3_no_speed_cap M4_late_reaction M5_weak_brakes,,
scaling,50,31465944,decomp_qaoa,5,0.8333333333333334,M1_surface_unaware M2_aeb_unavailable M3_no_speed_cap M4_late_reaction M5_weak_brakes,,
scaling,50,31465945,random,6,1.0,M1_surface_unaware M2_aeb_unavailable M3_no_speed_cap M4_late_reaction M5_weak_brakes M6_visibility_unaware,,
scaling,50,31465945,greedy,5,0.8333333333333334,M1_surface_unaware M2_aeb_unavailable M3_no_speed_cap M4_late_reaction M5_weak_brakes,,
scaling,50,31465945,sa,5,0.8333333333333334,M1_surface_unaware M2_aeb_unavailable M3_no_speed_cap M4_late_reaction M5_weak_brakes,,
scaling,50,31465945,ga,5,0.8333333333333334,M1_surface_unaware M2_aeb_unavailable M3_no_speed_cap M4_late_reaction M5_weak_brakes,,
scaling,50,31465945,decomp_exact,5,0.8333333333333334,M1_surface_unaware M2_aeb_unavailable M3_no_speed_cap M4_late_reaction M5_weak_brakes,,
scaling,50,31465945,decomp_qaoa,5,0.8333333333333334,M1_surface_unaware M2_aeb_unavailable M3_no_speed_cap M4_late_reaction M5_weak_brakes,,
scaling,50,31465946,random,4,0.6666666666666666,M1_surface_unaware M2_aeb_unavailable M3_no_speed_cap M4_late_reaction,,
scaling,50,31465946,greedy,5,0.8333333333333334,M1_surface_unaware M2_aeb_unavailable M3_no_speed_cap M4_late_reaction M5_weak_brakes,,
scaling,50,31465946,sa,5,0.8333333333333334,M1_surface_unaware M2_aeb_unavailable M3_no_speed_cap M4_late_reaction M5_weak_brakes,,
scaling,50,31465946,ga,5,0.8333333333333334,M1_surface_unaware M2_aeb_unavailable M3_no_speed_cap M4_late_reaction M5_weak_brakes,,
scaling,50,31465946,decomp_exact,5,0.8333333333333334,M1_surface_unaware M2_aeb_unavailable M3_no_speed_cap M4_late_reaction M5_weak_brakes,,
scaling,50,31465946,decomp_qaoa,5,0.8333333333333334,M1_surface_unaware M2_aeb_unavailable M3_no_speed_cap M4_late_reaction M5_weak_brakes,,
scaling,50,31465947,random,5,0.8333333333333334,M1_surface_unaware M2_aeb_unavailable M3_no_speed_cap M4_late_reaction M5_weak_brakes,,
scaling,50,31465947,greedy,6,1.0,M1_surface_unaware M2_aeb_unavailable M3_no_speed_cap M4_late_reaction M5_weak_brakes M6_visibility_unaware,,
scaling,50,31465947,sa,5,0.8333333333333334,M1_surface_unaware M2_aeb_unavailable M3_no_speed_cap M4_late_reaction M5_weak_brakes,,
scaling,50,31465947,ga,5,0.8333333333333334,M1_surface_unaware M2_aeb_unavailable M3_no_speed_cap M4_late_reaction M5_weak_brakes,,
scaling,50,31465947,decomp_exact,6,1.0,M1_surface_unaware M2_aeb_unavailable M3_no_speed_cap M4_late_reaction M5_weak_brakes M6_visibility_unaware,,
scaling,50,31465947,decomp_qaoa,6,1.0,M1_surface_unaware M2_aeb_unavailable M3_no_speed_cap M4_late_reaction M5_weak_brakes M6_visibility_unaware,,
scaling,50,31465948,random,5,0.8333333333333334,M1_surface_unaware M2_aeb_unavailable M3_no_speed_cap M4_late_reaction M5_weak_brakes,,
scaling,50,31465948,greedy,6,1.0,M1_surface_unaware M2_aeb_unavailable M3_no_speed_cap M4_late_reaction M5_weak_brakes M6_visibility_unaware,,
scaling,50,31465948,sa,5,0.8333333333333334,M1_surface_unaware M2_aeb_unavailable M3_no_speed_cap M4_late_reaction M5_weak_brakes,,
scaling,50,31465948,ga,6,1.0,M1_surface_unaware M2_aeb_unavailable M3_no_speed_cap M4_late_reaction M5_weak_brakes M6_visibility_unaware,,
scaling,50,31465948,decomp_exact,6,1.0,M1_surface_unaware M2_aeb_unavailable M3_no_speed_cap M4_late_reaction M5_weak_brakes M6_visibility_unaware,,
scaling,50,31465948,decomp_qaoa,6,1.0,M1_surface_unaware M2_aeb_unavailable M3_no_speed_cap M4_late_reaction M5_weak_brakes M6_visibility_unaware,,
scaling,50,31465949,random,3,0.5,M1_surface_unaware M3_no_speed_cap M4_late_reaction,,
scaling,50,31465949,greedy,5,0.8333333333333334,M1_surface_unaware M2_aeb_unavailable M3_no_speed_cap M4_late_reaction M5_weak_brakes,,
scaling,50,31465949,sa,5,0.8333333333333334,M1_surface_unaware M2_aeb_unavailable M3_no_speed_cap M4_late_reaction M5_weak_brakes,,
scaling,50,31465949,ga,5,0.8333333333333334,M1_surface_unaware M2_aeb_unavailable M3_no_speed_cap M4_late_reaction M5_weak_brakes,,
scaling,50,31465949,decomp_exact,5,0.8333333333333334,M1_surface_unaware M2_aeb_unavailable M3_no_speed_cap M4_late_reaction M5_weak_brakes,,
scaling,50,31465949,decomp_qaoa,5,0.8333333333333334,M1_surface_unaware M2_aeb_unavailable M3_no_speed_cap M4_late_reaction M5_weak_brakes,,
scaling,50,31465950,random,5,0.8333333333333334,M1_surface_unaware M2_aeb_unavailable M3_no_speed_cap M4_late_reaction M5_weak_brakes,,
scaling,50,31465950,greedy,5,0.8333333333333334,M1_surface_unaware M2_aeb_unavailable M3_no_speed_cap M4_late_reaction M5_weak_brakes,,
scaling,50,31465950,sa,4,0.6666666666666666,M1_surface_unaware M2_aeb_unavailable M3_no_speed_cap M4_late_reaction,,
scaling,50,31465950,ga,5,0.8333333333333334,M1_surface_unaware M2_aeb_unavailable M3_no_speed_cap M4_late_reaction M5_weak_brakes,,
scaling,50,31465950,decomp_exact,5,0.8333333333333334,M1_surface_unaware M2_aeb_unavailable M3_no_speed_cap M4_late_reaction M5_weak_brakes,,
scaling,50,31465950,decomp_qaoa,5,0.8333333333333334,M1_surface_unaware M2_aeb_unavailable M3_no_speed_cap M4_late_reaction M5_weak_brakes,,
scaling,50,31465951,random,5,0.8333333333333334,M1_surface_unaware M2_aeb_unavailable M3_no_speed_cap M4_late_reaction M5_weak_brakes,,
scaling,50,31465951,greedy,5,0.8333333333333334,M1_surface_unaware M2_aeb_unavailable M3_no_speed_cap M4_late_reaction M5_weak_brakes,,
scaling,50,31465951,sa,6,1.0,M1_surface_unaware M2_aeb_unavailable M3_no_speed_cap M4_late_reaction M5_weak_brakes M6_visibility_unaware,,
scaling,50,31465951,ga,6,1.0,M1_surface_unaware M2_aeb_unavailable M3_no_speed_cap M4_late_reaction M5_weak_brakes M6_visibility_unaware,,
scaling,50,31465951,decomp_exact,6,1.0,M1_surface_unaware M2_aeb_unavailable M3_no_speed_cap M4_late_reaction M5_weak_brakes M6_visibility_unaware,,
scaling,50,31465951,decomp_qaoa,5,0.8333333333333334,M1_surface_unaware M2_aeb_unavailable M3_no_speed_cap M4_late_reaction M5_weak_brakes,,
scaling,50,31465952,random,5,0.8333333333333334,M1_surface_unaware M2_aeb_unavailable M3_no_speed_cap M4_late_reaction M5_weak_brakes,,
scaling,50,31465952,greedy,6,1.0,M1_surface_unaware M2_aeb_unavailable M3_no_speed_cap M4_late_reaction M5_weak_brakes M6_visibility_unaware,,
scaling,50,31465952,sa,6,1.0,M1_surface_unaware M2_aeb_unavailable M3_no_speed_cap M4_late_reaction M5_weak_brakes M6_visibility_unaware,,
scaling,50,31465952,ga,5,0.8333333333333334,M1_surface_unaware M2_aeb_unavailable M3_no_speed_cap M4_late_reaction M5_weak_brakes,,
scaling,50,31465952,decomp_exact,6,1.0,M1_surface_unaware M2_aeb_unavailable M3_no_speed_cap M4_late_reaction M5_weak_brakes M6_visibility_unaware,,
scaling,50,31465952,decomp_qaoa,6,1.0,M1_surface_unaware M2_aeb_unavailable M3_no_speed_cap M4_late_reaction M5_weak_brakes M6_visibility_unaware,,
scaling,50,31465953,random,5,0.8333333333333334,M1_surface_unaware M2_aeb_unavailable M3_no_speed_cap M4_late_reaction M5_weak_brakes,,
scaling,50,31465953,greedy,5,0.8333333333333334,M1_surface_unaware M2_aeb_unavailable M3_no_speed_cap M4_late_reaction M5_weak_brakes,,
scaling,50,31465953,sa,5,0.8333333333333334,M1_surface_unaware M2_aeb_unavailable M3_no_speed_cap M4_late_reaction M5_weak_brakes,,
scaling,50,31465953,ga,5,0.8333333333333334,M1_surface_unaware M2_aeb_unavailable M3_no_speed_cap M4_late_reaction M5_weak_brakes,,
scaling,50,31465953,decomp_exact,5,0.8333333333333334,M1_surface_unaware M2_aeb_unavailable M3_no_speed_cap M4_late_reaction M5_weak_brakes,,
scaling,50,31465953,decomp_qaoa,5,0.8333333333333334,M1_surface_unaware M2_aeb_unavailable M3_no_speed_cap M4_late_reaction M5_weak_brakes,,
scaling,50,31465954,random,6,1.0,M1_surface_unaware M2_aeb_unavailable M3_no_speed_cap M4_late_reaction M5_weak_brakes M6_visibility_unaware,,
scaling,50,31465954,greedy,5,0.8333333333333334,M1_surface_unaware M2_aeb_unavailable M3_no_speed_cap M4_late_reaction M5_weak_brakes,,
scaling,50,31465954,sa,5,0.8333333333333334,M1_surface_unaware M2_aeb_unavailable M3_no_speed_cap M4_late_reaction M5_weak_brakes,,
scaling,50,31465954,ga,6,1.0,M1_surface_unaware M2_aeb_unavailable M3_no_speed_cap M4_late_reaction M5_weak_brakes M6_visibility_unaware,,
scaling,50,31465954,decomp_exact,5,0.8333333333333334,M1_surface_unaware M2_aeb_unavailable M3_no_speed_cap M4_late_reaction M5_weak_brakes,,
scaling,50,31465954,decomp_qaoa,5,0.8333333333333334,M1_surface_unaware M2_aeb_unavailable M3_no_speed_cap M4_late_reaction M5_weak_brakes,,
scaling,50,31465955,random,5,0.8333333333333334,M1_surface_unaware M2_aeb_unavailable M3_no_speed_cap M4_late_reaction M6_visibility_unaware,,
scaling,50,31465955,greedy,5,0.8333333333333334,M1_surface_unaware M2_aeb_unavailable M3_no_speed_cap M4_late_reaction M5_weak_brakes,,
scaling,50,31465955,sa,5,0.8333333333333334,M1_surface_unaware M2_aeb_unavailable M3_no_speed_cap M4_late_reaction M5_weak_brakes,,
scaling,50,31465955,ga,6,1.0,M1_surface_unaware M2_aeb_unavailable M3_no_speed_cap M4_late_reaction M5_weak_brakes M6_visibility_unaware,,
scaling,50,31465955,decomp_exact,5,0.8333333333333334,M1_surface_unaware M2_aeb_unavailable M3_no_speed_cap M4_late_reaction M5_weak_brakes,,
scaling,50,31465955,decomp_qaoa,5,0.8333333333333334,M1_surface_unaware M2_aeb_unavailable M3_no_speed_cap M4_late_reaction M5_weak_brakes,,
scaling,100,31515926,random,6,1.0,M1_surface_unaware M2_aeb_unavailable M3_no_speed_cap M4_late_reaction M5_weak_brakes M6_visibility_unaware,,
scaling,100,31515926,greedy,6,1.0,M1_surface_unaware M2_aeb_unavailable M3_no_speed_cap M4_late_reaction M5_weak_brakes M6_visibility_unaware,,
scaling,100,31515926,sa,6,1.0,M1_surface_unaware M2_aeb_unavailable M3_no_speed_cap M4_late_reaction M5_weak_brakes M6_visibility_unaware,,
scaling,100,31515926,ga,5,0.8333333333333334,M1_surface_unaware M2_aeb_unavailable M3_no_speed_cap M4_late_reaction M5_weak_brakes,,
scaling,100,31515926,decomp_exact,6,1.0,M1_surface_unaware M2_aeb_unavailable M3_no_speed_cap M4_late_reaction M5_weak_brakes M6_visibility_unaware,,
scaling,100,31515926,decomp_qaoa,6,1.0,M1_surface_unaware M2_aeb_unavailable M3_no_speed_cap M4_late_reaction M5_weak_brakes M6_visibility_unaware,,
scaling,100,31515927,random,4,0.6666666666666666,M1_surface_unaware M2_aeb_unavailable M3_no_speed_cap M4_late_reaction,,
scaling,100,31515927,greedy,5,0.8333333333333334,M1_surface_unaware M2_aeb_unavailable M3_no_speed_cap M4_late_reaction M5_weak_brakes,,
scaling,100,31515927,sa,6,1.0,M1_surface_unaware M2_aeb_unavailable M3_no_speed_cap M4_late_reaction M5_weak_brakes M6_visibility_unaware,,
scaling,100,31515927,ga,5,0.8333333333333334,M1_surface_unaware M2_aeb_unavailable M3_no_speed_cap M4_late_reaction M5_weak_brakes,,
scaling,100,31515927,decomp_exact,5,0.8333333333333334,M1_surface_unaware M2_aeb_unavailable M3_no_speed_cap M4_late_reaction M5_weak_brakes,,
scaling,100,31515927,decomp_qaoa,5,0.8333333333333334,M1_surface_unaware M2_aeb_unavailable M3_no_speed_cap M4_late_reaction M5_weak_brakes,,
scaling,100,31515928,random,5,0.8333333333333334,M1_surface_unaware M2_aeb_unavailable M3_no_speed_cap M4_late_reaction M5_weak_brakes,,
scaling,100,31515928,greedy,5,0.8333333333333334,M1_surface_unaware M2_aeb_unavailable M3_no_speed_cap M4_late_reaction M5_weak_brakes,,
scaling,100,31515928,sa,5,0.8333333333333334,M1_surface_unaware M2_aeb_unavailable M3_no_speed_cap M4_late_reaction M5_weak_brakes,,
scaling,100,31515928,ga,5,0.8333333333333334,M1_surface_unaware M2_aeb_unavailable M3_no_speed_cap M4_late_reaction M5_weak_brakes,,
scaling,100,31515928,decomp_exact,5,0.8333333333333334,M1_surface_unaware M2_aeb_unavailable M3_no_speed_cap M4_late_reaction M5_weak_brakes,,
scaling,100,31515928,decomp_qaoa,5,0.8333333333333334,M1_surface_unaware M2_aeb_unavailable M3_no_speed_cap M4_late_reaction M5_weak_brakes,,
scaling,100,31515929,random,5,0.8333333333333334,M1_surface_unaware M2_aeb_unavailable M3_no_speed_cap M4_late_reaction M5_weak_brakes,,
scaling,100,31515929,greedy,5,0.8333333333333334,M1_surface_unaware M2_aeb_unavailable M3_no_speed_cap M4_late_reaction M5_weak_brakes,,
scaling,100,31515929,sa,6,1.0,M1_surface_unaware M2_aeb_unavailable M3_no_speed_cap M4_late_reaction M5_weak_brakes M6_visibility_unaware,,
scaling,100,31515929,ga,6,1.0,M1_surface_unaware M2_aeb_unavailable M3_no_speed_cap M4_late_reaction M5_weak_brakes M6_visibility_unaware,,
scaling,100,31515929,decomp_exact,5,0.8333333333333334,M1_surface_unaware M2_aeb_unavailable M3_no_speed_cap M4_late_reaction M5_weak_brakes,,
scaling,100,31515929,decomp_qaoa,5,0.8333333333333334,M1_surface_unaware M2_aeb_unavailable M3_no_speed_cap M4_late_reaction M5_weak_brakes,,
scaling,100,31515930,random,5,0.8333333333333334,M1_surface_unaware M2_aeb_unavailable M3_no_speed_cap M4_late_reaction M5_weak_brakes,,
scaling,100,31515930,greedy,6,1.0,M1_surface_unaware M2_aeb_unavailable M3_no_speed_cap M4_late_reaction M5_weak_brakes M6_visibility_unaware,,
scaling,100,31515930,sa,6,1.0,M1_surface_unaware M2_aeb_unavailable M3_no_speed_cap M4_late_reaction M5_weak_brakes M6_visibility_unaware,,
scaling,100,31515930,ga,6,1.0,M1_surface_unaware M2_aeb_unavailable M3_no_speed_cap M4_late_reaction M5_weak_brakes M6_visibility_unaware,,
scaling,100,31515930,decomp_exact,6,1.0,M1_surface_unaware M2_aeb_unavailable M3_no_speed_cap M4_late_reaction M5_weak_brakes M6_visibility_unaware,,
scaling,100,31515930,decomp_qaoa,6,1.0,M1_surface_unaware M2_aeb_unavailable M3_no_speed_cap M4_late_reaction M5_weak_brakes M6_visibility_unaware,,
scaling,100,31515931,random,6,1.0,M1_surface_unaware M2_aeb_unavailable M3_no_speed_cap M4_late_reaction M5_weak_brakes M6_visibility_unaware,,
scaling,100,31515931,greedy,5,0.8333333333333334,M1_surface_unaware M2_aeb_unavailable M3_no_speed_cap M4_late_reaction M5_weak_brakes,,
scaling,100,31515931,sa,6,1.0,M1_surface_unaware M2_aeb_unavailable M3_no_speed_cap M4_late_reaction M5_weak_brakes M6_visibility_unaware,,
scaling,100,31515931,ga,5,0.8333333333333334,M1_surface_unaware M2_aeb_unavailable M3_no_speed_cap M4_late_reaction M5_weak_brakes,,
scaling,100,31515931,decomp_exact,6,1.0,M1_surface_unaware M2_aeb_unavailable M3_no_speed_cap M4_late_reaction M5_weak_brakes M6_visibility_unaware,,
scaling,100,31515931,decomp_qaoa,6,1.0,M1_surface_unaware M2_aeb_unavailable M3_no_speed_cap M4_late_reaction M5_weak_brakes M6_visibility_unaware,,
scaling,100,31515932,random,6,1.0,M1_surface_unaware M2_aeb_unavailable M3_no_speed_cap M4_late_reaction M5_weak_brakes M6_visibility_unaware,,
scaling,100,31515932,greedy,6,1.0,M1_surface_unaware M2_aeb_unavailable M3_no_speed_cap M4_late_reaction M5_weak_brakes M6_visibility_unaware,,
scaling,100,31515932,sa,6,1.0,M1_surface_unaware M2_aeb_unavailable M3_no_speed_cap M4_late_reaction M5_weak_brakes M6_visibility_unaware,,
scaling,100,31515932,ga,5,0.8333333333333334,M1_surface_unaware M2_aeb_unavailable M3_no_speed_cap M4_late_reaction M5_weak_brakes,,
scaling,100,31515932,decomp_exact,6,1.0,M1_surface_unaware M2_aeb_unavailable M3_no_speed_cap M4_late_reaction M5_weak_brakes M6_visibility_unaware,,
scaling,100,31515932,decomp_qaoa,6,1.0,M1_surface_unaware M2_aeb_unavailable M3_no_speed_cap M4_late_reaction M5_weak_brakes M6_visibility_unaware,,
scaling,100,31515933,random,5,0.8333333333333334,M1_surface_unaware M2_aeb_unavailable M3_no_speed_cap M4_late_reaction M5_weak_brakes,,
scaling,100,31515933,greedy,6,1.0,M1_surface_unaware M2_aeb_unavailable M3_no_speed_cap M4_late_reaction M5_weak_brakes M6_visibility_unaware,,
scaling,100,31515933,sa,5,0.8333333333333334,M1_surface_unaware M2_aeb_unavailable M3_no_speed_cap M4_late_reaction M5_weak_brakes,,
scaling,100,31515933,ga,5,0.8333333333333334,M1_surface_unaware M2_aeb_unavailable M3_no_speed_cap M4_late_reaction M5_weak_brakes,,
scaling,100,31515933,decomp_exact,6,1.0,M1_surface_unaware M2_aeb_unavailable M3_no_speed_cap M4_late_reaction M5_weak_brakes M6_visibility_unaware,,
scaling,100,31515933,decomp_qaoa,6,1.0,M1_surface_unaware M2_aeb_unavailable M3_no_speed_cap M4_late_reaction M5_weak_brakes M6_visibility_unaware,,
scaling,100,31515934,random,5,0.8333333333333334,M1_surface_unaware M2_aeb_unavailable M3_no_speed_cap M4_late_reaction M5_weak_brakes,,
scaling,100,31515934,greedy,5,0.8333333333333334,M1_surface_unaware M2_aeb_unavailable M3_no_speed_cap M4_late_reaction M5_weak_brakes,,
scaling,100,31515934,sa,6,1.0,M1_surface_unaware M2_aeb_unavailable M3_no_speed_cap M4_late_reaction M5_weak_brakes M6_visibility_unaware,,
scaling,100,31515934,ga,6,1.0,M1_surface_unaware M2_aeb_unavailable M3_no_speed_cap M4_late_reaction M5_weak_brakes M6_visibility_unaware,,
scaling,100,31515934,decomp_exact,5,0.8333333333333334,M1_surface_unaware M2_aeb_unavailable M3_no_speed_cap M4_late_reaction M5_weak_brakes,,
scaling,100,31515934,decomp_qaoa,5,0.8333333333333334,M1_surface_unaware M2_aeb_unavailable M3_no_speed_cap M4_late_reaction M5_weak_brakes,,
scaling,100,31515935,random,4,0.6666666666666666,M1_surface_unaware M3_no_speed_cap M4_late_reaction M6_visibility_unaware,,
scaling,100,31515935,greedy,5,0.8333333333333334,M1_surface_unaware M2_aeb_unavailable M3_no_speed_cap M4_late_reaction M5_weak_brakes,,
scaling,100,31515935,sa,5,0.8333333333333334,M1_surface_unaware M2_aeb_unavailable M3_no_speed_cap M4_late_reaction M5_weak_brakes,,
scaling,100,31515935,ga,6,1.0,M1_surface_unaware M2_aeb_unavailable M3_no_speed_cap M4_late_reaction M5_weak_brakes M6_visibility_unaware,,
scaling,100,31515935,decomp_exact,5,0.8333333333333334,M1_surface_unaware M2_aeb_unavailable M3_no_speed_cap M4_late_reaction M5_weak_brakes,,
scaling,100,31515935,decomp_qaoa,5,0.8333333333333334,M1_surface_unaware M2_aeb_unavailable M3_no_speed_cap M4_late_reaction M5_weak_brakes,,
scaling,100,31515936,random,5,0.8333333333333334,M1_surface_unaware M2_aeb_unavailable M3_no_speed_cap M4_late_reaction M5_weak_brakes,,
scaling,100,31515936,greedy,5,0.8333333333333334,M1_surface_unaware M2_aeb_unavailable M3_no_speed_cap M4_late_reaction M5_weak_brakes,,
scaling,100,31515936,sa,5,0.8333333333333334,M1_surface_unaware M2_aeb_unavailable M3_no_speed_cap M4_late_reaction M5_weak_brakes,,
scaling,100,31515936,ga,6,1.0,M1_surface_unaware M2_aeb_unavailable M3_no_speed_cap M4_late_reaction M5_weak_brakes M6_visibility_unaware,,
scaling,100,31515936,decomp_exact,5,0.8333333333333334,M1_surface_unaware M2_aeb_unavailable M3_no_speed_cap M4_late_reaction M5_weak_brakes,,
scaling,100,31515936,decomp_qaoa,5,0.8333333333333334,M1_surface_unaware M2_aeb_unavailable M3_no_speed_cap M4_late_reaction M5_weak_brakes,,
scaling,100,31515937,random,5,0.8333333333333334,M1_surface_unaware M2_aeb_unavailable M3_no_speed_cap M4_late_reaction M5_weak_brakes,,
scaling,100,31515937,greedy,6,1.0,M1_surface_unaware M2_aeb_unavailable M3_no_speed_cap M4_late_reaction M5_weak_brakes M6_visibility_unaware,,
scaling,100,31515937,sa,5,0.8333333333333334,M1_surface_unaware M2_aeb_unavailable M3_no_speed_cap M4_late_reaction M5_weak_brakes,,
scaling,100,31515937,ga,5,0.8333333333333334,M1_surface_unaware M2_aeb_unavailable M3_no_speed_cap M4_late_reaction M5_weak_brakes,,
scaling,100,31515937,decomp_exact,5,0.8333333333333334,M1_surface_unaware M2_aeb_unavailable M3_no_speed_cap M4_late_reaction M5_weak_brakes,,
scaling,100,31515937,decomp_qaoa,5,0.8333333333333334,M1_surface_unaware M2_aeb_unavailable M3_no_speed_cap M4_late_reaction M5_weak_brakes,,
scaling,100,31515938,random,5,0.8333333333333334,M1_surface_unaware M2_aeb_unavailable M3_no_speed_cap M4_late_reaction M5_weak_brakes,,
scaling,100,31515938,greedy,5,0.8333333333333334,M1_surface_unaware M2_aeb_unavailable M3_no_speed_cap M4_late_reaction M5_weak_brakes,,
scaling,100,31515938,sa,6,1.0,M1_surface_unaware M2_aeb_unavailable M3_no_speed_cap M4_late_reaction M5_weak_brakes M6_visibility_unaware,,
scaling,100,31515938,ga,6,1.0,M1_surface_unaware M2_aeb_unavailable M3_no_speed_cap M4_late_reaction M5_weak_brakes M6_visibility_unaware,,
scaling,100,31515938,decomp_exact,5,0.8333333333333334,M1_surface_unaware M2_aeb_unavailable M3_no_speed_cap M4_late_reaction M5_weak_brakes,,
scaling,100,31515938,decomp_qaoa,5,0.8333333333333334,M1_surface_unaware M2_aeb_unavailable M3_no_speed_cap M4_late_reaction M5_weak_brakes,,
scaling,100,31515939,random,5,0.8333333333333334,M1_surface_unaware M2_aeb_unavailable M3_no_speed_cap M4_late_reaction M5_weak_brakes,,
scaling,100,31515939,greedy,6,1.0,M1_surface_unaware M2_aeb_unavailable M3_no_speed_cap M4_late_reaction M5_weak_brakes M6_visibility_unaware,,
scaling,100,31515939,sa,5,0.8333333333333334,M1_surface_unaware M2_aeb_unavailable M3_no_speed_cap M4_late_reaction M5_weak_brakes,,
scaling,100,31515939,ga,5,0.8333333333333334,M1_surface_unaware M2_aeb_unavailable M3_no_speed_cap M4_late_reaction M5_weak_brakes,,
scaling,100,31515939,decomp_exact,5,0.8333333333333334,M1_surface_unaware M2_aeb_unavailable M3_no_speed_cap M4_late_reaction M5_weak_brakes,,
scaling,100,31515939,decomp_qaoa,5,0.8333333333333334,M1_surface_unaware M2_aeb_unavailable M3_no_speed_cap M4_late_reaction M5_weak_brakes,,
scaling,100,31515940,random,5,0.8333333333333334,M1_surface_unaware M2_aeb_unavailable M3_no_speed_cap M4_late_reaction M5_weak_brakes,,
scaling,100,31515940,greedy,6,1.0,M1_surface_unaware M2_aeb_unavailable M3_no_speed_cap M4_late_reaction M5_weak_brakes M6_visibility_unaware,,
scaling,100,31515940,sa,6,1.0,M1_surface_unaware M2_aeb_unavailable M3_no_speed_cap M4_late_reaction M5_weak_brakes M6_visibility_unaware,,
scaling,100,31515940,ga,5,0.8333333333333334,M1_surface_unaware M2_aeb_unavailable M3_no_speed_cap M4_late_reaction M5_weak_brakes,,
scaling,100,31515940,decomp_exact,6,1.0,M1_surface_unaware M2_aeb_unavailable M3_no_speed_cap M4_late_reaction M5_weak_brakes M6_visibility_unaware,,
scaling,100,31515940,decomp_qaoa,5,0.8333333333333334,M1_surface_unaware M2_aeb_unavailable M3_no_speed_cap M4_late_reaction M5_weak_brakes,,
scaling,100,31515941,random,6,1.0,M1_surface_unaware M2_aeb_unavailable M3_no_speed_cap M4_late_reaction M5_weak_brakes M6_visibility_unaware,,
scaling,100,31515941,greedy,5,0.8333333333333334,M1_surface_unaware M2_aeb_unavailable M3_no_speed_cap M4_late_reaction M5_weak_brakes,,
scaling,100,31515941,sa,3,0.5,M1_surface_unaware M3_no_speed_cap M4_late_reaction,,
scaling,100,31515941,ga,6,1.0,M1_surface_unaware M2_aeb_unavailable M3_no_speed_cap M4_late_reaction M5_weak_brakes M6_visibility_unaware,,
scaling,100,31515941,decomp_exact,5,0.8333333333333334,M1_surface_unaware M2_aeb_unavailable M3_no_speed_cap M4_late_reaction M5_weak_brakes,,
scaling,100,31515941,decomp_qaoa,5,0.8333333333333334,M1_surface_unaware M2_aeb_unavailable M3_no_speed_cap M4_late_reaction M5_weak_brakes,,
scaling,100,31515942,random,4,0.6666666666666666,M1_surface_unaware M2_aeb_unavailable M4_late_reaction M6_visibility_unaware,,
scaling,100,31515942,greedy,5,0.8333333333333334,M1_surface_unaware M2_aeb_unavailable M3_no_speed_cap M4_late_reaction M5_weak_brakes,,
scaling,100,31515942,sa,5,0.8333333333333334,M1_surface_unaware M2_aeb_unavailable M4_late_reaction M5_weak_brakes M6_visibility_unaware,,
scaling,100,31515942,ga,6,1.0,M1_surface_unaware M2_aeb_unavailable M3_no_speed_cap M4_late_reaction M5_weak_brakes M6_visibility_unaware,,
scaling,100,31515942,decomp_exact,5,0.8333333333333334,M1_surface_unaware M2_aeb_unavailable M3_no_speed_cap M4_late_reaction M5_weak_brakes,,
scaling,100,31515942,decomp_qaoa,5,0.8333333333333334,M1_surface_unaware M2_aeb_unavailable M3_no_speed_cap M4_late_reaction M5_weak_brakes,,
scaling,100,31515943,random,6,1.0,M1_surface_unaware M2_aeb_unavailable M3_no_speed_cap M4_late_reaction M5_weak_brakes M6_visibility_unaware,,
scaling,100,31515943,greedy,5,0.8333333333333334,M1_surface_unaware M2_aeb_unavailable M3_no_speed_cap M4_late_reaction M5_weak_brakes,,
scaling,100,31515943,sa,6,1.0,M1_surface_unaware M2_aeb_unavailable M3_no_speed_cap M4_late_reaction M5_weak_brakes M6_visibility_unaware,,
scaling,100,31515943,ga,5,0.8333333333333334,M1_surface_unaware M2_aeb_unavailable M3_no_speed_cap M4_late_reaction M5_weak_brakes,,
scaling,100,31515943,decomp_exact,5,0.8333333333333334,M1_surface_unaware M2_aeb_unavailable M3_no_speed_cap M4_late_reaction M5_weak_brakes,,
scaling,100,31515943,decomp_qaoa,5,0.8333333333333334,M1_surface_unaware M2_aeb_unavailable M3_no_speed_cap M4_late_reaction M5_weak_brakes,,
scaling,100,31515944,random,5,0.8333333333333334,M1_surface_unaware M2_aeb_unavailable M3_no_speed_cap M4_late_reaction M6_visibility_unaware,,
scaling,100,31515944,greedy,5,0.8333333333333334,M1_surface_unaware M2_aeb_unavailable M3_no_speed_cap M4_late_reaction M5_weak_brakes,,
scaling,100,31515944,sa,5,0.8333333333333334,M1_surface_unaware M2_aeb_unavailable M3_no_speed_cap M4_late_reaction M5_weak_brakes,,
scaling,100,31515944,ga,6,1.0,M1_surface_unaware M2_aeb_unavailable M3_no_speed_cap M4_late_reaction M5_weak_brakes M6_visibility_unaware,,
scaling,100,31515944,decomp_exact,5,0.8333333333333334,M1_surface_unaware M2_aeb_unavailable M3_no_speed_cap M4_late_reaction M5_weak_brakes,,
scaling,100,31515944,decomp_qaoa,5,0.8333333333333334,M1_surface_unaware M2_aeb_unavailable M3_no_speed_cap M4_late_reaction M5_weak_brakes,,
scaling,100,31515945,random,6,1.0,M1_surface_unaware M2_aeb_unavailable M3_no_speed_cap M4_late_reaction M5_weak_brakes M6_visibility_unaware,,
scaling,100,31515945,greedy,5,0.8333333333333334,M1_surface_unaware M2_aeb_unavailable M3_no_speed_cap M4_late_reaction M5_weak_brakes,,
scaling,100,31515945,sa,6,1.0,M1_surface_unaware M2_aeb_unavailable M3_no_speed_cap M4_late_reaction M5_weak_brakes M6_visibility_unaware,,
scaling,100,31515945,ga,6,1.0,M1_surface_unaware M2_aeb_unavailable M3_no_speed_cap M4_late_reaction M5_weak_brakes M6_visibility_unaware,,
scaling,100,31515945,decomp_exact,5,0.8333333333333334,M1_surface_unaware M2_aeb_unavailable M3_no_speed_cap M4_late_reaction M5_weak_brakes,,
scaling,100,31515945,decomp_qaoa,5,0.8333333333333334,M1_surface_unaware M2_aeb_unavailable M3_no_speed_cap M4_late_reaction M5_weak_brakes,,
scaling,100,31515946,random,6,1.0,M1_surface_unaware M2_aeb_unavailable M3_no_speed_cap M4_late_reaction M5_weak_brakes M6_visibility_unaware,,
scaling,100,31515946,greedy,5,0.8333333333333334,M1_surface_unaware M2_aeb_unavailable M3_no_speed_cap M4_late_reaction M5_weak_brakes,,
scaling,100,31515946,sa,6,1.0,M1_surface_unaware M2_aeb_unavailable M3_no_speed_cap M4_late_reaction M5_weak_brakes M6_visibility_unaware,,
scaling,100,31515946,ga,6,1.0,M1_surface_unaware M2_aeb_unavailable M3_no_speed_cap M4_late_reaction M5_weak_brakes M6_visibility_unaware,,
scaling,100,31515946,decomp_exact,5,0.8333333333333334,M1_surface_unaware M2_aeb_unavailable M3_no_speed_cap M4_late_reaction M5_weak_brakes,,
scaling,100,31515946,decomp_qaoa,5,0.8333333333333334,M1_surface_unaware M2_aeb_unavailable M3_no_speed_cap M4_late_reaction M5_weak_brakes,,
scaling,100,31515947,random,5,0.8333333333333334,M1_surface_unaware M2_aeb_unavailable M4_late_reaction M5_weak_brakes M6_visibility_unaware,,
scaling,100,31515947,greedy,6,1.0,M1_surface_unaware M2_aeb_unavailable M3_no_speed_cap M4_late_reaction M5_weak_brakes M6_visibility_unaware,,
scaling,100,31515947,sa,6,1.0,M1_surface_unaware M2_aeb_unavailable M3_no_speed_cap M4_late_reaction M5_weak_brakes M6_visibility_unaware,,
scaling,100,31515947,ga,6,1.0,M1_surface_unaware M2_aeb_unavailable M3_no_speed_cap M4_late_reaction M5_weak_brakes M6_visibility_unaware,,
scaling,100,31515947,decomp_exact,6,1.0,M1_surface_unaware M2_aeb_unavailable M3_no_speed_cap M4_late_reaction M5_weak_brakes M6_visibility_unaware,,
scaling,100,31515947,decomp_qaoa,6,1.0,M1_surface_unaware M2_aeb_unavailable M3_no_speed_cap M4_late_reaction M5_weak_brakes M6_visibility_unaware,,
scaling,100,31515948,random,6,1.0,M1_surface_unaware M2_aeb_unavailable M3_no_speed_cap M4_late_reaction M5_weak_brakes M6_visibility_unaware,,
scaling,100,31515948,greedy,6,1.0,M1_surface_unaware M2_aeb_unavailable M3_no_speed_cap M4_late_reaction M5_weak_brakes M6_visibility_unaware,,
scaling,100,31515948,sa,5,0.8333333333333334,M1_surface_unaware M2_aeb_unavailable M3_no_speed_cap M4_late_reaction M5_weak_brakes,,
scaling,100,31515948,ga,5,0.8333333333333334,M1_surface_unaware M2_aeb_unavailable M3_no_speed_cap M4_late_reaction M5_weak_brakes,,
scaling,100,31515948,decomp_exact,6,1.0,M1_surface_unaware M2_aeb_unavailable M3_no_speed_cap M4_late_reaction M5_weak_brakes M6_visibility_unaware,,
scaling,100,31515948,decomp_qaoa,5,0.8333333333333334,M1_surface_unaware M2_aeb_unavailable M3_no_speed_cap M4_late_reaction M5_weak_brakes,,
scaling,100,31515949,random,5,0.8333333333333334,M1_surface_unaware M2_aeb_unavailable M3_no_speed_cap M4_late_reaction M5_weak_brakes,,
scaling,100,31515949,greedy,5,0.8333333333333334,M1_surface_unaware M2_aeb_unavailable M3_no_speed_cap M4_late_reaction M5_weak_brakes,,
scaling,100,31515949,sa,6,1.0,M1_surface_unaware M2_aeb_unavailable M3_no_speed_cap M4_late_reaction M5_weak_brakes M6_visibility_unaware,,
scaling,100,31515949,ga,6,1.0,M1_surface_unaware M2_aeb_unavailable M3_no_speed_cap M4_late_reaction M5_weak_brakes M6_visibility_unaware,,
scaling,100,31515949,decomp_exact,5,0.8333333333333334,M1_surface_unaware M2_aeb_unavailable M3_no_speed_cap M4_late_reaction M5_weak_brakes,,
scaling,100,31515949,decomp_qaoa,5,0.8333333333333334,M1_surface_unaware M2_aeb_unavailable M3_no_speed_cap M4_late_reaction M5_weak_brakes,,
scaling,100,31515950,random,6,1.0,M1_surface_unaware M2_aeb_unavailable M3_no_speed_cap M4_late_reaction M5_weak_brakes M6_visibility_unaware,,
scaling,100,31515950,greedy,6,1.0,M1_surface_unaware M2_aeb_unavailable M3_no_speed_cap M4_late_reaction M5_weak_brakes M6_visibility_unaware,,
scaling,100,31515950,sa,6,1.0,M1_surface_unaware M2_aeb_unavailable M3_no_speed_cap M4_late_reaction M5_weak_brakes M6_visibility_unaware,,
scaling,100,31515950,ga,5,0.8333333333333334,M1_surface_unaware M2_aeb_unavailable M3_no_speed_cap M4_late_reaction M5_weak_brakes,,
scaling,100,31515950,decomp_exact,6,1.0,M1_surface_unaware M2_aeb_unavailable M3_no_speed_cap M4_late_reaction M5_weak_brakes M6_visibility_unaware,,
scaling,100,31515950,decomp_qaoa,6,1.0,M1_surface_unaware M2_aeb_unavailable M3_no_speed_cap M4_late_reaction M5_weak_brakes M6_visibility_unaware,,
scaling,100,31515951,random,5,0.8333333333333334,M1_surface_unaware M2_aeb_unavailable M3_no_speed_cap M4_late_reaction M5_weak_brakes,,
scaling,100,31515951,greedy,6,1.0,M1_surface_unaware M2_aeb_unavailable M3_no_speed_cap M4_late_reaction M5_weak_brakes M6_visibility_unaware,,
scaling,100,31515951,sa,5,0.8333333333333334,M1_surface_unaware M2_aeb_unavailable M3_no_speed_cap M4_late_reaction M5_weak_brakes,,
scaling,100,31515951,ga,5,0.8333333333333334,M1_surface_unaware M2_aeb_unavailable M3_no_speed_cap M4_late_reaction M5_weak_brakes,,
scaling,100,31515951,decomp_exact,6,1.0,M1_surface_unaware M2_aeb_unavailable M3_no_speed_cap M4_late_reaction M5_weak_brakes M6_visibility_unaware,,
scaling,100,31515951,decomp_qaoa,6,1.0,M1_surface_unaware M2_aeb_unavailable M3_no_speed_cap M4_late_reaction M5_weak_brakes M6_visibility_unaware,,
scaling,100,31515952,random,5,0.8333333333333334,M1_surface_unaware M2_aeb_unavailable M3_no_speed_cap M4_late_reaction M5_weak_brakes,,
scaling,100,31515952,greedy,5,0.8333333333333334,M1_surface_unaware M2_aeb_unavailable M3_no_speed_cap M4_late_reaction M5_weak_brakes,,
scaling,100,31515952,sa,5,0.8333333333333334,M1_surface_unaware M2_aeb_unavailable M3_no_speed_cap M4_late_reaction M5_weak_brakes,,
scaling,100,31515952,ga,6,1.0,M1_surface_unaware M2_aeb_unavailable M3_no_speed_cap M4_late_reaction M5_weak_brakes M6_visibility_unaware,,
scaling,100,31515952,decomp_exact,5,0.8333333333333334,M1_surface_unaware M2_aeb_unavailable M3_no_speed_cap M4_late_reaction M5_weak_brakes,,
scaling,100,31515952,decomp_qaoa,5,0.8333333333333334,M1_surface_unaware M2_aeb_unavailable M3_no_speed_cap M4_late_reaction M5_weak_brakes,,
scaling,100,31515953,random,5,0.8333333333333334,M1_surface_unaware M2_aeb_unavailable M3_no_speed_cap M4_late_reaction M5_weak_brakes,,
scaling,100,31515953,greedy,6,1.0,M1_surface_unaware M2_aeb_unavailable M3_no_speed_cap M4_late_reaction M5_weak_brakes M6_visibility_unaware,,
scaling,100,31515953,sa,5,0.8333333333333334,M1_surface_unaware M2_aeb_unavailable M3_no_speed_cap M4_late_reaction M5_weak_brakes,,
scaling,100,31515953,ga,5,0.8333333333333334,M1_surface_unaware M2_aeb_unavailable M3_no_speed_cap M4_late_reaction M5_weak_brakes,,
scaling,100,31515953,decomp_exact,6,1.0,M1_surface_unaware M2_aeb_unavailable M3_no_speed_cap M4_late_reaction M5_weak_brakes M6_visibility_unaware,,
scaling,100,31515953,decomp_qaoa,6,1.0,M1_surface_unaware M2_aeb_unavailable M3_no_speed_cap M4_late_reaction M5_weak_brakes M6_visibility_unaware,,
scaling,100,31515954,random,5,0.8333333333333334,M1_surface_unaware M2_aeb_unavailable M3_no_speed_cap M4_late_reaction M5_weak_brakes,,
scaling,100,31515954,greedy,6,1.0,M1_surface_unaware M2_aeb_unavailable M3_no_speed_cap M4_late_reaction M5_weak_brakes M6_visibility_unaware,,
scaling,100,31515954,sa,6,1.0,M1_surface_unaware M2_aeb_unavailable M3_no_speed_cap M4_late_reaction M5_weak_brakes M6_visibility_unaware,,
scaling,100,31515954,ga,5,0.8333333333333334,M1_surface_unaware M2_aeb_unavailable M3_no_speed_cap M4_late_reaction M5_weak_brakes,,
scaling,100,31515954,decomp_exact,5,0.8333333333333334,M1_surface_unaware M2_aeb_unavailable M3_no_speed_cap M4_late_reaction M5_weak_brakes,,
scaling,100,31515954,decomp_qaoa,5,0.8333333333333334,M1_surface_unaware M2_aeb_unavailable M3_no_speed_cap M4_late_reaction M5_weak_brakes,,
scaling,100,31515955,random,6,1.0,M1_surface_unaware M2_aeb_unavailable M3_no_speed_cap M4_late_reaction M5_weak_brakes M6_visibility_unaware,,
scaling,100,31515955,greedy,5,0.8333333333333334,M1_surface_unaware M2_aeb_unavailable M3_no_speed_cap M4_late_reaction M5_weak_brakes,,
scaling,100,31515955,sa,6,1.0,M1_surface_unaware M2_aeb_unavailable M3_no_speed_cap M4_late_reaction M5_weak_brakes M6_visibility_unaware,,
scaling,100,31515955,ga,5,0.8333333333333334,M1_surface_unaware M2_aeb_unavailable M3_no_speed_cap M4_late_reaction M5_weak_brakes,,
scaling,100,31515955,decomp_exact,5,0.8333333333333334,M1_surface_unaware M2_aeb_unavailable M3_no_speed_cap M4_late_reaction M5_weak_brakes,,
scaling,100,31515955,decomp_qaoa,5,0.8333333333333334,M1_surface_unaware M2_aeb_unavailable M3_no_speed_cap M4_late_reaction M5_weak_brakes,,
scaling,200,31615926,random,5,0.8333333333333334,M1_surface_unaware M2_aeb_unavailable M3_no_speed_cap M4_late_reaction M5_weak_brakes,,
scaling,200,31615926,greedy,5,0.8333333333333334,M1_surface_unaware M2_aeb_unavailable M3_no_speed_cap M4_late_reaction M5_weak_brakes,,
scaling,200,31615926,sa,5,0.8333333333333334,M1_surface_unaware M2_aeb_unavailable M3_no_speed_cap M4_late_reaction M5_weak_brakes,,
scaling,200,31615926,ga,6,1.0,M1_surface_unaware M2_aeb_unavailable M3_no_speed_cap M4_late_reaction M5_weak_brakes M6_visibility_unaware,,
scaling,200,31615926,decomp_exact,5,0.8333333333333334,M1_surface_unaware M2_aeb_unavailable M3_no_speed_cap M4_late_reaction M5_weak_brakes,,
scaling,200,31615926,decomp_qaoa,5,0.8333333333333334,M1_surface_unaware M2_aeb_unavailable M3_no_speed_cap M4_late_reaction M5_weak_brakes,,
scaling,200,31615927,random,5,0.8333333333333334,M1_surface_unaware M2_aeb_unavailable M3_no_speed_cap M4_late_reaction M5_weak_brakes,,
scaling,200,31615927,greedy,5,0.8333333333333334,M1_surface_unaware M2_aeb_unavailable M3_no_speed_cap M4_late_reaction M5_weak_brakes,,
scaling,200,31615927,sa,6,1.0,M1_surface_unaware M2_aeb_unavailable M3_no_speed_cap M4_late_reaction M5_weak_brakes M6_visibility_unaware,,
scaling,200,31615927,ga,5,0.8333333333333334,M1_surface_unaware M2_aeb_unavailable M3_no_speed_cap M4_late_reaction M5_weak_brakes,,
scaling,200,31615927,decomp_exact,5,0.8333333333333334,M1_surface_unaware M2_aeb_unavailable M3_no_speed_cap M4_late_reaction M5_weak_brakes,,
scaling,200,31615927,decomp_qaoa,5,0.8333333333333334,M1_surface_unaware M2_aeb_unavailable M3_no_speed_cap M4_late_reaction M5_weak_brakes,,
scaling,200,31615928,random,5,0.8333333333333334,M1_surface_unaware M2_aeb_unavailable M3_no_speed_cap M4_late_reaction M5_weak_brakes,,
scaling,200,31615928,greedy,5,0.8333333333333334,M1_surface_unaware M2_aeb_unavailable M3_no_speed_cap M4_late_reaction M5_weak_brakes,,
scaling,200,31615928,sa,5,0.8333333333333334,M1_surface_unaware M2_aeb_unavailable M3_no_speed_cap M4_late_reaction M5_weak_brakes,,
scaling,200,31615928,ga,5,0.8333333333333334,M1_surface_unaware M2_aeb_unavailable M3_no_speed_cap M4_late_reaction M5_weak_brakes,,
scaling,200,31615928,decomp_exact,5,0.8333333333333334,M1_surface_unaware M2_aeb_unavailable M3_no_speed_cap M4_late_reaction M5_weak_brakes,,
scaling,200,31615928,decomp_qaoa,5,0.8333333333333334,M1_surface_unaware M2_aeb_unavailable M3_no_speed_cap M4_late_reaction M5_weak_brakes,,
scaling,200,31615929,random,5,0.8333333333333334,M1_surface_unaware M2_aeb_unavailable M3_no_speed_cap M4_late_reaction M5_weak_brakes,,
scaling,200,31615929,greedy,6,1.0,M1_surface_unaware M2_aeb_unavailable M3_no_speed_cap M4_late_reaction M5_weak_brakes M6_visibility_unaware,,
scaling,200,31615929,sa,5,0.8333333333333334,M1_surface_unaware M2_aeb_unavailable M3_no_speed_cap M4_late_reaction M5_weak_brakes,,
scaling,200,31615929,ga,6,1.0,M1_surface_unaware M2_aeb_unavailable M3_no_speed_cap M4_late_reaction M5_weak_brakes M6_visibility_unaware,,
scaling,200,31615929,decomp_exact,5,0.8333333333333334,M1_surface_unaware M2_aeb_unavailable M3_no_speed_cap M4_late_reaction M5_weak_brakes,,
scaling,200,31615929,decomp_qaoa,5,0.8333333333333334,M1_surface_unaware M2_aeb_unavailable M3_no_speed_cap M4_late_reaction M5_weak_brakes,,
scaling,200,31615930,random,6,1.0,M1_surface_unaware M2_aeb_unavailable M3_no_speed_cap M4_late_reaction M5_weak_brakes M6_visibility_unaware,,
scaling,200,31615930,greedy,5,0.8333333333333334,M1_surface_unaware M2_aeb_unavailable M3_no_speed_cap M4_late_reaction M5_weak_brakes,,
scaling,200,31615930,sa,4,0.6666666666666666,M1_surface_unaware M3_no_speed_cap M4_late_reaction M6_visibility_unaware,,
scaling,200,31615930,ga,6,1.0,M1_surface_unaware M2_aeb_unavailable M3_no_speed_cap M4_late_reaction M5_weak_brakes M6_visibility_unaware,,
scaling,200,31615930,decomp_exact,5,0.8333333333333334,M1_surface_unaware M2_aeb_unavailable M3_no_speed_cap M4_late_reaction M5_weak_brakes,,
scaling,200,31615930,decomp_qaoa,5,0.8333333333333334,M1_surface_unaware M2_aeb_unavailable M3_no_speed_cap M4_late_reaction M5_weak_brakes,,
scaling,200,31615931,random,6,1.0,M1_surface_unaware M2_aeb_unavailable M3_no_speed_cap M4_late_reaction M5_weak_brakes M6_visibility_unaware,,
scaling,200,31615931,greedy,5,0.8333333333333334,M1_surface_unaware M2_aeb_unavailable M3_no_speed_cap M4_late_reaction M5_weak_brakes,,
scaling,200,31615931,sa,5,0.8333333333333334,M1_surface_unaware M2_aeb_unavailable M3_no_speed_cap M4_late_reaction M5_weak_brakes,,
scaling,200,31615931,ga,5,0.8333333333333334,M1_surface_unaware M2_aeb_unavailable M3_no_speed_cap M4_late_reaction M5_weak_brakes,,
scaling,200,31615931,decomp_exact,5,0.8333333333333334,M1_surface_unaware M2_aeb_unavailable M3_no_speed_cap M4_late_reaction M5_weak_brakes,,
scaling,200,31615931,decomp_qaoa,5,0.8333333333333334,M1_surface_unaware M2_aeb_unavailable M3_no_speed_cap M4_late_reaction M5_weak_brakes,,
scaling,200,31615932,random,5,0.8333333333333334,M1_surface_unaware M2_aeb_unavailable M3_no_speed_cap M4_late_reaction M5_weak_brakes,,
scaling,200,31615932,greedy,5,0.8333333333333334,M1_surface_unaware M2_aeb_unavailable M3_no_speed_cap M4_late_reaction M5_weak_brakes,,
scaling,200,31615932,sa,5,0.8333333333333334,M1_surface_unaware M2_aeb_unavailable M3_no_speed_cap M4_late_reaction M5_weak_brakes,,
scaling,200,31615932,ga,6,1.0,M1_surface_unaware M2_aeb_unavailable M3_no_speed_cap M4_late_reaction M5_weak_brakes M6_visibility_unaware,,
scaling,200,31615932,decomp_exact,5,0.8333333333333334,M1_surface_unaware M2_aeb_unavailable M3_no_speed_cap M4_late_reaction M5_weak_brakes,,
scaling,200,31615932,decomp_qaoa,5,0.8333333333333334,M1_surface_unaware M2_aeb_unavailable M3_no_speed_cap M4_late_reaction M5_weak_brakes,,
scaling,200,31615933,random,4,0.6666666666666666,M1_surface_unaware M2_aeb_unavailable M3_no_speed_cap M4_late_reaction,,
scaling,200,31615933,greedy,5,0.8333333333333334,M1_surface_unaware M2_aeb_unavailable M3_no_speed_cap M4_late_reaction M5_weak_brakes,,
scaling,200,31615933,sa,5,0.8333333333333334,M1_surface_unaware M2_aeb_unavailable M3_no_speed_cap M4_late_reaction M5_weak_brakes,,
scaling,200,31615933,ga,6,1.0,M1_surface_unaware M2_aeb_unavailable M3_no_speed_cap M4_late_reaction M5_weak_brakes M6_visibility_unaware,,
scaling,200,31615933,decomp_exact,5,0.8333333333333334,M1_surface_unaware M2_aeb_unavailable M3_no_speed_cap M4_late_reaction M5_weak_brakes,,
scaling,200,31615933,decomp_qaoa,5,0.8333333333333334,M1_surface_unaware M2_aeb_unavailable M3_no_speed_cap M4_late_reaction M5_weak_brakes,,
scaling,200,31615934,random,5,0.8333333333333334,M1_surface_unaware M2_aeb_unavailable M3_no_speed_cap M4_late_reaction M5_weak_brakes,,
scaling,200,31615934,greedy,5,0.8333333333333334,M1_surface_unaware M2_aeb_unavailable M3_no_speed_cap M4_late_reaction M5_weak_brakes,,
scaling,200,31615934,sa,6,1.0,M1_surface_unaware M2_aeb_unavailable M3_no_speed_cap M4_late_reaction M5_weak_brakes M6_visibility_unaware,,
scaling,200,31615934,ga,5,0.8333333333333334,M1_surface_unaware M2_aeb_unavailable M3_no_speed_cap M4_late_reaction M5_weak_brakes,,
scaling,200,31615934,decomp_exact,5,0.8333333333333334,M1_surface_unaware M2_aeb_unavailable M3_no_speed_cap M4_late_reaction M5_weak_brakes,,
scaling,200,31615934,decomp_qaoa,5,0.8333333333333334,M1_surface_unaware M2_aeb_unavailable M3_no_speed_cap M4_late_reaction M5_weak_brakes,,
scaling,200,31615935,random,5,0.8333333333333334,M1_surface_unaware M2_aeb_unavailable M3_no_speed_cap M4_late_reaction M5_weak_brakes,,
scaling,200,31615935,greedy,5,0.8333333333333334,M1_surface_unaware M2_aeb_unavailable M3_no_speed_cap M4_late_reaction M5_weak_brakes,,
scaling,200,31615935,sa,6,1.0,M1_surface_unaware M2_aeb_unavailable M3_no_speed_cap M4_late_reaction M5_weak_brakes M6_visibility_unaware,,
scaling,200,31615935,ga,6,1.0,M1_surface_unaware M2_aeb_unavailable M3_no_speed_cap M4_late_reaction M5_weak_brakes M6_visibility_unaware,,
scaling,200,31615935,decomp_exact,5,0.8333333333333334,M1_surface_unaware M2_aeb_unavailable M3_no_speed_cap M4_late_reaction M5_weak_brakes,,
scaling,200,31615935,decomp_qaoa,5,0.8333333333333334,M1_surface_unaware M2_aeb_unavailable M3_no_speed_cap M4_late_reaction M5_weak_brakes,,
scaling,200,31615936,random,6,1.0,M1_surface_unaware M2_aeb_unavailable M3_no_speed_cap M4_late_reaction M5_weak_brakes M6_visibility_unaware,,
scaling,200,31615936,greedy,5,0.8333333333333334,M1_surface_unaware M2_aeb_unavailable M3_no_speed_cap M4_late_reaction M5_weak_brakes,,
scaling,200,31615936,sa,5,0.8333333333333334,M1_surface_unaware M2_aeb_unavailable M3_no_speed_cap M4_late_reaction M5_weak_brakes,,
scaling,200,31615936,ga,5,0.8333333333333334,M1_surface_unaware M2_aeb_unavailable M3_no_speed_cap M4_late_reaction M5_weak_brakes,,
scaling,200,31615936,decomp_exact,5,0.8333333333333334,M1_surface_unaware M2_aeb_unavailable M3_no_speed_cap M4_late_reaction M5_weak_brakes,,
scaling,200,31615936,decomp_qaoa,5,0.8333333333333334,M1_surface_unaware M2_aeb_unavailable M3_no_speed_cap M4_late_reaction M5_weak_brakes,,
scaling,200,31615937,random,6,1.0,M1_surface_unaware M2_aeb_unavailable M3_no_speed_cap M4_late_reaction M5_weak_brakes M6_visibility_unaware,,
scaling,200,31615937,greedy,5,0.8333333333333334,M1_surface_unaware M2_aeb_unavailable M3_no_speed_cap M4_late_reaction M5_weak_brakes,,
scaling,200,31615937,sa,5,0.8333333333333334,M1_surface_unaware M2_aeb_unavailable M3_no_speed_cap M4_late_reaction M5_weak_brakes,,
scaling,200,31615937,ga,5,0.8333333333333334,M1_surface_unaware M2_aeb_unavailable M3_no_speed_cap M4_late_reaction M5_weak_brakes,,
scaling,200,31615937,decomp_exact,5,0.8333333333333334,M1_surface_unaware M2_aeb_unavailable M3_no_speed_cap M4_late_reaction M5_weak_brakes,,
scaling,200,31615937,decomp_qaoa,5,0.8333333333333334,M1_surface_unaware M2_aeb_unavailable M3_no_speed_cap M4_late_reaction M5_weak_brakes,,
scaling,200,31615938,random,5,0.8333333333333334,M1_surface_unaware M2_aeb_unavailable M3_no_speed_cap M4_late_reaction M5_weak_brakes,,
scaling,200,31615938,greedy,6,1.0,M1_surface_unaware M2_aeb_unavailable M3_no_speed_cap M4_late_reaction M5_weak_brakes M6_visibility_unaware,,
scaling,200,31615938,sa,5,0.8333333333333334,M1_surface_unaware M2_aeb_unavailable M3_no_speed_cap M4_late_reaction M5_weak_brakes,,
scaling,200,31615938,ga,5,0.8333333333333334,M1_surface_unaware M2_aeb_unavailable M3_no_speed_cap M4_late_reaction M5_weak_brakes,,
scaling,200,31615938,decomp_exact,6,1.0,M1_surface_unaware M2_aeb_unavailable M3_no_speed_cap M4_late_reaction M5_weak_brakes M6_visibility_unaware,,
scaling,200,31615938,decomp_qaoa,6,1.0,M1_surface_unaware M2_aeb_unavailable M3_no_speed_cap M4_late_reaction M5_weak_brakes M6_visibility_unaware,,
scaling,200,31615939,random,5,0.8333333333333334,M1_surface_unaware M2_aeb_unavailable M3_no_speed_cap M4_late_reaction M5_weak_brakes,,
scaling,200,31615939,greedy,6,1.0,M1_surface_unaware M2_aeb_unavailable M3_no_speed_cap M4_late_reaction M5_weak_brakes M6_visibility_unaware,,
scaling,200,31615939,sa,6,1.0,M1_surface_unaware M2_aeb_unavailable M3_no_speed_cap M4_late_reaction M5_weak_brakes M6_visibility_unaware,,
scaling,200,31615939,ga,5,0.8333333333333334,M1_surface_unaware M2_aeb_unavailable M3_no_speed_cap M4_late_reaction M5_weak_brakes,,
scaling,200,31615939,decomp_exact,6,1.0,M1_surface_unaware M2_aeb_unavailable M3_no_speed_cap M4_late_reaction M5_weak_brakes M6_visibility_unaware,,
scaling,200,31615939,decomp_qaoa,6,1.0,M1_surface_unaware M2_aeb_unavailable M3_no_speed_cap M4_late_reaction M5_weak_brakes M6_visibility_unaware,,
scaling,200,31615940,random,5,0.8333333333333334,M1_surface_unaware M2_aeb_unavailable M3_no_speed_cap M4_late_reaction M5_weak_brakes,,
scaling,200,31615940,greedy,5,0.8333333333333334,M1_surface_unaware M2_aeb_unavailable M3_no_speed_cap M4_late_reaction M5_weak_brakes,,
scaling,200,31615940,sa,6,1.0,M1_surface_unaware M2_aeb_unavailable M3_no_speed_cap M4_late_reaction M5_weak_brakes M6_visibility_unaware,,
scaling,200,31615940,ga,5,0.8333333333333334,M1_surface_unaware M2_aeb_unavailable M3_no_speed_cap M4_late_reaction M5_weak_brakes,,
scaling,200,31615940,decomp_exact,5,0.8333333333333334,M1_surface_unaware M2_aeb_unavailable M3_no_speed_cap M4_late_reaction M5_weak_brakes,,
scaling,200,31615940,decomp_qaoa,5,0.8333333333333334,M1_surface_unaware M2_aeb_unavailable M3_no_speed_cap M4_late_reaction M5_weak_brakes,,
scaling,200,31615941,random,4,0.6666666666666666,M1_surface_unaware M2_aeb_unavailable M4_late_reaction M5_weak_brakes,,
scaling,200,31615941,greedy,5,0.8333333333333334,M1_surface_unaware M2_aeb_unavailable M3_no_speed_cap M4_late_reaction M5_weak_brakes,,
scaling,200,31615941,sa,5,0.8333333333333334,M1_surface_unaware M2_aeb_unavailable M3_no_speed_cap M4_late_reaction M5_weak_brakes,,
scaling,200,31615941,ga,5,0.8333333333333334,M1_surface_unaware M2_aeb_unavailable M3_no_speed_cap M4_late_reaction M5_weak_brakes,,
scaling,200,31615941,decomp_exact,5,0.8333333333333334,M1_surface_unaware M2_aeb_unavailable M3_no_speed_cap M4_late_reaction M5_weak_brakes,,
scaling,200,31615941,decomp_qaoa,5,0.8333333333333334,M1_surface_unaware M2_aeb_unavailable M3_no_speed_cap M4_late_reaction M5_weak_brakes,,
scaling,200,31615942,random,4,0.6666666666666666,M1_surface_unaware M2_aeb_unavailable M4_late_reaction M5_weak_brakes,,
scaling,200,31615942,greedy,5,0.8333333333333334,M1_surface_unaware M2_aeb_unavailable M3_no_speed_cap M4_late_reaction M5_weak_brakes,,
scaling,200,31615942,sa,5,0.8333333333333334,M1_surface_unaware M2_aeb_unavailable M3_no_speed_cap M4_late_reaction M5_weak_brakes,,
scaling,200,31615942,ga,5,0.8333333333333334,M1_surface_unaware M2_aeb_unavailable M3_no_speed_cap M4_late_reaction M5_weak_brakes,,
scaling,200,31615942,decomp_exact,5,0.8333333333333334,M1_surface_unaware M2_aeb_unavailable M3_no_speed_cap M4_late_reaction M5_weak_brakes,,
scaling,200,31615942,decomp_qaoa,5,0.8333333333333334,M1_surface_unaware M2_aeb_unavailable M3_no_speed_cap M4_late_reaction M5_weak_brakes,,
scaling,200,31615943,random,5,0.8333333333333334,M1_surface_unaware M2_aeb_unavailable M3_no_speed_cap M4_late_reaction M5_weak_brakes,,
scaling,200,31615943,greedy,6,1.0,M1_surface_unaware M2_aeb_unavailable M3_no_speed_cap M4_late_reaction M5_weak_brakes M6_visibility_unaware,,
scaling,200,31615943,sa,6,1.0,M1_surface_unaware M2_aeb_unavailable M3_no_speed_cap M4_late_reaction M5_weak_brakes M6_visibility_unaware,,
scaling,200,31615943,ga,5,0.8333333333333334,M1_surface_unaware M2_aeb_unavailable M3_no_speed_cap M4_late_reaction M5_weak_brakes,,
scaling,200,31615943,decomp_exact,6,1.0,M1_surface_unaware M2_aeb_unavailable M3_no_speed_cap M4_late_reaction M5_weak_brakes M6_visibility_unaware,,
scaling,200,31615943,decomp_qaoa,6,1.0,M1_surface_unaware M2_aeb_unavailable M3_no_speed_cap M4_late_reaction M5_weak_brakes M6_visibility_unaware,,
scaling,200,31615944,random,5,0.8333333333333334,M1_surface_unaware M2_aeb_unavailable M3_no_speed_cap M4_late_reaction M5_weak_brakes,,
scaling,200,31615944,greedy,5,0.8333333333333334,M1_surface_unaware M2_aeb_unavailable M3_no_speed_cap M4_late_reaction M5_weak_brakes,,
scaling,200,31615944,sa,5,0.8333333333333334,M1_surface_unaware M2_aeb_unavailable M3_no_speed_cap M4_late_reaction M5_weak_brakes,,
scaling,200,31615944,ga,6,1.0,M1_surface_unaware M2_aeb_unavailable M3_no_speed_cap M4_late_reaction M5_weak_brakes M6_visibility_unaware,,
scaling,200,31615944,decomp_exact,5,0.8333333333333334,M1_surface_unaware M2_aeb_unavailable M3_no_speed_cap M4_late_reaction M5_weak_brakes,,
scaling,200,31615944,decomp_qaoa,5,0.8333333333333334,M1_surface_unaware M2_aeb_unavailable M3_no_speed_cap M4_late_reaction M5_weak_brakes,,
scaling,200,31615945,random,4,0.6666666666666666,M1_surface_unaware M2_aeb_unavailable M3_no_speed_cap M4_late_reaction,,
scaling,200,31615945,greedy,6,1.0,M1_surface_unaware M2_aeb_unavailable M3_no_speed_cap M4_late_reaction M5_weak_brakes M6_visibility_unaware,,
scaling,200,31615945,sa,5,0.8333333333333334,M1_surface_unaware M2_aeb_unavailable M3_no_speed_cap M4_late_reaction M5_weak_brakes,,
scaling,200,31615945,ga,6,1.0,M1_surface_unaware M2_aeb_unavailable M3_no_speed_cap M4_late_reaction M5_weak_brakes M6_visibility_unaware,,
scaling,200,31615945,decomp_exact,6,1.0,M1_surface_unaware M2_aeb_unavailable M3_no_speed_cap M4_late_reaction M5_weak_brakes M6_visibility_unaware,,
scaling,200,31615945,decomp_qaoa,6,1.0,M1_surface_unaware M2_aeb_unavailable M3_no_speed_cap M4_late_reaction M5_weak_brakes M6_visibility_unaware,,
scaling,200,31615946,random,6,1.0,M1_surface_unaware M2_aeb_unavailable M3_no_speed_cap M4_late_reaction M5_weak_brakes M6_visibility_unaware,,
scaling,200,31615946,greedy,5,0.8333333333333334,M1_surface_unaware M2_aeb_unavailable M3_no_speed_cap M4_late_reaction M5_weak_brakes,,
scaling,200,31615946,sa,6,1.0,M1_surface_unaware M2_aeb_unavailable M3_no_speed_cap M4_late_reaction M5_weak_brakes M6_visibility_unaware,,
scaling,200,31615946,ga,5,0.8333333333333334,M1_surface_unaware M2_aeb_unavailable M3_no_speed_cap M4_late_reaction M5_weak_brakes,,
scaling,200,31615946,decomp_exact,5,0.8333333333333334,M1_surface_unaware M2_aeb_unavailable M3_no_speed_cap M4_late_reaction M5_weak_brakes,,
scaling,200,31615946,decomp_qaoa,5,0.8333333333333334,M1_surface_unaware M2_aeb_unavailable M3_no_speed_cap M4_late_reaction M5_weak_brakes,,
scaling,200,31615947,random,5,0.8333333333333334,M1_surface_unaware M2_aeb_unavailable M3_no_speed_cap M4_late_reaction M5_weak_brakes,,
scaling,200,31615947,greedy,5,0.8333333333333334,M1_surface_unaware M2_aeb_unavailable M3_no_speed_cap M4_late_reaction M5_weak_brakes,,
scaling,200,31615947,sa,5,0.8333333333333334,M1_surface_unaware M2_aeb_unavailable M3_no_speed_cap M4_late_reaction M5_weak_brakes,,
scaling,200,31615947,ga,5,0.8333333333333334,M1_surface_unaware M2_aeb_unavailable M3_no_speed_cap M4_late_reaction M5_weak_brakes,,
scaling,200,31615947,decomp_exact,5,0.8333333333333334,M1_surface_unaware M2_aeb_unavailable M3_no_speed_cap M4_late_reaction M5_weak_brakes,,
scaling,200,31615947,decomp_qaoa,5,0.8333333333333334,M1_surface_unaware M2_aeb_unavailable M3_no_speed_cap M4_late_reaction M5_weak_brakes,,
scaling,200,31615948,random,5,0.8333333333333334,M1_surface_unaware M2_aeb_unavailable M3_no_speed_cap M4_late_reaction M5_weak_brakes,,
scaling,200,31615948,greedy,6,1.0,M1_surface_unaware M2_aeb_unavailable M3_no_speed_cap M4_late_reaction M5_weak_brakes M6_visibility_unaware,,
scaling,200,31615948,sa,6,1.0,M1_surface_unaware M2_aeb_unavailable M3_no_speed_cap M4_late_reaction M5_weak_brakes M6_visibility_unaware,,
scaling,200,31615948,ga,5,0.8333333333333334,M1_surface_unaware M2_aeb_unavailable M3_no_speed_cap M4_late_reaction M5_weak_brakes,,
scaling,200,31615948,decomp_exact,5,0.8333333333333334,M1_surface_unaware M2_aeb_unavailable M3_no_speed_cap M4_late_reaction M5_weak_brakes,,
scaling,200,31615948,decomp_qaoa,5,0.8333333333333334,M1_surface_unaware M2_aeb_unavailable M3_no_speed_cap M4_late_reaction M5_weak_brakes,,
scaling,200,31615949,random,5,0.8333333333333334,M1_surface_unaware M2_aeb_unavailable M3_no_speed_cap M4_late_reaction M5_weak_brakes,,
scaling,200,31615949,greedy,6,1.0,M1_surface_unaware M2_aeb_unavailable M3_no_speed_cap M4_late_reaction M5_weak_brakes M6_visibility_unaware,,
scaling,200,31615949,sa,6,1.0,M1_surface_unaware M2_aeb_unavailable M3_no_speed_cap M4_late_reaction M5_weak_brakes M6_visibility_unaware,,
scaling,200,31615949,ga,6,1.0,M1_surface_unaware M2_aeb_unavailable M3_no_speed_cap M4_late_reaction M5_weak_brakes M6_visibility_unaware,,
scaling,200,31615949,decomp_exact,6,1.0,M1_surface_unaware M2_aeb_unavailable M3_no_speed_cap M4_late_reaction M5_weak_brakes M6_visibility_unaware,,
scaling,200,31615949,decomp_qaoa,6,1.0,M1_surface_unaware M2_aeb_unavailable M3_no_speed_cap M4_late_reaction M5_weak_brakes M6_visibility_unaware,,
scaling,200,31615950,random,4,0.6666666666666666,M1_surface_unaware M2_aeb_unavailable M3_no_speed_cap M4_late_reaction,,
scaling,200,31615950,greedy,6,1.0,M1_surface_unaware M2_aeb_unavailable M3_no_speed_cap M4_late_reaction M5_weak_brakes M6_visibility_unaware,,
scaling,200,31615950,sa,5,0.8333333333333334,M1_surface_unaware M2_aeb_unavailable M3_no_speed_cap M4_late_reaction M5_weak_brakes,,
scaling,200,31615950,ga,5,0.8333333333333334,M1_surface_unaware M2_aeb_unavailable M3_no_speed_cap M4_late_reaction M5_weak_brakes,,
scaling,200,31615950,decomp_exact,5,0.8333333333333334,M1_surface_unaware M2_aeb_unavailable M3_no_speed_cap M4_late_reaction M5_weak_brakes,,
scaling,200,31615950,decomp_qaoa,5,0.8333333333333334,M1_surface_unaware M2_aeb_unavailable M3_no_speed_cap M4_late_reaction M5_weak_brakes,,
scaling,200,31615951,random,5,0.8333333333333334,M1_surface_unaware M2_aeb_unavailable M3_no_speed_cap M4_late_reaction M5_weak_brakes,,
scaling,200,31615951,greedy,5,0.8333333333333334,M1_surface_unaware M2_aeb_unavailable M3_no_speed_cap M4_late_reaction M5_weak_brakes,,
scaling,200,31615951,sa,6,1.0,M1_surface_unaware M2_aeb_unavailable M3_no_speed_cap M4_late_reaction M5_weak_brakes M6_visibility_unaware,,
scaling,200,31615951,ga,5,0.8333333333333334,M1_surface_unaware M2_aeb_unavailable M3_no_speed_cap M4_late_reaction M5_weak_brakes,,
scaling,200,31615951,decomp_exact,5,0.8333333333333334,M1_surface_unaware M2_aeb_unavailable M3_no_speed_cap M4_late_reaction M5_weak_brakes,,
scaling,200,31615951,decomp_qaoa,5,0.8333333333333334,M1_surface_unaware M2_aeb_unavailable M3_no_speed_cap M4_late_reaction M5_weak_brakes,,
scaling,200,31615952,random,6,1.0,M1_surface_unaware M2_aeb_unavailable M3_no_speed_cap M4_late_reaction M5_weak_brakes M6_visibility_unaware,,
scaling,200,31615952,greedy,5,0.8333333333333334,M1_surface_unaware M2_aeb_unavailable M3_no_speed_cap M4_late_reaction M5_weak_brakes,,
scaling,200,31615952,sa,5,0.8333333333333334,M1_surface_unaware M2_aeb_unavailable M3_no_speed_cap M4_late_reaction M5_weak_brakes,,
scaling,200,31615952,ga,5,0.8333333333333334,M1_surface_unaware M2_aeb_unavailable M3_no_speed_cap M4_late_reaction M5_weak_brakes,,
scaling,200,31615952,decomp_exact,5,0.8333333333333334,M1_surface_unaware M2_aeb_unavailable M3_no_speed_cap M4_late_reaction M5_weak_brakes,,
scaling,200,31615952,decomp_qaoa,5,0.8333333333333334,M1_surface_unaware M2_aeb_unavailable M3_no_speed_cap M4_late_reaction M5_weak_brakes,,
scaling,200,31615953,random,6,1.0,M1_surface_unaware M2_aeb_unavailable M3_no_speed_cap M4_late_reaction M5_weak_brakes M6_visibility_unaware,,
scaling,200,31615953,greedy,6,1.0,M1_surface_unaware M2_aeb_unavailable M3_no_speed_cap M4_late_reaction M5_weak_brakes M6_visibility_unaware,,
scaling,200,31615953,sa,5,0.8333333333333334,M1_surface_unaware M2_aeb_unavailable M3_no_speed_cap M4_late_reaction M5_weak_brakes,,
scaling,200,31615953,ga,6,1.0,M1_surface_unaware M2_aeb_unavailable M3_no_speed_cap M4_late_reaction M5_weak_brakes M6_visibility_unaware,,
scaling,200,31615953,decomp_exact,6,1.0,M1_surface_unaware M2_aeb_unavailable M3_no_speed_cap M4_late_reaction M5_weak_brakes M6_visibility_unaware,,
scaling,200,31615953,decomp_qaoa,6,1.0,M1_surface_unaware M2_aeb_unavailable M3_no_speed_cap M4_late_reaction M5_weak_brakes M6_visibility_unaware,,
scaling,200,31615954,random,6,1.0,M1_surface_unaware M2_aeb_unavailable M3_no_speed_cap M4_late_reaction M5_weak_brakes M6_visibility_unaware,,
scaling,200,31615954,greedy,5,0.8333333333333334,M1_surface_unaware M2_aeb_unavailable M3_no_speed_cap M4_late_reaction M5_weak_brakes,,
scaling,200,31615954,sa,5,0.8333333333333334,M1_surface_unaware M2_aeb_unavailable M3_no_speed_cap M4_late_reaction M5_weak_brakes,,
scaling,200,31615954,ga,6,1.0,M1_surface_unaware M2_aeb_unavailable M3_no_speed_cap M4_late_reaction M5_weak_brakes M6_visibility_unaware,,
scaling,200,31615954,decomp_exact,5,0.8333333333333334,M1_surface_unaware M2_aeb_unavailable M3_no_speed_cap M4_late_reaction M5_weak_brakes,,
scaling,200,31615954,decomp_qaoa,5,0.8333333333333334,M1_surface_unaware M2_aeb_unavailable M3_no_speed_cap M4_late_reaction M5_weak_brakes,,
scaling,200,31615955,random,4,0.6666666666666666,M1_surface_unaware M2_aeb_unavailable M4_late_reaction M5_weak_brakes,,
scaling,200,31615955,greedy,6,1.0,M1_surface_unaware M2_aeb_unavailable M3_no_speed_cap M4_late_reaction M5_weak_brakes M6_visibility_unaware,,
scaling,200,31615955,sa,6,1.0,M1_surface_unaware M2_aeb_unavailable M3_no_speed_cap M4_late_reaction M5_weak_brakes M6_visibility_unaware,,
scaling,200,31615955,ga,5,0.8333333333333334,M1_surface_unaware M2_aeb_unavailable M3_no_speed_cap M4_late_reaction M5_weak_brakes,,
scaling,200,31615955,decomp_exact,6,1.0,M1_surface_unaware M2_aeb_unavailable M3_no_speed_cap M4_late_reaction M5_weak_brakes M6_visibility_unaware,,
scaling,200,31615955,decomp_qaoa,6,1.0,M1_surface_unaware M2_aeb_unavailable M3_no_speed_cap M4_late_reaction M5_weak_brakes M6_visibility_unaware,,
change,16,55566000,keep_old,5,0.8333333333333334,M1_surface_unaware M2_aeb_unavailable M3_no_speed_cap M4_late_reaction M5_weak_brakes,CH1,
change,16,55566000,full_exact,5,0.8333333333333334,M1_surface_unaware M2_aeb_unavailable M3_no_speed_cap M4_late_reaction M5_weak_brakes,CH1,
change,16,55566000,aware_exact,5,0.8333333333333334,M1_surface_unaware M2_aeb_unavailable M3_no_speed_cap M4_late_reaction M5_weak_brakes,CH1,
change,16,55566000,aware_qaoa,5,0.8333333333333334,M1_surface_unaware M2_aeb_unavailable M3_no_speed_cap M4_late_reaction M5_weak_brakes,CH1,
change,16,55566000,full_qaoa,5,0.8333333333333334,M1_surface_unaware M2_aeb_unavailable M3_no_speed_cap M4_late_reaction M5_weak_brakes,CH1,
change,16,55566000,keep_old,5,0.8333333333333334,M1_surface_unaware M2_aeb_unavailable M3_no_speed_cap M4_late_reaction M5_weak_brakes,CH2,
change,16,55566000,full_exact,5,0.8333333333333334,M1_surface_unaware M2_aeb_unavailable M3_no_speed_cap M4_late_reaction M5_weak_brakes,CH2,
change,16,55566000,aware_exact,5,0.8333333333333334,M1_surface_unaware M2_aeb_unavailable M3_no_speed_cap M4_late_reaction M5_weak_brakes,CH2,
change,16,55566000,aware_qaoa,5,0.8333333333333334,M1_surface_unaware M2_aeb_unavailable M3_no_speed_cap M4_late_reaction M5_weak_brakes,CH2,
change,16,55566000,full_qaoa,5,0.8333333333333334,M1_surface_unaware M2_aeb_unavailable M3_no_speed_cap M4_late_reaction M5_weak_brakes,CH2,
change,16,55566000,keep_old,5,0.8333333333333334,M1_surface_unaware M2_aeb_unavailable M3_no_speed_cap M4_late_reaction M5_weak_brakes,CH3,
change,16,55566000,full_exact,5,0.8333333333333334,M1_surface_unaware M2_aeb_unavailable M3_no_speed_cap M4_late_reaction M5_weak_brakes,CH3,
change,16,55566000,aware_exact,5,0.8333333333333334,M1_surface_unaware M2_aeb_unavailable M3_no_speed_cap M4_late_reaction M5_weak_brakes,CH3,
change,16,55566000,aware_qaoa,5,0.8333333333333334,M1_surface_unaware M2_aeb_unavailable M3_no_speed_cap M4_late_reaction M5_weak_brakes,CH3,
change,16,55566000,full_qaoa,5,0.8333333333333334,M1_surface_unaware M2_aeb_unavailable M3_no_speed_cap M4_late_reaction M5_weak_brakes,CH3,
change,16,55566000,keep_old,5,0.8333333333333334,M1_surface_unaware M2_aeb_unavailable M3_no_speed_cap M4_late_reaction M5_weak_brakes,CH4,
change,16,55566000,full_exact,5,0.8333333333333334,M1_surface_unaware M2_aeb_unavailable M3_no_speed_cap M4_late_reaction M5_weak_brakes,CH4,
change,16,55566000,aware_exact,5,0.8333333333333334,M1_surface_unaware M2_aeb_unavailable M3_no_speed_cap M4_late_reaction M5_weak_brakes,CH4,
change,16,55566000,aware_qaoa,5,0.8333333333333334,M1_surface_unaware M2_aeb_unavailable M3_no_speed_cap M4_late_reaction M5_weak_brakes,CH4,
change,16,55566000,full_qaoa,5,0.8333333333333334,M1_surface_unaware M2_aeb_unavailable M3_no_speed_cap M4_late_reaction M5_weak_brakes,CH4,
change,16,55566000,keep_old,5,0.8333333333333334,M1_surface_unaware M2_aeb_unavailable M3_no_speed_cap M4_late_reaction M5_weak_brakes,CH5,
change,16,55566000,full_exact,5,0.8333333333333334,M1_surface_unaware M2_aeb_unavailable M3_no_speed_cap M4_late_reaction M5_weak_brakes,CH5,
change,16,55566000,aware_exact,5,0.8333333333333334,M1_surface_unaware M2_aeb_unavailable M3_no_speed_cap M4_late_reaction M5_weak_brakes,CH5,
change,16,55566000,aware_qaoa,5,0.8333333333333334,M1_surface_unaware M2_aeb_unavailable M3_no_speed_cap M4_late_reaction M5_weak_brakes,CH5,
change,16,55566000,full_qaoa,5,0.8333333333333334,M1_surface_unaware M2_aeb_unavailable M3_no_speed_cap M4_late_reaction M5_weak_brakes,CH5,
change,16,55566000,keep_old,5,0.8333333333333334,M1_surface_unaware M2_aeb_unavailable M3_no_speed_cap M4_late_reaction M5_weak_brakes,CH6,
change,16,55566000,full_exact,5,0.8333333333333334,M1_surface_unaware M2_aeb_unavailable M3_no_speed_cap M4_late_reaction M5_weak_brakes,CH6,
change,16,55566000,aware_exact,5,0.8333333333333334,M1_surface_unaware M2_aeb_unavailable M3_no_speed_cap M4_late_reaction M5_weak_brakes,CH6,
change,16,55566000,aware_qaoa,5,0.8333333333333334,M1_surface_unaware M2_aeb_unavailable M3_no_speed_cap M4_late_reaction M5_weak_brakes,CH6,
change,16,55566000,full_qaoa,5,0.8333333333333334,M1_surface_unaware M2_aeb_unavailable M3_no_speed_cap M4_late_reaction M5_weak_brakes,CH6,
change,16,55566001,keep_old,5,0.8333333333333334,M1_surface_unaware M2_aeb_unavailable M3_no_speed_cap M4_late_reaction M5_weak_brakes,CH1,
change,16,55566001,full_exact,5,0.8333333333333334,M1_surface_unaware M2_aeb_unavailable M3_no_speed_cap M4_late_reaction M5_weak_brakes,CH1,
change,16,55566001,aware_exact,5,0.8333333333333334,M1_surface_unaware M2_aeb_unavailable M3_no_speed_cap M4_late_reaction M5_weak_brakes,CH1,
change,16,55566001,aware_qaoa,5,0.8333333333333334,M1_surface_unaware M2_aeb_unavailable M3_no_speed_cap M4_late_reaction M5_weak_brakes,CH1,
change,16,55566001,full_qaoa,5,0.8333333333333334,M1_surface_unaware M2_aeb_unavailable M3_no_speed_cap M4_late_reaction M5_weak_brakes,CH1,
change,16,55566001,keep_old,5,0.8333333333333334,M1_surface_unaware M2_aeb_unavailable M3_no_speed_cap M4_late_reaction M5_weak_brakes,CH2,
change,16,55566001,full_exact,5,0.8333333333333334,M1_surface_unaware M2_aeb_unavailable M3_no_speed_cap M4_late_reaction M5_weak_brakes,CH2,
change,16,55566001,aware_exact,5,0.8333333333333334,M1_surface_unaware M2_aeb_unavailable M3_no_speed_cap M4_late_reaction M5_weak_brakes,CH2,
change,16,55566001,aware_qaoa,5,0.8333333333333334,M1_surface_unaware M2_aeb_unavailable M3_no_speed_cap M4_late_reaction M5_weak_brakes,CH2,
change,16,55566001,full_qaoa,5,0.8333333333333334,M1_surface_unaware M2_aeb_unavailable M3_no_speed_cap M4_late_reaction M5_weak_brakes,CH2,
change,16,55566001,keep_old,5,0.8333333333333334,M1_surface_unaware M2_aeb_unavailable M3_no_speed_cap M4_late_reaction M5_weak_brakes,CH3,
change,16,55566001,full_exact,5,0.8333333333333334,M1_surface_unaware M2_aeb_unavailable M3_no_speed_cap M4_late_reaction M5_weak_brakes,CH3,
change,16,55566001,aware_exact,5,0.8333333333333334,M1_surface_unaware M2_aeb_unavailable M3_no_speed_cap M4_late_reaction M5_weak_brakes,CH3,
change,16,55566001,aware_qaoa,5,0.8333333333333334,M1_surface_unaware M2_aeb_unavailable M3_no_speed_cap M4_late_reaction M5_weak_brakes,CH3,
change,16,55566001,full_qaoa,5,0.8333333333333334,M1_surface_unaware M2_aeb_unavailable M3_no_speed_cap M4_late_reaction M5_weak_brakes,CH3,
change,16,55566001,keep_old,5,0.8333333333333334,M1_surface_unaware M2_aeb_unavailable M3_no_speed_cap M4_late_reaction M5_weak_brakes,CH4,
change,16,55566001,full_exact,5,0.8333333333333334,M1_surface_unaware M2_aeb_unavailable M3_no_speed_cap M4_late_reaction M5_weak_brakes,CH4,
change,16,55566001,aware_exact,5,0.8333333333333334,M1_surface_unaware M2_aeb_unavailable M3_no_speed_cap M4_late_reaction M5_weak_brakes,CH4,
change,16,55566001,aware_qaoa,5,0.8333333333333334,M1_surface_unaware M2_aeb_unavailable M3_no_speed_cap M4_late_reaction M5_weak_brakes,CH4,
change,16,55566001,full_qaoa,5,0.8333333333333334,M1_surface_unaware M2_aeb_unavailable M3_no_speed_cap M4_late_reaction M5_weak_brakes,CH4,
change,16,55566001,keep_old,5,0.8333333333333334,M1_surface_unaware M2_aeb_unavailable M3_no_speed_cap M4_late_reaction M5_weak_brakes,CH5,
change,16,55566001,full_exact,5,0.8333333333333334,M1_surface_unaware M2_aeb_unavailable M3_no_speed_cap M4_late_reaction M5_weak_brakes,CH5,
change,16,55566001,aware_exact,5,0.8333333333333334,M1_surface_unaware M2_aeb_unavailable M3_no_speed_cap M4_late_reaction M5_weak_brakes,CH5,
change,16,55566001,aware_qaoa,5,0.8333333333333334,M1_surface_unaware M2_aeb_unavailable M3_no_speed_cap M4_late_reaction M5_weak_brakes,CH5,
change,16,55566001,full_qaoa,5,0.8333333333333334,M1_surface_unaware M2_aeb_unavailable M3_no_speed_cap M4_late_reaction M5_weak_brakes,CH5,
change,16,55566001,keep_old,5,0.8333333333333334,M1_surface_unaware M2_aeb_unavailable M3_no_speed_cap M4_late_reaction M5_weak_brakes,CH6,
change,16,55566001,full_exact,5,0.8333333333333334,M1_surface_unaware M2_aeb_unavailable M3_no_speed_cap M4_late_reaction M5_weak_brakes,CH6,
change,16,55566001,aware_exact,5,0.8333333333333334,M1_surface_unaware M2_aeb_unavailable M3_no_speed_cap M4_late_reaction M5_weak_brakes,CH6,
change,16,55566001,aware_qaoa,6,1.0,M1_surface_unaware M2_aeb_unavailable M3_no_speed_cap M4_late_reaction M5_weak_brakes M6_visibility_unaware,CH6,
change,16,55566001,full_qaoa,5,0.8333333333333334,M1_surface_unaware M2_aeb_unavailable M3_no_speed_cap M4_late_reaction M5_weak_brakes,CH6,
change,16,55566002,keep_old,5,0.8333333333333334,M1_surface_unaware M2_aeb_unavailable M3_no_speed_cap M4_late_reaction M5_weak_brakes,CH1,
change,16,55566002,full_exact,5,0.8333333333333334,M1_surface_unaware M2_aeb_unavailable M3_no_speed_cap M4_late_reaction M5_weak_brakes,CH1,
change,16,55566002,aware_exact,5,0.8333333333333334,M1_surface_unaware M2_aeb_unavailable M3_no_speed_cap M4_late_reaction M5_weak_brakes,CH1,
change,16,55566002,aware_qaoa,5,0.8333333333333334,M1_surface_unaware M2_aeb_unavailable M3_no_speed_cap M4_late_reaction M5_weak_brakes,CH1,
change,16,55566002,full_qaoa,5,0.8333333333333334,M1_surface_unaware M2_aeb_unavailable M3_no_speed_cap M4_late_reaction M5_weak_brakes,CH1,
change,16,55566002,keep_old,5,0.8333333333333334,M1_surface_unaware M2_aeb_unavailable M3_no_speed_cap M4_late_reaction M5_weak_brakes,CH2,
change,16,55566002,full_exact,5,0.8333333333333334,M1_surface_unaware M2_aeb_unavailable M3_no_speed_cap M4_late_reaction M5_weak_brakes,CH2,
change,16,55566002,aware_exact,5,0.8333333333333334,M1_surface_unaware M2_aeb_unavailable M3_no_speed_cap M4_late_reaction M5_weak_brakes,CH2,
change,16,55566002,aware_qaoa,5,0.8333333333333334,M1_surface_unaware M2_aeb_unavailable M3_no_speed_cap M4_late_reaction M5_weak_brakes,CH2,
change,16,55566002,full_qaoa,5,0.8333333333333334,M1_surface_unaware M2_aeb_unavailable M3_no_speed_cap M4_late_reaction M5_weak_brakes,CH2,
change,16,55566002,keep_old,5,0.8333333333333334,M1_surface_unaware M2_aeb_unavailable M3_no_speed_cap M4_late_reaction M5_weak_brakes,CH3,
change,16,55566002,full_exact,5,0.8333333333333334,M1_surface_unaware M2_aeb_unavailable M3_no_speed_cap M4_late_reaction M5_weak_brakes,CH3,
change,16,55566002,aware_exact,5,0.8333333333333334,M1_surface_unaware M2_aeb_unavailable M3_no_speed_cap M4_late_reaction M5_weak_brakes,CH3,
change,16,55566002,aware_qaoa,5,0.8333333333333334,M1_surface_unaware M2_aeb_unavailable M3_no_speed_cap M4_late_reaction M5_weak_brakes,CH3,
change,16,55566002,full_qaoa,5,0.8333333333333334,M1_surface_unaware M2_aeb_unavailable M3_no_speed_cap M4_late_reaction M5_weak_brakes,CH3,
change,16,55566002,keep_old,5,0.8333333333333334,M1_surface_unaware M2_aeb_unavailable M3_no_speed_cap M4_late_reaction M5_weak_brakes,CH4,
change,16,55566002,full_exact,5,0.8333333333333334,M1_surface_unaware M2_aeb_unavailable M3_no_speed_cap M4_late_reaction M5_weak_brakes,CH4,
change,16,55566002,aware_exact,5,0.8333333333333334,M1_surface_unaware M2_aeb_unavailable M3_no_speed_cap M4_late_reaction M5_weak_brakes,CH4,
change,16,55566002,aware_qaoa,5,0.8333333333333334,M1_surface_unaware M2_aeb_unavailable M3_no_speed_cap M4_late_reaction M5_weak_brakes,CH4,
change,16,55566002,full_qaoa,5,0.8333333333333334,M1_surface_unaware M2_aeb_unavailable M3_no_speed_cap M4_late_reaction M5_weak_brakes,CH4,
change,16,55566002,keep_old,5,0.8333333333333334,M1_surface_unaware M2_aeb_unavailable M3_no_speed_cap M4_late_reaction M5_weak_brakes,CH5,
change,16,55566002,full_exact,5,0.8333333333333334,M1_surface_unaware M2_aeb_unavailable M3_no_speed_cap M4_late_reaction M5_weak_brakes,CH5,
change,16,55566002,aware_exact,5,0.8333333333333334,M1_surface_unaware M2_aeb_unavailable M3_no_speed_cap M4_late_reaction M5_weak_brakes,CH5,
change,16,55566002,aware_qaoa,5,0.8333333333333334,M1_surface_unaware M2_aeb_unavailable M3_no_speed_cap M4_late_reaction M5_weak_brakes,CH5,
change,16,55566002,full_qaoa,5,0.8333333333333334,M1_surface_unaware M2_aeb_unavailable M3_no_speed_cap M4_late_reaction M5_weak_brakes,CH5,
change,16,55566002,keep_old,5,0.8333333333333334,M1_surface_unaware M2_aeb_unavailable M3_no_speed_cap M4_late_reaction M5_weak_brakes,CH6,
change,16,55566002,full_exact,5,0.8333333333333334,M1_surface_unaware M2_aeb_unavailable M3_no_speed_cap M4_late_reaction M5_weak_brakes,CH6,
change,16,55566002,aware_exact,5,0.8333333333333334,M1_surface_unaware M2_aeb_unavailable M3_no_speed_cap M4_late_reaction M5_weak_brakes,CH6,
change,16,55566002,aware_qaoa,5,0.8333333333333334,M1_surface_unaware M2_aeb_unavailable M3_no_speed_cap M4_late_reaction M5_weak_brakes,CH6,
change,16,55566002,full_qaoa,5,0.8333333333333334,M1_surface_unaware M2_aeb_unavailable M3_no_speed_cap M4_late_reaction M5_weak_brakes,CH6,
change,16,55566003,keep_old,5,0.8333333333333334,M1_surface_unaware M2_aeb_unavailable M3_no_speed_cap M4_late_reaction M5_weak_brakes,CH1,
change,16,55566003,full_exact,5,0.8333333333333334,M1_surface_unaware M2_aeb_unavailable M3_no_speed_cap M4_late_reaction M5_weak_brakes,CH1,
change,16,55566003,aware_exact,5,0.8333333333333334,M1_surface_unaware M2_aeb_unavailable M3_no_speed_cap M4_late_reaction M5_weak_brakes,CH1,
change,16,55566003,aware_qaoa,5,0.8333333333333334,M1_surface_unaware M2_aeb_unavailable M3_no_speed_cap M4_late_reaction M5_weak_brakes,CH1,
change,16,55566003,full_qaoa,5,0.8333333333333334,M1_surface_unaware M2_aeb_unavailable M3_no_speed_cap M4_late_reaction M5_weak_brakes,CH1,
change,16,55566003,keep_old,5,0.8333333333333334,M1_surface_unaware M2_aeb_unavailable M3_no_speed_cap M4_late_reaction M5_weak_brakes,CH2,
change,16,55566003,full_exact,5,0.8333333333333334,M1_surface_unaware M2_aeb_unavailable M3_no_speed_cap M4_late_reaction M5_weak_brakes,CH2,
change,16,55566003,aware_exact,5,0.8333333333333334,M1_surface_unaware M2_aeb_unavailable M3_no_speed_cap M4_late_reaction M5_weak_brakes,CH2,
change,16,55566003,aware_qaoa,5,0.8333333333333334,M1_surface_unaware M2_aeb_unavailable M3_no_speed_cap M4_late_reaction M5_weak_brakes,CH2,
change,16,55566003,full_qaoa,5,0.8333333333333334,M1_surface_unaware M2_aeb_unavailable M3_no_speed_cap M4_late_reaction M5_weak_brakes,CH2,
change,16,55566003,keep_old,5,0.8333333333333334,M1_surface_unaware M2_aeb_unavailable M3_no_speed_cap M4_late_reaction M5_weak_brakes,CH3,
change,16,55566003,full_exact,5,0.8333333333333334,M1_surface_unaware M2_aeb_unavailable M3_no_speed_cap M4_late_reaction M5_weak_brakes,CH3,
change,16,55566003,aware_exact,5,0.8333333333333334,M1_surface_unaware M2_aeb_unavailable M3_no_speed_cap M4_late_reaction M5_weak_brakes,CH3,
change,16,55566003,aware_qaoa,5,0.8333333333333334,M1_surface_unaware M2_aeb_unavailable M3_no_speed_cap M4_late_reaction M5_weak_brakes,CH3,
change,16,55566003,full_qaoa,5,0.8333333333333334,M1_surface_unaware M2_aeb_unavailable M3_no_speed_cap M4_late_reaction M5_weak_brakes,CH3,
change,16,55566003,keep_old,5,0.8333333333333334,M1_surface_unaware M2_aeb_unavailable M3_no_speed_cap M4_late_reaction M5_weak_brakes,CH4,
change,16,55566003,full_exact,5,0.8333333333333334,M1_surface_unaware M2_aeb_unavailable M3_no_speed_cap M4_late_reaction M5_weak_brakes,CH4,
change,16,55566003,aware_exact,5,0.8333333333333334,M1_surface_unaware M2_aeb_unavailable M3_no_speed_cap M4_late_reaction M5_weak_brakes,CH4,
change,16,55566003,aware_qaoa,5,0.8333333333333334,M1_surface_unaware M2_aeb_unavailable M3_no_speed_cap M4_late_reaction M5_weak_brakes,CH4,
change,16,55566003,full_qaoa,5,0.8333333333333334,M1_surface_unaware M2_aeb_unavailable M3_no_speed_cap M4_late_reaction M5_weak_brakes,CH4,
change,16,55566003,keep_old,5,0.8333333333333334,M1_surface_unaware M2_aeb_unavailable M3_no_speed_cap M4_late_reaction M5_weak_brakes,CH5,
change,16,55566003,full_exact,5,0.8333333333333334,M1_surface_unaware M2_aeb_unavailable M3_no_speed_cap M4_late_reaction M5_weak_brakes,CH5,
change,16,55566003,aware_exact,5,0.8333333333333334,M1_surface_unaware M2_aeb_unavailable M3_no_speed_cap M4_late_reaction M5_weak_brakes,CH5,
change,16,55566003,aware_qaoa,5,0.8333333333333334,M1_surface_unaware M2_aeb_unavailable M3_no_speed_cap M4_late_reaction M5_weak_brakes,CH5,
change,16,55566003,full_qaoa,5,0.8333333333333334,M1_surface_unaware M2_aeb_unavailable M3_no_speed_cap M4_late_reaction M5_weak_brakes,CH5,
change,16,55566003,keep_old,5,0.8333333333333334,M1_surface_unaware M2_aeb_unavailable M3_no_speed_cap M4_late_reaction M5_weak_brakes,CH6,
change,16,55566003,full_exact,5,0.8333333333333334,M1_surface_unaware M2_aeb_unavailable M3_no_speed_cap M4_late_reaction M5_weak_brakes,CH6,
change,16,55566003,aware_exact,5,0.8333333333333334,M1_surface_unaware M2_aeb_unavailable M3_no_speed_cap M4_late_reaction M5_weak_brakes,CH6,
change,16,55566003,aware_qaoa,5,0.8333333333333334,M1_surface_unaware M2_aeb_unavailable M3_no_speed_cap M4_late_reaction M5_weak_brakes,CH6,
change,16,55566003,full_qaoa,5,0.8333333333333334,M1_surface_unaware M2_aeb_unavailable M3_no_speed_cap M4_late_reaction M5_weak_brakes,CH6,
change,16,55566004,keep_old,4,0.6666666666666666,M1_surface_unaware M2_aeb_unavailable M3_no_speed_cap M4_late_reaction,CH1,
change,16,55566004,full_exact,6,1.0,M1_surface_unaware M2_aeb_unavailable M3_no_speed_cap M4_late_reaction M5_weak_brakes M6_visibility_unaware,CH1,
change,16,55566004,aware_exact,4,0.6666666666666666,M1_surface_unaware M2_aeb_unavailable M3_no_speed_cap M4_late_reaction,CH1,
change,16,55566004,aware_qaoa,5,0.8333333333333334,M1_surface_unaware M2_aeb_unavailable M3_no_speed_cap M4_late_reaction M6_visibility_unaware,CH1,
change,16,55566004,full_qaoa,6,1.0,M1_surface_unaware M2_aeb_unavailable M3_no_speed_cap M4_late_reaction M5_weak_brakes M6_visibility_unaware,CH1,
change,16,55566004,keep_old,4,0.6666666666666666,M1_surface_unaware M2_aeb_unavailable M3_no_speed_cap M4_late_reaction,CH2,
change,16,55566004,full_exact,6,1.0,M1_surface_unaware M2_aeb_unavailable M3_no_speed_cap M4_late_reaction M5_weak_brakes M6_visibility_unaware,CH2,
change,16,55566004,aware_exact,4,0.6666666666666666,M1_surface_unaware M2_aeb_unavailable M3_no_speed_cap M4_late_reaction,CH2,
change,16,55566004,aware_qaoa,3,0.5,M1_surface_unaware M3_no_speed_cap M4_late_reaction,CH2,
change,16,55566004,full_qaoa,6,1.0,M1_surface_unaware M2_aeb_unavailable M3_no_speed_cap M4_late_reaction M5_weak_brakes M6_visibility_unaware,CH2,
change,16,55566004,keep_old,4,0.6666666666666666,M1_surface_unaware M2_aeb_unavailable M3_no_speed_cap M4_late_reaction,CH3,
change,16,55566004,full_exact,6,1.0,M1_surface_unaware M2_aeb_unavailable M3_no_speed_cap M4_late_reaction M5_weak_brakes M6_visibility_unaware,CH3,
change,16,55566004,aware_exact,4,0.6666666666666666,M1_surface_unaware M2_aeb_unavailable M3_no_speed_cap M4_late_reaction,CH3,
change,16,55566004,aware_qaoa,4,0.6666666666666666,M1_surface_unaware M2_aeb_unavailable M3_no_speed_cap M4_late_reaction,CH3,
change,16,55566004,full_qaoa,6,1.0,M1_surface_unaware M2_aeb_unavailable M3_no_speed_cap M4_late_reaction M5_weak_brakes M6_visibility_unaware,CH3,
change,16,55566004,keep_old,4,0.6666666666666666,M1_surface_unaware M2_aeb_unavailable M3_no_speed_cap M4_late_reaction,CH4,
change,16,55566004,full_exact,6,1.0,M1_surface_unaware M2_aeb_unavailable M3_no_speed_cap M4_late_reaction M5_weak_brakes M6_visibility_unaware,CH4,
change,16,55566004,aware_exact,4,0.6666666666666666,M1_surface_unaware M2_aeb_unavailable M3_no_speed_cap M4_late_reaction,CH4,
change,16,55566004,aware_qaoa,3,0.5,M1_surface_unaware M3_no_speed_cap M4_late_reaction,CH4,
change,16,55566004,full_qaoa,6,1.0,M1_surface_unaware M2_aeb_unavailable M3_no_speed_cap M4_late_reaction M5_weak_brakes M6_visibility_unaware,CH4,
change,16,55566004,keep_old,4,0.6666666666666666,M1_surface_unaware M2_aeb_unavailable M3_no_speed_cap M4_late_reaction,CH5,
change,16,55566004,full_exact,6,1.0,M1_surface_unaware M2_aeb_unavailable M3_no_speed_cap M4_late_reaction M5_weak_brakes M6_visibility_unaware,CH5,
change,16,55566004,aware_exact,4,0.6666666666666666,M1_surface_unaware M2_aeb_unavailable M3_no_speed_cap M4_late_reaction,CH5,
change,16,55566004,aware_qaoa,6,1.0,M1_surface_unaware M2_aeb_unavailable M3_no_speed_cap M4_late_reaction M5_weak_brakes M6_visibility_unaware,CH5,
change,16,55566004,full_qaoa,6,1.0,M1_surface_unaware M2_aeb_unavailable M3_no_speed_cap M4_late_reaction M5_weak_brakes M6_visibility_unaware,CH5,
change,16,55566004,keep_old,4,0.6666666666666666,M1_surface_unaware M2_aeb_unavailable M3_no_speed_cap M4_late_reaction,CH6,
change,16,55566004,full_exact,6,1.0,M1_surface_unaware M2_aeb_unavailable M3_no_speed_cap M4_late_reaction M5_weak_brakes M6_visibility_unaware,CH6,
change,16,55566004,aware_exact,4,0.6666666666666666,M1_surface_unaware M2_aeb_unavailable M3_no_speed_cap M4_late_reaction,CH6,
change,16,55566004,aware_qaoa,5,0.8333333333333334,M1_surface_unaware M2_aeb_unavailable M3_no_speed_cap M4_late_reaction M6_visibility_unaware,CH6,
change,16,55566004,full_qaoa,6,1.0,M1_surface_unaware M2_aeb_unavailable M3_no_speed_cap M4_late_reaction M5_weak_brakes M6_visibility_unaware,CH6,
change,16,55566005,keep_old,5,0.8333333333333334,M1_surface_unaware M2_aeb_unavailable M3_no_speed_cap M4_late_reaction M5_weak_brakes,CH1,
change,16,55566005,full_exact,6,1.0,M1_surface_unaware M2_aeb_unavailable M3_no_speed_cap M4_late_reaction M5_weak_brakes M6_visibility_unaware,CH1,
change,16,55566005,aware_exact,6,1.0,M1_surface_unaware M2_aeb_unavailable M3_no_speed_cap M4_late_reaction M5_weak_brakes M6_visibility_unaware,CH1,
change,16,55566005,aware_qaoa,6,1.0,M1_surface_unaware M2_aeb_unavailable M3_no_speed_cap M4_late_reaction M5_weak_brakes M6_visibility_unaware,CH1,
change,16,55566005,full_qaoa,5,0.8333333333333334,M1_surface_unaware M2_aeb_unavailable M3_no_speed_cap M4_late_reaction M5_weak_brakes,CH1,
change,16,55566005,keep_old,5,0.8333333333333334,M1_surface_unaware M2_aeb_unavailable M3_no_speed_cap M4_late_reaction M5_weak_brakes,CH2,
change,16,55566005,full_exact,5,0.8333333333333334,M1_surface_unaware M2_aeb_unavailable M3_no_speed_cap M4_late_reaction M5_weak_brakes,CH2,
change,16,55566005,aware_exact,5,0.8333333333333334,M1_surface_unaware M2_aeb_unavailable M3_no_speed_cap M4_late_reaction M5_weak_brakes,CH2,
change,16,55566005,aware_qaoa,5,0.8333333333333334,M1_surface_unaware M2_aeb_unavailable M3_no_speed_cap M4_late_reaction M5_weak_brakes,CH2,
change,16,55566005,full_qaoa,5,0.8333333333333334,M1_surface_unaware M2_aeb_unavailable M3_no_speed_cap M4_late_reaction M5_weak_brakes,CH2,
change,16,55566005,keep_old,5,0.8333333333333334,M1_surface_unaware M2_aeb_unavailable M3_no_speed_cap M4_late_reaction M5_weak_brakes,CH3,
change,16,55566005,full_exact,5,0.8333333333333334,M1_surface_unaware M2_aeb_unavailable M3_no_speed_cap M4_late_reaction M5_weak_brakes,CH3,
change,16,55566005,aware_exact,5,0.8333333333333334,M1_surface_unaware M2_aeb_unavailable M3_no_speed_cap M4_late_reaction M5_weak_brakes,CH3,
change,16,55566005,aware_qaoa,5,0.8333333333333334,M1_surface_unaware M2_aeb_unavailable M3_no_speed_cap M4_late_reaction M5_weak_brakes,CH3,
change,16,55566005,full_qaoa,5,0.8333333333333334,M1_surface_unaware M2_aeb_unavailable M3_no_speed_cap M4_late_reaction M5_weak_brakes,CH3,
change,16,55566005,keep_old,5,0.8333333333333334,M1_surface_unaware M2_aeb_unavailable M3_no_speed_cap M4_late_reaction M5_weak_brakes,CH4,
change,16,55566005,full_exact,5,0.8333333333333334,M1_surface_unaware M2_aeb_unavailable M3_no_speed_cap M4_late_reaction M5_weak_brakes,CH4,
change,16,55566005,aware_exact,5,0.8333333333333334,M1_surface_unaware M2_aeb_unavailable M3_no_speed_cap M4_late_reaction M5_weak_brakes,CH4,
change,16,55566005,aware_qaoa,5,0.8333333333333334,M1_surface_unaware M2_aeb_unavailable M3_no_speed_cap M4_late_reaction M5_weak_brakes,CH4,
change,16,55566005,full_qaoa,5,0.8333333333333334,M1_surface_unaware M2_aeb_unavailable M3_no_speed_cap M4_late_reaction M5_weak_brakes,CH4,
change,16,55566005,keep_old,5,0.8333333333333334,M1_surface_unaware M2_aeb_unavailable M3_no_speed_cap M4_late_reaction M5_weak_brakes,CH5,
change,16,55566005,full_exact,5,0.8333333333333334,M1_surface_unaware M2_aeb_unavailable M3_no_speed_cap M4_late_reaction M5_weak_brakes,CH5,
change,16,55566005,aware_exact,5,0.8333333333333334,M1_surface_unaware M2_aeb_unavailable M3_no_speed_cap M4_late_reaction M5_weak_brakes,CH5,
change,16,55566005,aware_qaoa,5,0.8333333333333334,M1_surface_unaware M2_aeb_unavailable M3_no_speed_cap M4_late_reaction M5_weak_brakes,CH5,
change,16,55566005,full_qaoa,5,0.8333333333333334,M1_surface_unaware M2_aeb_unavailable M3_no_speed_cap M4_late_reaction M5_weak_brakes,CH5,
change,16,55566005,keep_old,5,0.8333333333333334,M1_surface_unaware M2_aeb_unavailable M3_no_speed_cap M4_late_reaction M5_weak_brakes,CH6,
change,16,55566005,full_exact,5,0.8333333333333334,M1_surface_unaware M2_aeb_unavailable M3_no_speed_cap M4_late_reaction M5_weak_brakes,CH6,
change,16,55566005,aware_exact,5,0.8333333333333334,M1_surface_unaware M2_aeb_unavailable M3_no_speed_cap M4_late_reaction M5_weak_brakes,CH6,
change,16,55566005,aware_qaoa,6,1.0,M1_surface_unaware M2_aeb_unavailable M3_no_speed_cap M4_late_reaction M5_weak_brakes M6_visibility_unaware,CH6,
change,16,55566005,full_qaoa,5,0.8333333333333334,M1_surface_unaware M2_aeb_unavailable M3_no_speed_cap M4_late_reaction M5_weak_brakes,CH6,
change,16,55566006,keep_old,6,1.0,M1_surface_unaware M2_aeb_unavailable M3_no_speed_cap M4_late_reaction M5_weak_brakes M6_visibility_unaware,CH1,
change,16,55566006,full_exact,6,1.0,M1_surface_unaware M2_aeb_unavailable M3_no_speed_cap M4_late_reaction M5_weak_brakes M6_visibility_unaware,CH1,
change,16,55566006,aware_exact,6,1.0,M1_surface_unaware M2_aeb_unavailable M3_no_speed_cap M4_late_reaction M5_weak_brakes M6_visibility_unaware,CH1,
change,16,55566006,aware_qaoa,6,1.0,M1_surface_unaware M2_aeb_unavailable M3_no_speed_cap M4_late_reaction M5_weak_brakes M6_visibility_unaware,CH1,
change,16,55566006,full_qaoa,6,1.0,M1_surface_unaware M2_aeb_unavailable M3_no_speed_cap M4_late_reaction M5_weak_brakes M6_visibility_unaware,CH1,
change,16,55566006,keep_old,6,1.0,M1_surface_unaware M2_aeb_unavailable M3_no_speed_cap M4_late_reaction M5_weak_brakes M6_visibility_unaware,CH2,
change,16,55566006,full_exact,6,1.0,M1_surface_unaware M2_aeb_unavailable M3_no_speed_cap M4_late_reaction M5_weak_brakes M6_visibility_unaware,CH2,
change,16,55566006,aware_exact,6,1.0,M1_surface_unaware M2_aeb_unavailable M3_no_speed_cap M4_late_reaction M5_weak_brakes M6_visibility_unaware,CH2,
change,16,55566006,aware_qaoa,6,1.0,M1_surface_unaware M2_aeb_unavailable M3_no_speed_cap M4_late_reaction M5_weak_brakes M6_visibility_unaware,CH2,
change,16,55566006,full_qaoa,6,1.0,M1_surface_unaware M2_aeb_unavailable M3_no_speed_cap M4_late_reaction M5_weak_brakes M6_visibility_unaware,CH2,
change,16,55566006,keep_old,6,1.0,M1_surface_unaware M2_aeb_unavailable M3_no_speed_cap M4_late_reaction M5_weak_brakes M6_visibility_unaware,CH3,
change,16,55566006,full_exact,6,1.0,M1_surface_unaware M2_aeb_unavailable M3_no_speed_cap M4_late_reaction M5_weak_brakes M6_visibility_unaware,CH3,
change,16,55566006,aware_exact,6,1.0,M1_surface_unaware M2_aeb_unavailable M3_no_speed_cap M4_late_reaction M5_weak_brakes M6_visibility_unaware,CH3,
change,16,55566006,aware_qaoa,6,1.0,M1_surface_unaware M2_aeb_unavailable M3_no_speed_cap M4_late_reaction M5_weak_brakes M6_visibility_unaware,CH3,
change,16,55566006,full_qaoa,6,1.0,M1_surface_unaware M2_aeb_unavailable M3_no_speed_cap M4_late_reaction M5_weak_brakes M6_visibility_unaware,CH3,
change,16,55566006,keep_old,6,1.0,M1_surface_unaware M2_aeb_unavailable M3_no_speed_cap M4_late_reaction M5_weak_brakes M6_visibility_unaware,CH4,
change,16,55566006,full_exact,6,1.0,M1_surface_unaware M2_aeb_unavailable M3_no_speed_cap M4_late_reaction M5_weak_brakes M6_visibility_unaware,CH4,
change,16,55566006,aware_exact,6,1.0,M1_surface_unaware M2_aeb_unavailable M3_no_speed_cap M4_late_reaction M5_weak_brakes M6_visibility_unaware,CH4,
change,16,55566006,aware_qaoa,6,1.0,M1_surface_unaware M2_aeb_unavailable M3_no_speed_cap M4_late_reaction M5_weak_brakes M6_visibility_unaware,CH4,
change,16,55566006,full_qaoa,6,1.0,M1_surface_unaware M2_aeb_unavailable M3_no_speed_cap M4_late_reaction M5_weak_brakes M6_visibility_unaware,CH4,
change,16,55566006,keep_old,6,1.0,M1_surface_unaware M2_aeb_unavailable M3_no_speed_cap M4_late_reaction M5_weak_brakes M6_visibility_unaware,CH5,
change,16,55566006,full_exact,6,1.0,M1_surface_unaware M2_aeb_unavailable M3_no_speed_cap M4_late_reaction M5_weak_brakes M6_visibility_unaware,CH5,
change,16,55566006,aware_exact,6,1.0,M1_surface_unaware M2_aeb_unavailable M3_no_speed_cap M4_late_reaction M5_weak_brakes M6_visibility_unaware,CH5,
change,16,55566006,aware_qaoa,6,1.0,M1_surface_unaware M2_aeb_unavailable M3_no_speed_cap M4_late_reaction M5_weak_brakes M6_visibility_unaware,CH5,
change,16,55566006,full_qaoa,6,1.0,M1_surface_unaware M2_aeb_unavailable M3_no_speed_cap M4_late_reaction M5_weak_brakes M6_visibility_unaware,CH5,
change,16,55566006,keep_old,6,1.0,M1_surface_unaware M2_aeb_unavailable M3_no_speed_cap M4_late_reaction M5_weak_brakes M6_visibility_unaware,CH6,
change,16,55566006,full_exact,6,1.0,M1_surface_unaware M2_aeb_unavailable M3_no_speed_cap M4_late_reaction M5_weak_brakes M6_visibility_unaware,CH6,
change,16,55566006,aware_exact,6,1.0,M1_surface_unaware M2_aeb_unavailable M3_no_speed_cap M4_late_reaction M5_weak_brakes M6_visibility_unaware,CH6,
change,16,55566006,aware_qaoa,6,1.0,M1_surface_unaware M2_aeb_unavailable M3_no_speed_cap M4_late_reaction M5_weak_brakes M6_visibility_unaware,CH6,
change,16,55566006,full_qaoa,6,1.0,M1_surface_unaware M2_aeb_unavailable M3_no_speed_cap M4_late_reaction M5_weak_brakes M6_visibility_unaware,CH6,
change,16,55566007,keep_old,5,0.8333333333333334,M1_surface_unaware M2_aeb_unavailable M3_no_speed_cap M4_late_reaction M5_weak_brakes,CH1,
change,16,55566007,full_exact,5,0.8333333333333334,M1_surface_unaware M2_aeb_unavailable M3_no_speed_cap M4_late_reaction M5_weak_brakes,CH1,
change,16,55566007,aware_exact,5,0.8333333333333334,M1_surface_unaware M2_aeb_unavailable M3_no_speed_cap M4_late_reaction M5_weak_brakes,CH1,
change,16,55566007,aware_qaoa,5,0.8333333333333334,M1_surface_unaware M2_aeb_unavailable M3_no_speed_cap M4_late_reaction M5_weak_brakes,CH1,
change,16,55566007,full_qaoa,6,1.0,M1_surface_unaware M2_aeb_unavailable M3_no_speed_cap M4_late_reaction M5_weak_brakes M6_visibility_unaware,CH1,
change,16,55566007,keep_old,5,0.8333333333333334,M1_surface_unaware M2_aeb_unavailable M3_no_speed_cap M4_late_reaction M5_weak_brakes,CH2,
change,16,55566007,full_exact,5,0.8333333333333334,M1_surface_unaware M2_aeb_unavailable M3_no_speed_cap M4_late_reaction M5_weak_brakes,CH2,
change,16,55566007,aware_exact,5,0.8333333333333334,M1_surface_unaware M2_aeb_unavailable M3_no_speed_cap M4_late_reaction M5_weak_brakes,CH2,
change,16,55566007,aware_qaoa,5,0.8333333333333334,M1_surface_unaware M2_aeb_unavailable M3_no_speed_cap M4_late_reaction M5_weak_brakes,CH2,
change,16,55566007,full_qaoa,6,1.0,M1_surface_unaware M2_aeb_unavailable M3_no_speed_cap M4_late_reaction M5_weak_brakes M6_visibility_unaware,CH2,
change,16,55566007,keep_old,5,0.8333333333333334,M1_surface_unaware M2_aeb_unavailable M3_no_speed_cap M4_late_reaction M5_weak_brakes,CH3,
change,16,55566007,full_exact,5,0.8333333333333334,M1_surface_unaware M2_aeb_unavailable M3_no_speed_cap M4_late_reaction M5_weak_brakes,CH3,
change,16,55566007,aware_exact,5,0.8333333333333334,M1_surface_unaware M2_aeb_unavailable M3_no_speed_cap M4_late_reaction M5_weak_brakes,CH3,
change,16,55566007,aware_qaoa,5,0.8333333333333334,M1_surface_unaware M2_aeb_unavailable M3_no_speed_cap M4_late_reaction M5_weak_brakes,CH3,
change,16,55566007,full_qaoa,6,1.0,M1_surface_unaware M2_aeb_unavailable M3_no_speed_cap M4_late_reaction M5_weak_brakes M6_visibility_unaware,CH3,
change,16,55566007,keep_old,5,0.8333333333333334,M1_surface_unaware M2_aeb_unavailable M3_no_speed_cap M4_late_reaction M5_weak_brakes,CH4,
change,16,55566007,full_exact,5,0.8333333333333334,M1_surface_unaware M2_aeb_unavailable M3_no_speed_cap M4_late_reaction M5_weak_brakes,CH4,
change,16,55566007,aware_exact,5,0.8333333333333334,M1_surface_unaware M2_aeb_unavailable M3_no_speed_cap M4_late_reaction M5_weak_brakes,CH4,
change,16,55566007,aware_qaoa,6,1.0,M1_surface_unaware M2_aeb_unavailable M3_no_speed_cap M4_late_reaction M5_weak_brakes M6_visibility_unaware,CH4,
change,16,55566007,full_qaoa,6,1.0,M1_surface_unaware M2_aeb_unavailable M3_no_speed_cap M4_late_reaction M5_weak_brakes M6_visibility_unaware,CH4,
change,16,55566007,keep_old,5,0.8333333333333334,M1_surface_unaware M2_aeb_unavailable M3_no_speed_cap M4_late_reaction M5_weak_brakes,CH5,
change,16,55566007,full_exact,5,0.8333333333333334,M1_surface_unaware M2_aeb_unavailable M3_no_speed_cap M4_late_reaction M5_weak_brakes,CH5,
change,16,55566007,aware_exact,5,0.8333333333333334,M1_surface_unaware M2_aeb_unavailable M3_no_speed_cap M4_late_reaction M5_weak_brakes,CH5,
change,16,55566007,aware_qaoa,6,1.0,M1_surface_unaware M2_aeb_unavailable M3_no_speed_cap M4_late_reaction M5_weak_brakes M6_visibility_unaware,CH5,
change,16,55566007,full_qaoa,6,1.0,M1_surface_unaware M2_aeb_unavailable M3_no_speed_cap M4_late_reaction M5_weak_brakes M6_visibility_unaware,CH5,
change,16,55566007,keep_old,5,0.8333333333333334,M1_surface_unaware M2_aeb_unavailable M3_no_speed_cap M4_late_reaction M5_weak_brakes,CH6,
change,16,55566007,full_exact,5,0.8333333333333334,M1_surface_unaware M2_aeb_unavailable M3_no_speed_cap M4_late_reaction M5_weak_brakes,CH6,
change,16,55566007,aware_exact,5,0.8333333333333334,M1_surface_unaware M2_aeb_unavailable M3_no_speed_cap M4_late_reaction M5_weak_brakes,CH6,
change,16,55566007,aware_qaoa,5,0.8333333333333334,M1_surface_unaware M2_aeb_unavailable M3_no_speed_cap M4_late_reaction M5_weak_brakes,CH6,
change,16,55566007,full_qaoa,6,1.0,M1_surface_unaware M2_aeb_unavailable M3_no_speed_cap M4_late_reaction M5_weak_brakes M6_visibility_unaware,CH6,
change,16,55566008,keep_old,6,1.0,M1_surface_unaware M2_aeb_unavailable M3_no_speed_cap M4_late_reaction M5_weak_brakes M6_visibility_unaware,CH1,
change,16,55566008,full_exact,6,1.0,M1_surface_unaware M2_aeb_unavailable M3_no_speed_cap M4_late_reaction M5_weak_brakes M6_visibility_unaware,CH1,
change,16,55566008,aware_exact,6,1.0,M1_surface_unaware M2_aeb_unavailable M3_no_speed_cap M4_late_reaction M5_weak_brakes M6_visibility_unaware,CH1,
change,16,55566008,aware_qaoa,6,1.0,M1_surface_unaware M2_aeb_unavailable M3_no_speed_cap M4_late_reaction M5_weak_brakes M6_visibility_unaware,CH1,
change,16,55566008,full_qaoa,6,1.0,M1_surface_unaware M2_aeb_unavailable M3_no_speed_cap M4_late_reaction M5_weak_brakes M6_visibility_unaware,CH1,
change,16,55566008,keep_old,6,1.0,M1_surface_unaware M2_aeb_unavailable M3_no_speed_cap M4_late_reaction M5_weak_brakes M6_visibility_unaware,CH2,
change,16,55566008,full_exact,6,1.0,M1_surface_unaware M2_aeb_unavailable M3_no_speed_cap M4_late_reaction M5_weak_brakes M6_visibility_unaware,CH2,
change,16,55566008,aware_exact,6,1.0,M1_surface_unaware M2_aeb_unavailable M3_no_speed_cap M4_late_reaction M5_weak_brakes M6_visibility_unaware,CH2,
change,16,55566008,aware_qaoa,6,1.0,M1_surface_unaware M2_aeb_unavailable M3_no_speed_cap M4_late_reaction M5_weak_brakes M6_visibility_unaware,CH2,
change,16,55566008,full_qaoa,6,1.0,M1_surface_unaware M2_aeb_unavailable M3_no_speed_cap M4_late_reaction M5_weak_brakes M6_visibility_unaware,CH2,
change,16,55566008,keep_old,6,1.0,M1_surface_unaware M2_aeb_unavailable M3_no_speed_cap M4_late_reaction M5_weak_brakes M6_visibility_unaware,CH3,
change,16,55566008,full_exact,6,1.0,M1_surface_unaware M2_aeb_unavailable M3_no_speed_cap M4_late_reaction M5_weak_brakes M6_visibility_unaware,CH3,
change,16,55566008,aware_exact,6,1.0,M1_surface_unaware M2_aeb_unavailable M3_no_speed_cap M4_late_reaction M5_weak_brakes M6_visibility_unaware,CH3,
change,16,55566008,aware_qaoa,6,1.0,M1_surface_unaware M2_aeb_unavailable M3_no_speed_cap M4_late_reaction M5_weak_brakes M6_visibility_unaware,CH3,
change,16,55566008,full_qaoa,6,1.0,M1_surface_unaware M2_aeb_unavailable M3_no_speed_cap M4_late_reaction M5_weak_brakes M6_visibility_unaware,CH3,
change,16,55566008,keep_old,6,1.0,M1_surface_unaware M2_aeb_unavailable M3_no_speed_cap M4_late_reaction M5_weak_brakes M6_visibility_unaware,CH4,
change,16,55566008,full_exact,6,1.0,M1_surface_unaware M2_aeb_unavailable M3_no_speed_cap M4_late_reaction M5_weak_brakes M6_visibility_unaware,CH4,
change,16,55566008,aware_exact,6,1.0,M1_surface_unaware M2_aeb_unavailable M3_no_speed_cap M4_late_reaction M5_weak_brakes M6_visibility_unaware,CH4,
change,16,55566008,aware_qaoa,6,1.0,M1_surface_unaware M2_aeb_unavailable M3_no_speed_cap M4_late_reaction M5_weak_brakes M6_visibility_unaware,CH4,
change,16,55566008,full_qaoa,6,1.0,M1_surface_unaware M2_aeb_unavailable M3_no_speed_cap M4_late_reaction M5_weak_brakes M6_visibility_unaware,CH4,
change,16,55566008,keep_old,6,1.0,M1_surface_unaware M2_aeb_unavailable M3_no_speed_cap M4_late_reaction M5_weak_brakes M6_visibility_unaware,CH5,
change,16,55566008,full_exact,6,1.0,M1_surface_unaware M2_aeb_unavailable M3_no_speed_cap M4_late_reaction M5_weak_brakes M6_visibility_unaware,CH5,
change,16,55566008,aware_exact,6,1.0,M1_surface_unaware M2_aeb_unavailable M3_no_speed_cap M4_late_reaction M5_weak_brakes M6_visibility_unaware,CH5,
change,16,55566008,aware_qaoa,6,1.0,M1_surface_unaware M2_aeb_unavailable M3_no_speed_cap M4_late_reaction M5_weak_brakes M6_visibility_unaware,CH5,
change,16,55566008,full_qaoa,6,1.0,M1_surface_unaware M2_aeb_unavailable M3_no_speed_cap M4_late_reaction M5_weak_brakes M6_visibility_unaware,CH5,
change,16,55566008,keep_old,6,1.0,M1_surface_unaware M2_aeb_unavailable M3_no_speed_cap M4_late_reaction M5_weak_brakes M6_visibility_unaware,CH6,
change,16,55566008,full_exact,6,1.0,M1_surface_unaware M2_aeb_unavailable M3_no_speed_cap M4_late_reaction M5_weak_brakes M6_visibility_unaware,CH6,
change,16,55566008,aware_exact,6,1.0,M1_surface_unaware M2_aeb_unavailable M3_no_speed_cap M4_late_reaction M5_weak_brakes M6_visibility_unaware,CH6,
change,16,55566008,aware_qaoa,6,1.0,M1_surface_unaware M2_aeb_unavailable M3_no_speed_cap M4_late_reaction M5_weak_brakes M6_visibility_unaware,CH6,
change,16,55566008,full_qaoa,6,1.0,M1_surface_unaware M2_aeb_unavailable M3_no_speed_cap M4_late_reaction M5_weak_brakes M6_visibility_unaware,CH6,
change,16,55566009,keep_old,6,1.0,M1_surface_unaware M2_aeb_unavailable M3_no_speed_cap M4_late_reaction M5_weak_brakes M6_visibility_unaware,CH1,
change,16,55566009,full_exact,6,1.0,M1_surface_unaware M2_aeb_unavailable M3_no_speed_cap M4_late_reaction M5_weak_brakes M6_visibility_unaware,CH1,
change,16,55566009,aware_exact,6,1.0,M1_surface_unaware M2_aeb_unavailable M3_no_speed_cap M4_late_reaction M5_weak_brakes M6_visibility_unaware,CH1,
change,16,55566009,aware_qaoa,6,1.0,M1_surface_unaware M2_aeb_unavailable M3_no_speed_cap M4_late_reaction M5_weak_brakes M6_visibility_unaware,CH1,
change,16,55566009,full_qaoa,5,0.8333333333333334,M1_surface_unaware M2_aeb_unavailable M3_no_speed_cap M4_late_reaction M5_weak_brakes,CH1,
change,16,55566009,keep_old,6,1.0,M1_surface_unaware M2_aeb_unavailable M3_no_speed_cap M4_late_reaction M5_weak_brakes M6_visibility_unaware,CH2,
change,16,55566009,full_exact,6,1.0,M1_surface_unaware M2_aeb_unavailable M3_no_speed_cap M4_late_reaction M5_weak_brakes M6_visibility_unaware,CH2,
change,16,55566009,aware_exact,6,1.0,M1_surface_unaware M2_aeb_unavailable M3_no_speed_cap M4_late_reaction M5_weak_brakes M6_visibility_unaware,CH2,
change,16,55566009,aware_qaoa,6,1.0,M1_surface_unaware M2_aeb_unavailable M3_no_speed_cap M4_late_reaction M5_weak_brakes M6_visibility_unaware,CH2,
change,16,55566009,full_qaoa,5,0.8333333333333334,M1_surface_unaware M2_aeb_unavailable M3_no_speed_cap M4_late_reaction M5_weak_brakes,CH2,
change,16,55566009,keep_old,6,1.0,M1_surface_unaware M2_aeb_unavailable M3_no_speed_cap M4_late_reaction M5_weak_brakes M6_visibility_unaware,CH3,
change,16,55566009,full_exact,6,1.0,M1_surface_unaware M2_aeb_unavailable M3_no_speed_cap M4_late_reaction M5_weak_brakes M6_visibility_unaware,CH3,
change,16,55566009,aware_exact,6,1.0,M1_surface_unaware M2_aeb_unavailable M3_no_speed_cap M4_late_reaction M5_weak_brakes M6_visibility_unaware,CH3,
change,16,55566009,aware_qaoa,6,1.0,M1_surface_unaware M2_aeb_unavailable M3_no_speed_cap M4_late_reaction M5_weak_brakes M6_visibility_unaware,CH3,
change,16,55566009,full_qaoa,5,0.8333333333333334,M1_surface_unaware M2_aeb_unavailable M3_no_speed_cap M4_late_reaction M5_weak_brakes,CH3,
change,16,55566009,keep_old,6,1.0,M1_surface_unaware M2_aeb_unavailable M3_no_speed_cap M4_late_reaction M5_weak_brakes M6_visibility_unaware,CH4,
change,16,55566009,full_exact,6,1.0,M1_surface_unaware M2_aeb_unavailable M3_no_speed_cap M4_late_reaction M5_weak_brakes M6_visibility_unaware,CH4,
change,16,55566009,aware_exact,6,1.0,M1_surface_unaware M2_aeb_unavailable M3_no_speed_cap M4_late_reaction M5_weak_brakes M6_visibility_unaware,CH4,
change,16,55566009,aware_qaoa,6,1.0,M1_surface_unaware M2_aeb_unavailable M3_no_speed_cap M4_late_reaction M5_weak_brakes M6_visibility_unaware,CH4,
change,16,55566009,full_qaoa,5,0.8333333333333334,M1_surface_unaware M2_aeb_unavailable M3_no_speed_cap M4_late_reaction M5_weak_brakes,CH4,
change,16,55566009,keep_old,6,1.0,M1_surface_unaware M2_aeb_unavailable M3_no_speed_cap M4_late_reaction M5_weak_brakes M6_visibility_unaware,CH5,
change,16,55566009,full_exact,6,1.0,M1_surface_unaware M2_aeb_unavailable M3_no_speed_cap M4_late_reaction M5_weak_brakes M6_visibility_unaware,CH5,
change,16,55566009,aware_exact,6,1.0,M1_surface_unaware M2_aeb_unavailable M3_no_speed_cap M4_late_reaction M5_weak_brakes M6_visibility_unaware,CH5,
change,16,55566009,aware_qaoa,6,1.0,M1_surface_unaware M2_aeb_unavailable M3_no_speed_cap M4_late_reaction M5_weak_brakes M6_visibility_unaware,CH5,
change,16,55566009,full_qaoa,5,0.8333333333333334,M1_surface_unaware M2_aeb_unavailable M3_no_speed_cap M4_late_reaction M5_weak_brakes,CH5,
change,16,55566009,keep_old,6,1.0,M1_surface_unaware M2_aeb_unavailable M3_no_speed_cap M4_late_reaction M5_weak_brakes M6_visibility_unaware,CH6,
change,16,55566009,full_exact,6,1.0,M1_surface_unaware M2_aeb_unavailable M3_no_speed_cap M4_late_reaction M5_weak_brakes M6_visibility_unaware,CH6,
change,16,55566009,aware_exact,6,1.0,M1_surface_unaware M2_aeb_unavailable M3_no_speed_cap M4_late_reaction M5_weak_brakes M6_visibility_unaware,CH6,
change,16,55566009,aware_qaoa,6,1.0,M1_surface_unaware M2_aeb_unavailable M3_no_speed_cap M4_late_reaction M5_weak_brakes M6_visibility_unaware,CH6,
change,16,55566009,full_qaoa,5,0.8333333333333334,M1_surface_unaware M2_aeb_unavailable M3_no_speed_cap M4_late_reaction M5_weak_brakes,CH6,
change,16,55566010,keep_old,5,0.8333333333333334,M1_surface_unaware M2_aeb_unavailable M3_no_speed_cap M4_late_reaction M5_weak_brakes,CH1,
change,16,55566010,full_exact,5,0.8333333333333334,M1_surface_unaware M2_aeb_unavailable M3_no_speed_cap M4_late_reaction M5_weak_brakes,CH1,
change,16,55566010,aware_exact,5,0.8333333333333334,M1_surface_unaware M2_aeb_unavailable M3_no_speed_cap M4_late_reaction M5_weak_brakes,CH1,
change,16,55566010,aware_qaoa,5,0.8333333333333334,M1_surface_unaware M2_aeb_unavailable M3_no_speed_cap M4_late_reaction M5_weak_brakes,CH1,
change,16,55566010,full_qaoa,5,0.8333333333333334,M1_surface_unaware M2_aeb_unavailable M3_no_speed_cap M4_late_reaction M5_weak_brakes,CH1,
change,16,55566010,keep_old,5,0.8333333333333334,M1_surface_unaware M2_aeb_unavailable M3_no_speed_cap M4_late_reaction M5_weak_brakes,CH2,
change,16,55566010,full_exact,5,0.8333333333333334,M1_surface_unaware M2_aeb_unavailable M3_no_speed_cap M4_late_reaction M5_weak_brakes,CH2,
change,16,55566010,aware_exact,5,0.8333333333333334,M1_surface_unaware M2_aeb_unavailable M3_no_speed_cap M4_late_reaction M5_weak_brakes,CH2,
change,16,55566010,aware_qaoa,5,0.8333333333333334,M1_surface_unaware M2_aeb_unavailable M3_no_speed_cap M4_late_reaction M5_weak_brakes,CH2,
change,16,55566010,full_qaoa,5,0.8333333333333334,M1_surface_unaware M2_aeb_unavailable M3_no_speed_cap M4_late_reaction M5_weak_brakes,CH2,
change,16,55566010,keep_old,5,0.8333333333333334,M1_surface_unaware M2_aeb_unavailable M3_no_speed_cap M4_late_reaction M5_weak_brakes,CH3,
change,16,55566010,full_exact,5,0.8333333333333334,M1_surface_unaware M2_aeb_unavailable M3_no_speed_cap M4_late_reaction M5_weak_brakes,CH3,
change,16,55566010,aware_exact,5,0.8333333333333334,M1_surface_unaware M2_aeb_unavailable M3_no_speed_cap M4_late_reaction M5_weak_brakes,CH3,
change,16,55566010,aware_qaoa,5,0.8333333333333334,M1_surface_unaware M2_aeb_unavailable M3_no_speed_cap M4_late_reaction M5_weak_brakes,CH3,
change,16,55566010,full_qaoa,5,0.8333333333333334,M1_surface_unaware M2_aeb_unavailable M3_no_speed_cap M4_late_reaction M5_weak_brakes,CH3,
change,16,55566010,keep_old,5,0.8333333333333334,M1_surface_unaware M2_aeb_unavailable M3_no_speed_cap M4_late_reaction M5_weak_brakes,CH4,
change,16,55566010,full_exact,5,0.8333333333333334,M1_surface_unaware M2_aeb_unavailable M3_no_speed_cap M4_late_reaction M5_weak_brakes,CH4,
change,16,55566010,aware_exact,5,0.8333333333333334,M1_surface_unaware M2_aeb_unavailable M3_no_speed_cap M4_late_reaction M5_weak_brakes,CH4,
change,16,55566010,aware_qaoa,5,0.8333333333333334,M1_surface_unaware M2_aeb_unavailable M3_no_speed_cap M4_late_reaction M5_weak_brakes,CH4,
change,16,55566010,full_qaoa,5,0.8333333333333334,M1_surface_unaware M2_aeb_unavailable M3_no_speed_cap M4_late_reaction M5_weak_brakes,CH4,
change,16,55566010,keep_old,5,0.8333333333333334,M1_surface_unaware M2_aeb_unavailable M3_no_speed_cap M4_late_reaction M5_weak_brakes,CH5,
change,16,55566010,full_exact,5,0.8333333333333334,M1_surface_unaware M2_aeb_unavailable M3_no_speed_cap M4_late_reaction M5_weak_brakes,CH5,
change,16,55566010,aware_exact,5,0.8333333333333334,M1_surface_unaware M2_aeb_unavailable M3_no_speed_cap M4_late_reaction M5_weak_brakes,CH5,
change,16,55566010,aware_qaoa,5,0.8333333333333334,M1_surface_unaware M2_aeb_unavailable M3_no_speed_cap M4_late_reaction M5_weak_brakes,CH5,
change,16,55566010,full_qaoa,5,0.8333333333333334,M1_surface_unaware M2_aeb_unavailable M3_no_speed_cap M4_late_reaction M5_weak_brakes,CH5,
change,16,55566010,keep_old,5,0.8333333333333334,M1_surface_unaware M2_aeb_unavailable M3_no_speed_cap M4_late_reaction M5_weak_brakes,CH6,
change,16,55566010,full_exact,5,0.8333333333333334,M1_surface_unaware M2_aeb_unavailable M3_no_speed_cap M4_late_reaction M5_weak_brakes,CH6,
change,16,55566010,aware_exact,5,0.8333333333333334,M1_surface_unaware M2_aeb_unavailable M3_no_speed_cap M4_late_reaction M5_weak_brakes,CH6,
change,16,55566010,aware_qaoa,5,0.8333333333333334,M1_surface_unaware M2_aeb_unavailable M3_no_speed_cap M4_late_reaction M5_weak_brakes,CH6,
change,16,55566010,full_qaoa,5,0.8333333333333334,M1_surface_unaware M2_aeb_unavailable M3_no_speed_cap M4_late_reaction M5_weak_brakes,CH6,
change,16,55566011,keep_old,6,1.0,M1_surface_unaware M2_aeb_unavailable M3_no_speed_cap M4_late_reaction M5_weak_brakes M6_visibility_unaware,CH1,
change,16,55566011,full_exact,6,1.0,M1_surface_unaware M2_aeb_unavailable M3_no_speed_cap M4_late_reaction M5_weak_brakes M6_visibility_unaware,CH1,
change,16,55566011,aware_exact,6,1.0,M1_surface_unaware M2_aeb_unavailable M3_no_speed_cap M4_late_reaction M5_weak_brakes M6_visibility_unaware,CH1,
change,16,55566011,aware_qaoa,6,1.0,M1_surface_unaware M2_aeb_unavailable M3_no_speed_cap M4_late_reaction M5_weak_brakes M6_visibility_unaware,CH1,
change,16,55566011,full_qaoa,5,0.8333333333333334,M1_surface_unaware M2_aeb_unavailable M3_no_speed_cap M4_late_reaction M5_weak_brakes,CH1,
change,16,55566011,keep_old,6,1.0,M1_surface_unaware M2_aeb_unavailable M3_no_speed_cap M4_late_reaction M5_weak_brakes M6_visibility_unaware,CH2,
change,16,55566011,full_exact,6,1.0,M1_surface_unaware M2_aeb_unavailable M3_no_speed_cap M4_late_reaction M5_weak_brakes M6_visibility_unaware,CH2,
change,16,55566011,aware_exact,6,1.0,M1_surface_unaware M2_aeb_unavailable M3_no_speed_cap M4_late_reaction M5_weak_brakes M6_visibility_unaware,CH2,
change,16,55566011,aware_qaoa,6,1.0,M1_surface_unaware M2_aeb_unavailable M3_no_speed_cap M4_late_reaction M5_weak_brakes M6_visibility_unaware,CH2,
change,16,55566011,full_qaoa,5,0.8333333333333334,M1_surface_unaware M2_aeb_unavailable M3_no_speed_cap M4_late_reaction M5_weak_brakes,CH2,
change,16,55566011,keep_old,6,1.0,M1_surface_unaware M2_aeb_unavailable M3_no_speed_cap M4_late_reaction M5_weak_brakes M6_visibility_unaware,CH3,
change,16,55566011,full_exact,6,1.0,M1_surface_unaware M2_aeb_unavailable M3_no_speed_cap M4_late_reaction M5_weak_brakes M6_visibility_unaware,CH3,
change,16,55566011,aware_exact,6,1.0,M1_surface_unaware M2_aeb_unavailable M3_no_speed_cap M4_late_reaction M5_weak_brakes M6_visibility_unaware,CH3,
change,16,55566011,aware_qaoa,6,1.0,M1_surface_unaware M2_aeb_unavailable M3_no_speed_cap M4_late_reaction M5_weak_brakes M6_visibility_unaware,CH3,
change,16,55566011,full_qaoa,5,0.8333333333333334,M1_surface_unaware M2_aeb_unavailable M3_no_speed_cap M4_late_reaction M5_weak_brakes,CH3,
change,16,55566011,keep_old,6,1.0,M1_surface_unaware M2_aeb_unavailable M3_no_speed_cap M4_late_reaction M5_weak_brakes M6_visibility_unaware,CH4,
change,16,55566011,full_exact,6,1.0,M1_surface_unaware M2_aeb_unavailable M3_no_speed_cap M4_late_reaction M5_weak_brakes M6_visibility_unaware,CH4,
change,16,55566011,aware_exact,6,1.0,M1_surface_unaware M2_aeb_unavailable M3_no_speed_cap M4_late_reaction M5_weak_brakes M6_visibility_unaware,CH4,
change,16,55566011,aware_qaoa,6,1.0,M1_surface_unaware M2_aeb_unavailable M3_no_speed_cap M4_late_reaction M5_weak_brakes M6_visibility_unaware,CH4,
change,16,55566011,full_qaoa,5,0.8333333333333334,M1_surface_unaware M2_aeb_unavailable M3_no_speed_cap M4_late_reaction M5_weak_brakes,CH4,
change,16,55566011,keep_old,6,1.0,M1_surface_unaware M2_aeb_unavailable M3_no_speed_cap M4_late_reaction M5_weak_brakes M6_visibility_unaware,CH5,
change,16,55566011,full_exact,6,1.0,M1_surface_unaware M2_aeb_unavailable M3_no_speed_cap M4_late_reaction M5_weak_brakes M6_visibility_unaware,CH5,
change,16,55566011,aware_exact,6,1.0,M1_surface_unaware M2_aeb_unavailable M3_no_speed_cap M4_late_reaction M5_weak_brakes M6_visibility_unaware,CH5,
change,16,55566011,aware_qaoa,6,1.0,M1_surface_unaware M2_aeb_unavailable M3_no_speed_cap M4_late_reaction M5_weak_brakes M6_visibility_unaware,CH5,
change,16,55566011,full_qaoa,5,0.8333333333333334,M1_surface_unaware M2_aeb_unavailable M3_no_speed_cap M4_late_reaction M5_weak_brakes,CH5,
change,16,55566011,keep_old,6,1.0,M1_surface_unaware M2_aeb_unavailable M3_no_speed_cap M4_late_reaction M5_weak_brakes M6_visibility_unaware,CH6,
change,16,55566011,full_exact,6,1.0,M1_surface_unaware M2_aeb_unavailable M3_no_speed_cap M4_late_reaction M5_weak_brakes M6_visibility_unaware,CH6,
change,16,55566011,aware_exact,6,1.0,M1_surface_unaware M2_aeb_unavailable M3_no_speed_cap M4_late_reaction M5_weak_brakes M6_visibility_unaware,CH6,
change,16,55566011,aware_qaoa,6,1.0,M1_surface_unaware M2_aeb_unavailable M3_no_speed_cap M4_late_reaction M5_weak_brakes M6_visibility_unaware,CH6,
change,16,55566011,full_qaoa,5,0.8333333333333334,M1_surface_unaware M2_aeb_unavailable M3_no_speed_cap M4_late_reaction M5_weak_brakes,CH6,
change,16,55566012,keep_old,6,1.0,M1_surface_unaware M2_aeb_unavailable M3_no_speed_cap M4_late_reaction M5_weak_brakes M6_visibility_unaware,CH1,
change,16,55566012,full_exact,6,1.0,M1_surface_unaware M2_aeb_unavailable M3_no_speed_cap M4_late_reaction M5_weak_brakes M6_visibility_unaware,CH1,
change,16,55566012,aware_exact,6,1.0,M1_surface_unaware M2_aeb_unavailable M3_no_speed_cap M4_late_reaction M5_weak_brakes M6_visibility_unaware,CH1,
change,16,55566012,aware_qaoa,6,1.0,M1_surface_unaware M2_aeb_unavailable M3_no_speed_cap M4_late_reaction M5_weak_brakes M6_visibility_unaware,CH1,
change,16,55566012,full_qaoa,5,0.8333333333333334,M1_surface_unaware M2_aeb_unavailable M3_no_speed_cap M4_late_reaction M5_weak_brakes,CH1,
change,16,55566012,keep_old,6,1.0,M1_surface_unaware M2_aeb_unavailable M3_no_speed_cap M4_late_reaction M5_weak_brakes M6_visibility_unaware,CH2,
change,16,55566012,full_exact,6,1.0,M1_surface_unaware M2_aeb_unavailable M3_no_speed_cap M4_late_reaction M5_weak_brakes M6_visibility_unaware,CH2,
change,16,55566012,aware_exact,6,1.0,M1_surface_unaware M2_aeb_unavailable M3_no_speed_cap M4_late_reaction M5_weak_brakes M6_visibility_unaware,CH2,
change,16,55566012,aware_qaoa,6,1.0,M1_surface_unaware M2_aeb_unavailable M3_no_speed_cap M4_late_reaction M5_weak_brakes M6_visibility_unaware,CH2,
change,16,55566012,full_qaoa,5,0.8333333333333334,M1_surface_unaware M2_aeb_unavailable M3_no_speed_cap M4_late_reaction M5_weak_brakes,CH2,
change,16,55566012,keep_old,6,1.0,M1_surface_unaware M2_aeb_unavailable M3_no_speed_cap M4_late_reaction M5_weak_brakes M6_visibility_unaware,CH3,
change,16,55566012,full_exact,6,1.0,M1_surface_unaware M2_aeb_unavailable M3_no_speed_cap M4_late_reaction M5_weak_brakes M6_visibility_unaware,CH3,
change,16,55566012,aware_exact,6,1.0,M1_surface_unaware M2_aeb_unavailable M3_no_speed_cap M4_late_reaction M5_weak_brakes M6_visibility_unaware,CH3,
change,16,55566012,aware_qaoa,6,1.0,M1_surface_unaware M2_aeb_unavailable M3_no_speed_cap M4_late_reaction M5_weak_brakes M6_visibility_unaware,CH3,
change,16,55566012,full_qaoa,5,0.8333333333333334,M1_surface_unaware M2_aeb_unavailable M3_no_speed_cap M4_late_reaction M5_weak_brakes,CH3,
change,16,55566012,keep_old,6,1.0,M1_surface_unaware M2_aeb_unavailable M3_no_speed_cap M4_late_reaction M5_weak_brakes M6_visibility_unaware,CH4,
change,16,55566012,full_exact,6,1.0,M1_surface_unaware M2_aeb_unavailable M3_no_speed_cap M4_late_reaction M5_weak_brakes M6_visibility_unaware,CH4,
change,16,55566012,aware_exact,6,1.0,M1_surface_unaware M2_aeb_unavailable M3_no_speed_cap M4_late_reaction M5_weak_brakes M6_visibility_unaware,CH4,
change,16,55566012,aware_qaoa,6,1.0,M1_surface_unaware M2_aeb_unavailable M3_no_speed_cap M4_late_reaction M5_weak_brakes M6_visibility_unaware,CH4,
change,16,55566012,full_qaoa,5,0.8333333333333334,M1_surface_unaware M2_aeb_unavailable M3_no_speed_cap M4_late_reaction M5_weak_brakes,CH4,
change,16,55566012,keep_old,6,1.0,M1_surface_unaware M2_aeb_unavailable M3_no_speed_cap M4_late_reaction M5_weak_brakes M6_visibility_unaware,CH5,
change,16,55566012,full_exact,6,1.0,M1_surface_unaware M2_aeb_unavailable M3_no_speed_cap M4_late_reaction M5_weak_brakes M6_visibility_unaware,CH5,
change,16,55566012,aware_exact,6,1.0,M1_surface_unaware M2_aeb_unavailable M3_no_speed_cap M4_late_reaction M5_weak_brakes M6_visibility_unaware,CH5,
change,16,55566012,aware_qaoa,6,1.0,M1_surface_unaware M2_aeb_unavailable M3_no_speed_cap M4_late_reaction M5_weak_brakes M6_visibility_unaware,CH5,
change,16,55566012,full_qaoa,5,0.8333333333333334,M1_surface_unaware M2_aeb_unavailable M3_no_speed_cap M4_late_reaction M5_weak_brakes,CH5,
change,16,55566012,keep_old,6,1.0,M1_surface_unaware M2_aeb_unavailable M3_no_speed_cap M4_late_reaction M5_weak_brakes M6_visibility_unaware,CH6,
change,16,55566012,full_exact,6,1.0,M1_surface_unaware M2_aeb_unavailable M3_no_speed_cap M4_late_reaction M5_weak_brakes M6_visibility_unaware,CH6,
change,16,55566012,aware_exact,6,1.0,M1_surface_unaware M2_aeb_unavailable M3_no_speed_cap M4_late_reaction M5_weak_brakes M6_visibility_unaware,CH6,
change,16,55566012,aware_qaoa,6,1.0,M1_surface_unaware M2_aeb_unavailable M3_no_speed_cap M4_late_reaction M5_weak_brakes M6_visibility_unaware,CH6,
change,16,55566012,full_qaoa,5,0.8333333333333334,M1_surface_unaware M2_aeb_unavailable M3_no_speed_cap M4_late_reaction M5_weak_brakes,CH6,
change,16,55566013,keep_old,6,1.0,M1_surface_unaware M2_aeb_unavailable M3_no_speed_cap M4_late_reaction M5_weak_brakes M6_visibility_unaware,CH1,
change,16,55566013,full_exact,6,1.0,M1_surface_unaware M2_aeb_unavailable M3_no_speed_cap M4_late_reaction M5_weak_brakes M6_visibility_unaware,CH1,
change,16,55566013,aware_exact,6,1.0,M1_surface_unaware M2_aeb_unavailable M3_no_speed_cap M4_late_reaction M5_weak_brakes M6_visibility_unaware,CH1,
change,16,55566013,aware_qaoa,5,0.8333333333333334,M1_surface_unaware M2_aeb_unavailable M3_no_speed_cap M4_late_reaction M5_weak_brakes,CH1,
change,16,55566013,full_qaoa,6,1.0,M1_surface_unaware M2_aeb_unavailable M3_no_speed_cap M4_late_reaction M5_weak_brakes M6_visibility_unaware,CH1,
change,16,55566013,keep_old,6,1.0,M1_surface_unaware M2_aeb_unavailable M3_no_speed_cap M4_late_reaction M5_weak_brakes M6_visibility_unaware,CH2,
change,16,55566013,full_exact,5,0.8333333333333334,M1_surface_unaware M2_aeb_unavailable M3_no_speed_cap M4_late_reaction M5_weak_brakes,CH2,
change,16,55566013,aware_exact,6,1.0,M1_surface_unaware M2_aeb_unavailable M3_no_speed_cap M4_late_reaction M5_weak_brakes M6_visibility_unaware,CH2,
change,16,55566013,aware_qaoa,6,1.0,M1_surface_unaware M2_aeb_unavailable M3_no_speed_cap M4_late_reaction M5_weak_brakes M6_visibility_unaware,CH2,
change,16,55566013,full_qaoa,5,0.8333333333333334,M1_surface_unaware M2_aeb_unavailable M3_no_speed_cap M4_late_reaction M5_weak_brakes,CH2,
change,16,55566013,keep_old,6,1.0,M1_surface_unaware M2_aeb_unavailable M3_no_speed_cap M4_late_reaction M5_weak_brakes M6_visibility_unaware,CH3,
change,16,55566013,full_exact,6,1.0,M1_surface_unaware M2_aeb_unavailable M3_no_speed_cap M4_late_reaction M5_weak_brakes M6_visibility_unaware,CH3,
change,16,55566013,aware_exact,6,1.0,M1_surface_unaware M2_aeb_unavailable M3_no_speed_cap M4_late_reaction M5_weak_brakes M6_visibility_unaware,CH3,
change,16,55566013,aware_qaoa,6,1.0,M1_surface_unaware M2_aeb_unavailable M3_no_speed_cap M4_late_reaction M5_weak_brakes M6_visibility_unaware,CH3,
change,16,55566013,full_qaoa,6,1.0,M1_surface_unaware M2_aeb_unavailable M3_no_speed_cap M4_late_reaction M5_weak_brakes M6_visibility_unaware,CH3,
change,16,55566013,keep_old,6,1.0,M1_surface_unaware M2_aeb_unavailable M3_no_speed_cap M4_late_reaction M5_weak_brakes M6_visibility_unaware,CH4,
change,16,55566013,full_exact,6,1.0,M1_surface_unaware M2_aeb_unavailable M3_no_speed_cap M4_late_reaction M5_weak_brakes M6_visibility_unaware,CH4,
change,16,55566013,aware_exact,6,1.0,M1_surface_unaware M2_aeb_unavailable M3_no_speed_cap M4_late_reaction M5_weak_brakes M6_visibility_unaware,CH4,
change,16,55566013,aware_qaoa,6,1.0,M1_surface_unaware M2_aeb_unavailable M3_no_speed_cap M4_late_reaction M5_weak_brakes M6_visibility_unaware,CH4,
change,16,55566013,full_qaoa,6,1.0,M1_surface_unaware M2_aeb_unavailable M3_no_speed_cap M4_late_reaction M5_weak_brakes M6_visibility_unaware,CH4,
change,16,55566013,keep_old,6,1.0,M1_surface_unaware M2_aeb_unavailable M3_no_speed_cap M4_late_reaction M5_weak_brakes M6_visibility_unaware,CH5,
change,16,55566013,full_exact,6,1.0,M1_surface_unaware M2_aeb_unavailable M3_no_speed_cap M4_late_reaction M5_weak_brakes M6_visibility_unaware,CH5,
change,16,55566013,aware_exact,6,1.0,M1_surface_unaware M2_aeb_unavailable M3_no_speed_cap M4_late_reaction M5_weak_brakes M6_visibility_unaware,CH5,
change,16,55566013,aware_qaoa,6,1.0,M1_surface_unaware M2_aeb_unavailable M3_no_speed_cap M4_late_reaction M5_weak_brakes M6_visibility_unaware,CH5,
change,16,55566013,full_qaoa,6,1.0,M1_surface_unaware M2_aeb_unavailable M3_no_speed_cap M4_late_reaction M5_weak_brakes M6_visibility_unaware,CH5,
change,16,55566013,keep_old,6,1.0,M1_surface_unaware M2_aeb_unavailable M3_no_speed_cap M4_late_reaction M5_weak_brakes M6_visibility_unaware,CH6,
change,16,55566013,full_exact,6,1.0,M1_surface_unaware M2_aeb_unavailable M3_no_speed_cap M4_late_reaction M5_weak_brakes M6_visibility_unaware,CH6,
change,16,55566013,aware_exact,6,1.0,M1_surface_unaware M2_aeb_unavailable M3_no_speed_cap M4_late_reaction M5_weak_brakes M6_visibility_unaware,CH6,
change,16,55566013,aware_qaoa,6,1.0,M1_surface_unaware M2_aeb_unavailable M3_no_speed_cap M4_late_reaction M5_weak_brakes M6_visibility_unaware,CH6,
change,16,55566013,full_qaoa,6,1.0,M1_surface_unaware M2_aeb_unavailable M3_no_speed_cap M4_late_reaction M5_weak_brakes M6_visibility_unaware,CH6,
change,16,55566014,keep_old,5,0.8333333333333334,M1_surface_unaware M2_aeb_unavailable M3_no_speed_cap M4_late_reaction M5_weak_brakes,CH1,
change,16,55566014,full_exact,5,0.8333333333333334,M1_surface_unaware M2_aeb_unavailable M3_no_speed_cap M4_late_reaction M5_weak_brakes,CH1,
change,16,55566014,aware_exact,5,0.8333333333333334,M1_surface_unaware M2_aeb_unavailable M3_no_speed_cap M4_late_reaction M5_weak_brakes,CH1,
change,16,55566014,aware_qaoa,5,0.8333333333333334,M1_surface_unaware M2_aeb_unavailable M3_no_speed_cap M4_late_reaction M5_weak_brakes,CH1,
change,16,55566014,full_qaoa,5,0.8333333333333334,M1_surface_unaware M2_aeb_unavailable M3_no_speed_cap M4_late_reaction M5_weak_brakes,CH1,
change,16,55566014,keep_old,5,0.8333333333333334,M1_surface_unaware M2_aeb_unavailable M3_no_speed_cap M4_late_reaction M5_weak_brakes,CH2,
change,16,55566014,full_exact,6,1.0,M1_surface_unaware M2_aeb_unavailable M3_no_speed_cap M4_late_reaction M5_weak_brakes M6_visibility_unaware,CH2,
change,16,55566014,aware_exact,6,1.0,M1_surface_unaware M2_aeb_unavailable M3_no_speed_cap M4_late_reaction M5_weak_brakes M6_visibility_unaware,CH2,
change,16,55566014,aware_qaoa,5,0.8333333333333334,M1_surface_unaware M2_aeb_unavailable M3_no_speed_cap M4_late_reaction M5_weak_brakes,CH2,
change,16,55566014,full_qaoa,6,1.0,M1_surface_unaware M2_aeb_unavailable M3_no_speed_cap M4_late_reaction M5_weak_brakes M6_visibility_unaware,CH2,
change,16,55566014,keep_old,5,0.8333333333333334,M1_surface_unaware M2_aeb_unavailable M3_no_speed_cap M4_late_reaction M5_weak_brakes,CH3,
change,16,55566014,full_exact,5,0.8333333333333334,M1_surface_unaware M2_aeb_unavailable M3_no_speed_cap M4_late_reaction M5_weak_brakes,CH3,
change,16,55566014,aware_exact,5,0.8333333333333334,M1_surface_unaware M2_aeb_unavailable M3_no_speed_cap M4_late_reaction M5_weak_brakes,CH3,
change,16,55566014,aware_qaoa,5,0.8333333333333334,M1_surface_unaware M2_aeb_unavailable M3_no_speed_cap M4_late_reaction M5_weak_brakes,CH3,
change,16,55566014,full_qaoa,5,0.8333333333333334,M1_surface_unaware M2_aeb_unavailable M3_no_speed_cap M4_late_reaction M5_weak_brakes,CH3,
change,16,55566014,keep_old,5,0.8333333333333334,M1_surface_unaware M2_aeb_unavailable M3_no_speed_cap M4_late_reaction M5_weak_brakes,CH4,
change,16,55566014,full_exact,5,0.8333333333333334,M1_surface_unaware M2_aeb_unavailable M3_no_speed_cap M4_late_reaction M5_weak_brakes,CH4,
change,16,55566014,aware_exact,5,0.8333333333333334,M1_surface_unaware M2_aeb_unavailable M3_no_speed_cap M4_late_reaction M5_weak_brakes,CH4,
change,16,55566014,aware_qaoa,5,0.8333333333333334,M1_surface_unaware M2_aeb_unavailable M3_no_speed_cap M4_late_reaction M5_weak_brakes,CH4,
change,16,55566014,full_qaoa,5,0.8333333333333334,M1_surface_unaware M2_aeb_unavailable M3_no_speed_cap M4_late_reaction M5_weak_brakes,CH4,
change,16,55566014,keep_old,5,0.8333333333333334,M1_surface_unaware M2_aeb_unavailable M3_no_speed_cap M4_late_reaction M5_weak_brakes,CH5,
change,16,55566014,full_exact,5,0.8333333333333334,M1_surface_unaware M2_aeb_unavailable M3_no_speed_cap M4_late_reaction M5_weak_brakes,CH5,
change,16,55566014,aware_exact,5,0.8333333333333334,M1_surface_unaware M2_aeb_unavailable M3_no_speed_cap M4_late_reaction M5_weak_brakes,CH5,
change,16,55566014,aware_qaoa,5,0.8333333333333334,M1_surface_unaware M2_aeb_unavailable M3_no_speed_cap M4_late_reaction M5_weak_brakes,CH5,
change,16,55566014,full_qaoa,5,0.8333333333333334,M1_surface_unaware M2_aeb_unavailable M3_no_speed_cap M4_late_reaction M5_weak_brakes,CH5,
change,16,55566014,keep_old,5,0.8333333333333334,M1_surface_unaware M2_aeb_unavailable M3_no_speed_cap M4_late_reaction M5_weak_brakes,CH6,
change,16,55566014,full_exact,5,0.8333333333333334,M1_surface_unaware M2_aeb_unavailable M3_no_speed_cap M4_late_reaction M5_weak_brakes,CH6,
change,16,55566014,aware_exact,5,0.8333333333333334,M1_surface_unaware M2_aeb_unavailable M3_no_speed_cap M4_late_reaction M5_weak_brakes,CH6,
change,16,55566014,aware_qaoa,5,0.8333333333333334,M1_surface_unaware M2_aeb_unavailable M3_no_speed_cap M4_late_reaction M5_weak_brakes,CH6,
change,16,55566014,full_qaoa,5,0.8333333333333334,M1_surface_unaware M2_aeb_unavailable M3_no_speed_cap M4_late_reaction M5_weak_brakes,CH6,
change,16,55566015,keep_old,6,1.0,M1_surface_unaware M2_aeb_unavailable M3_no_speed_cap M4_late_reaction M5_weak_brakes M6_visibility_unaware,CH1,
change,16,55566015,full_exact,6,1.0,M1_surface_unaware M2_aeb_unavailable M3_no_speed_cap M4_late_reaction M5_weak_brakes M6_visibility_unaware,CH1,
change,16,55566015,aware_exact,6,1.0,M1_surface_unaware M2_aeb_unavailable M3_no_speed_cap M4_late_reaction M5_weak_brakes M6_visibility_unaware,CH1,
change,16,55566015,aware_qaoa,6,1.0,M1_surface_unaware M2_aeb_unavailable M3_no_speed_cap M4_late_reaction M5_weak_brakes M6_visibility_unaware,CH1,
change,16,55566015,full_qaoa,6,1.0,M1_surface_unaware M2_aeb_unavailable M3_no_speed_cap M4_late_reaction M5_weak_brakes M6_visibility_unaware,CH1,
change,16,55566015,keep_old,6,1.0,M1_surface_unaware M2_aeb_unavailable M3_no_speed_cap M4_late_reaction M5_weak_brakes M6_visibility_unaware,CH2,
change,16,55566015,full_exact,6,1.0,M1_surface_unaware M2_aeb_unavailable M3_no_speed_cap M4_late_reaction M5_weak_brakes M6_visibility_unaware,CH2,
change,16,55566015,aware_exact,6,1.0,M1_surface_unaware M2_aeb_unavailable M3_no_speed_cap M4_late_reaction M5_weak_brakes M6_visibility_unaware,CH2,
change,16,55566015,aware_qaoa,6,1.0,M1_surface_unaware M2_aeb_unavailable M3_no_speed_cap M4_late_reaction M5_weak_brakes M6_visibility_unaware,CH2,
change,16,55566015,full_qaoa,6,1.0,M1_surface_unaware M2_aeb_unavailable M3_no_speed_cap M4_late_reaction M5_weak_brakes M6_visibility_unaware,CH2,
change,16,55566015,keep_old,6,1.0,M1_surface_unaware M2_aeb_unavailable M3_no_speed_cap M4_late_reaction M5_weak_brakes M6_visibility_unaware,CH3,
change,16,55566015,full_exact,6,1.0,M1_surface_unaware M2_aeb_unavailable M3_no_speed_cap M4_late_reaction M5_weak_brakes M6_visibility_unaware,CH3,
change,16,55566015,aware_exact,6,1.0,M1_surface_unaware M2_aeb_unavailable M3_no_speed_cap M4_late_reaction M5_weak_brakes M6_visibility_unaware,CH3,
change,16,55566015,aware_qaoa,6,1.0,M1_surface_unaware M2_aeb_unavailable M3_no_speed_cap M4_late_reaction M5_weak_brakes M6_visibility_unaware,CH3,
change,16,55566015,full_qaoa,6,1.0,M1_surface_unaware M2_aeb_unavailable M3_no_speed_cap M4_late_reaction M5_weak_brakes M6_visibility_unaware,CH3,
change,16,55566015,keep_old,6,1.0,M1_surface_unaware M2_aeb_unavailable M3_no_speed_cap M4_late_reaction M5_weak_brakes M6_visibility_unaware,CH4,
change,16,55566015,full_exact,6,1.0,M1_surface_unaware M2_aeb_unavailable M3_no_speed_cap M4_late_reaction M5_weak_brakes M6_visibility_unaware,CH4,
change,16,55566015,aware_exact,6,1.0,M1_surface_unaware M2_aeb_unavailable M3_no_speed_cap M4_late_reaction M5_weak_brakes M6_visibility_unaware,CH4,
change,16,55566015,aware_qaoa,6,1.0,M1_surface_unaware M2_aeb_unavailable M3_no_speed_cap M4_late_reaction M5_weak_brakes M6_visibility_unaware,CH4,
change,16,55566015,full_qaoa,6,1.0,M1_surface_unaware M2_aeb_unavailable M3_no_speed_cap M4_late_reaction M5_weak_brakes M6_visibility_unaware,CH4,
change,16,55566015,keep_old,6,1.0,M1_surface_unaware M2_aeb_unavailable M3_no_speed_cap M4_late_reaction M5_weak_brakes M6_visibility_unaware,CH5,
change,16,55566015,full_exact,6,1.0,M1_surface_unaware M2_aeb_unavailable M3_no_speed_cap M4_late_reaction M5_weak_brakes M6_visibility_unaware,CH5,
change,16,55566015,aware_exact,6,1.0,M1_surface_unaware M2_aeb_unavailable M3_no_speed_cap M4_late_reaction M5_weak_brakes M6_visibility_unaware,CH5,
change,16,55566015,aware_qaoa,6,1.0,M1_surface_unaware M2_aeb_unavailable M3_no_speed_cap M4_late_reaction M5_weak_brakes M6_visibility_unaware,CH5,
change,16,55566015,full_qaoa,6,1.0,M1_surface_unaware M2_aeb_unavailable M3_no_speed_cap M4_late_reaction M5_weak_brakes M6_visibility_unaware,CH5,
change,16,55566015,keep_old,6,1.0,M1_surface_unaware M2_aeb_unavailable M3_no_speed_cap M4_late_reaction M5_weak_brakes M6_visibility_unaware,CH6,
change,16,55566015,full_exact,6,1.0,M1_surface_unaware M2_aeb_unavailable M3_no_speed_cap M4_late_reaction M5_weak_brakes M6_visibility_unaware,CH6,
change,16,55566015,aware_exact,6,1.0,M1_surface_unaware M2_aeb_unavailable M3_no_speed_cap M4_late_reaction M5_weak_brakes M6_visibility_unaware,CH6,
change,16,55566015,aware_qaoa,6,1.0,M1_surface_unaware M2_aeb_unavailable M3_no_speed_cap M4_late_reaction M5_weak_brakes M6_visibility_unaware,CH6,
change,16,55566015,full_qaoa,6,1.0,M1_surface_unaware M2_aeb_unavailable M3_no_speed_cap M4_late_reaction M5_weak_brakes M6_visibility_unaware,CH6,
change,16,55566016,keep_old,5,0.8333333333333334,M1_surface_unaware M2_aeb_unavailable M3_no_speed_cap M4_late_reaction M5_weak_brakes,CH1,
change,16,55566016,full_exact,5,0.8333333333333334,M1_surface_unaware M2_aeb_unavailable M3_no_speed_cap M4_late_reaction M5_weak_brakes,CH1,
change,16,55566016,aware_exact,5,0.8333333333333334,M1_surface_unaware M2_aeb_unavailable M3_no_speed_cap M4_late_reaction M5_weak_brakes,CH1,
change,16,55566016,aware_qaoa,5,0.8333333333333334,M1_surface_unaware M2_aeb_unavailable M3_no_speed_cap M4_late_reaction M5_weak_brakes,CH1,
change,16,55566016,full_qaoa,5,0.8333333333333334,M1_surface_unaware M2_aeb_unavailable M3_no_speed_cap M4_late_reaction M5_weak_brakes,CH1,
change,16,55566016,keep_old,5,0.8333333333333334,M1_surface_unaware M2_aeb_unavailable M3_no_speed_cap M4_late_reaction M5_weak_brakes,CH2,
change,16,55566016,full_exact,6,1.0,M1_surface_unaware M2_aeb_unavailable M3_no_speed_cap M4_late_reaction M5_weak_brakes M6_visibility_unaware,CH2,
change,16,55566016,aware_exact,6,1.0,M1_surface_unaware M2_aeb_unavailable M3_no_speed_cap M4_late_reaction M5_weak_brakes M6_visibility_unaware,CH2,
change,16,55566016,aware_qaoa,6,1.0,M1_surface_unaware M2_aeb_unavailable M3_no_speed_cap M4_late_reaction M5_weak_brakes M6_visibility_unaware,CH2,
change,16,55566016,full_qaoa,6,1.0,M1_surface_unaware M2_aeb_unavailable M3_no_speed_cap M4_late_reaction M5_weak_brakes M6_visibility_unaware,CH2,
change,16,55566016,keep_old,5,0.8333333333333334,M1_surface_unaware M2_aeb_unavailable M3_no_speed_cap M4_late_reaction M5_weak_brakes,CH3,
change,16,55566016,full_exact,5,0.8333333333333334,M1_surface_unaware M2_aeb_unavailable M3_no_speed_cap M4_late_reaction M5_weak_brakes,CH3,
change,16,55566016,aware_exact,5,0.8333333333333334,M1_surface_unaware M2_aeb_unavailable M3_no_speed_cap M4_late_reaction M5_weak_brakes,CH3,
change,16,55566016,aware_qaoa,5,0.8333333333333334,M1_surface_unaware M2_aeb_unavailable M3_no_speed_cap M4_late_reaction M5_weak_brakes,CH3,
change,16,55566016,full_qaoa,5,0.8333333333333334,M1_surface_unaware M2_aeb_unavailable M3_no_speed_cap M4_late_reaction M5_weak_brakes,CH3,
change,16,55566016,keep_old,5,0.8333333333333334,M1_surface_unaware M2_aeb_unavailable M3_no_speed_cap M4_late_reaction M5_weak_brakes,CH4,
change,16,55566016,full_exact,5,0.8333333333333334,M1_surface_unaware M2_aeb_unavailable M3_no_speed_cap M4_late_reaction M5_weak_brakes,CH4,
change,16,55566016,aware_exact,5,0.8333333333333334,M1_surface_unaware M2_aeb_unavailable M3_no_speed_cap M4_late_reaction M5_weak_brakes,CH4,
change,16,55566016,aware_qaoa,5,0.8333333333333334,M1_surface_unaware M2_aeb_unavailable M3_no_speed_cap M4_late_reaction M5_weak_brakes,CH4,
change,16,55566016,full_qaoa,5,0.8333333333333334,M1_surface_unaware M2_aeb_unavailable M3_no_speed_cap M4_late_reaction M5_weak_brakes,CH4,
change,16,55566016,keep_old,5,0.8333333333333334,M1_surface_unaware M2_aeb_unavailable M3_no_speed_cap M4_late_reaction M5_weak_brakes,CH5,
change,16,55566016,full_exact,5,0.8333333333333334,M1_surface_unaware M2_aeb_unavailable M3_no_speed_cap M4_late_reaction M5_weak_brakes,CH5,
change,16,55566016,aware_exact,5,0.8333333333333334,M1_surface_unaware M2_aeb_unavailable M3_no_speed_cap M4_late_reaction M5_weak_brakes,CH5,
change,16,55566016,aware_qaoa,5,0.8333333333333334,M1_surface_unaware M2_aeb_unavailable M3_no_speed_cap M4_late_reaction M5_weak_brakes,CH5,
change,16,55566016,full_qaoa,5,0.8333333333333334,M1_surface_unaware M2_aeb_unavailable M3_no_speed_cap M4_late_reaction M5_weak_brakes,CH5,
change,16,55566016,keep_old,5,0.8333333333333334,M1_surface_unaware M2_aeb_unavailable M3_no_speed_cap M4_late_reaction M5_weak_brakes,CH6,
change,16,55566016,full_exact,5,0.8333333333333334,M1_surface_unaware M2_aeb_unavailable M3_no_speed_cap M4_late_reaction M5_weak_brakes,CH6,
change,16,55566016,aware_exact,5,0.8333333333333334,M1_surface_unaware M2_aeb_unavailable M3_no_speed_cap M4_late_reaction M5_weak_brakes,CH6,
change,16,55566016,aware_qaoa,5,0.8333333333333334,M1_surface_unaware M2_aeb_unavailable M3_no_speed_cap M4_late_reaction M5_weak_brakes,CH6,
change,16,55566016,full_qaoa,5,0.8333333333333334,M1_surface_unaware M2_aeb_unavailable M3_no_speed_cap M4_late_reaction M5_weak_brakes,CH6,
change,16,55566017,keep_old,5,0.8333333333333334,M1_surface_unaware M2_aeb_unavailable M3_no_speed_cap M4_late_reaction M5_weak_brakes,CH1,
change,16,55566017,full_exact,5,0.8333333333333334,M1_surface_unaware M2_aeb_unavailable M3_no_speed_cap M4_late_reaction M5_weak_brakes,CH1,
change,16,55566017,aware_exact,5,0.8333333333333334,M1_surface_unaware M2_aeb_unavailable M3_no_speed_cap M4_late_reaction M5_weak_brakes,CH1,
change,16,55566017,aware_qaoa,5,0.8333333333333334,M1_surface_unaware M2_aeb_unavailable M3_no_speed_cap M4_late_reaction M5_weak_brakes,CH1,
change,16,55566017,full_qaoa,5,0.8333333333333334,M1_surface_unaware M2_aeb_unavailable M3_no_speed_cap M4_late_reaction M5_weak_brakes,CH1,
change,16,55566017,keep_old,5,0.8333333333333334,M1_surface_unaware M2_aeb_unavailable M3_no_speed_cap M4_late_reaction M5_weak_brakes,CH2,
change,16,55566017,full_exact,5,0.8333333333333334,M1_surface_unaware M2_aeb_unavailable M3_no_speed_cap M4_late_reaction M5_weak_brakes,CH2,
change,16,55566017,aware_exact,5,0.8333333333333334,M1_surface_unaware M2_aeb_unavailable M3_no_speed_cap M4_late_reaction M5_weak_brakes,CH2,
change,16,55566017,aware_qaoa,5,0.8333333333333334,M1_surface_unaware M2_aeb_unavailable M3_no_speed_cap M4_late_reaction M5_weak_brakes,CH2,
change,16,55566017,full_qaoa,5,0.8333333333333334,M1_surface_unaware M2_aeb_unavailable M3_no_speed_cap M4_late_reaction M5_weak_brakes,CH2,
change,16,55566017,keep_old,5,0.8333333333333334,M1_surface_unaware M2_aeb_unavailable M3_no_speed_cap M4_late_reaction M5_weak_brakes,CH3,
change,16,55566017,full_exact,5,0.8333333333333334,M1_surface_unaware M2_aeb_unavailable M3_no_speed_cap M4_late_reaction M5_weak_brakes,CH3,
change,16,55566017,aware_exact,5,0.8333333333333334,M1_surface_unaware M2_aeb_unavailable M3_no_speed_cap M4_late_reaction M5_weak_brakes,CH3,
change,16,55566017,aware_qaoa,5,0.8333333333333334,M1_surface_unaware M2_aeb_unavailable M3_no_speed_cap M4_late_reaction M5_weak_brakes,CH3,
change,16,55566017,full_qaoa,5,0.8333333333333334,M1_surface_unaware M2_aeb_unavailable M3_no_speed_cap M4_late_reaction M5_weak_brakes,CH3,
change,16,55566017,keep_old,5,0.8333333333333334,M1_surface_unaware M2_aeb_unavailable M3_no_speed_cap M4_late_reaction M5_weak_brakes,CH4,
change,16,55566017,full_exact,5,0.8333333333333334,M1_surface_unaware M2_aeb_unavailable M3_no_speed_cap M4_late_reaction M5_weak_brakes,CH4,
change,16,55566017,aware_exact,5,0.8333333333333334,M1_surface_unaware M2_aeb_unavailable M3_no_speed_cap M4_late_reaction M5_weak_brakes,CH4,
change,16,55566017,aware_qaoa,5,0.8333333333333334,M1_surface_unaware M2_aeb_unavailable M3_no_speed_cap M4_late_reaction M5_weak_brakes,CH4,
change,16,55566017,full_qaoa,5,0.8333333333333334,M1_surface_unaware M2_aeb_unavailable M3_no_speed_cap M4_late_reaction M5_weak_brakes,CH4,
change,16,55566017,keep_old,5,0.8333333333333334,M1_surface_unaware M2_aeb_unavailable M3_no_speed_cap M4_late_reaction M5_weak_brakes,CH5,
change,16,55566017,full_exact,5,0.8333333333333334,M1_surface_unaware M2_aeb_unavailable M3_no_speed_cap M4_late_reaction M5_weak_brakes,CH5,
change,16,55566017,aware_exact,5,0.8333333333333334,M1_surface_unaware M2_aeb_unavailable M3_no_speed_cap M4_late_reaction M5_weak_brakes,CH5,
change,16,55566017,aware_qaoa,5,0.8333333333333334,M1_surface_unaware M2_aeb_unavailable M3_no_speed_cap M4_late_reaction M5_weak_brakes,CH5,
change,16,55566017,full_qaoa,5,0.8333333333333334,M1_surface_unaware M2_aeb_unavailable M3_no_speed_cap M4_late_reaction M5_weak_brakes,CH5,
change,16,55566017,keep_old,5,0.8333333333333334,M1_surface_unaware M2_aeb_unavailable M3_no_speed_cap M4_late_reaction M5_weak_brakes,CH6,
change,16,55566017,full_exact,5,0.8333333333333334,M1_surface_unaware M2_aeb_unavailable M3_no_speed_cap M4_late_reaction M5_weak_brakes,CH6,
change,16,55566017,aware_exact,5,0.8333333333333334,M1_surface_unaware M2_aeb_unavailable M3_no_speed_cap M4_late_reaction M5_weak_brakes,CH6,
change,16,55566017,aware_qaoa,5,0.8333333333333334,M1_surface_unaware M2_aeb_unavailable M3_no_speed_cap M4_late_reaction M5_weak_brakes,CH6,
change,16,55566017,full_qaoa,5,0.8333333333333334,M1_surface_unaware M2_aeb_unavailable M3_no_speed_cap M4_late_reaction M5_weak_brakes,CH6,
change,16,55566018,keep_old,6,1.0,M1_surface_unaware M2_aeb_unavailable M3_no_speed_cap M4_late_reaction M5_weak_brakes M6_visibility_unaware,CH1,
change,16,55566018,full_exact,6,1.0,M1_surface_unaware M2_aeb_unavailable M3_no_speed_cap M4_late_reaction M5_weak_brakes M6_visibility_unaware,CH1,
change,16,55566018,aware_exact,6,1.0,M1_surface_unaware M2_aeb_unavailable M3_no_speed_cap M4_late_reaction M5_weak_brakes M6_visibility_unaware,CH1,
change,16,55566018,aware_qaoa,6,1.0,M1_surface_unaware M2_aeb_unavailable M3_no_speed_cap M4_late_reaction M5_weak_brakes M6_visibility_unaware,CH1,
change,16,55566018,full_qaoa,6,1.0,M1_surface_unaware M2_aeb_unavailable M3_no_speed_cap M4_late_reaction M5_weak_brakes M6_visibility_unaware,CH1,
change,16,55566018,keep_old,6,1.0,M1_surface_unaware M2_aeb_unavailable M3_no_speed_cap M4_late_reaction M5_weak_brakes M6_visibility_unaware,CH2,
change,16,55566018,full_exact,6,1.0,M1_surface_unaware M2_aeb_unavailable M3_no_speed_cap M4_late_reaction M5_weak_brakes M6_visibility_unaware,CH2,
change,16,55566018,aware_exact,6,1.0,M1_surface_unaware M2_aeb_unavailable M3_no_speed_cap M4_late_reaction M5_weak_brakes M6_visibility_unaware,CH2,
change,16,55566018,aware_qaoa,6,1.0,M1_surface_unaware M2_aeb_unavailable M3_no_speed_cap M4_late_reaction M5_weak_brakes M6_visibility_unaware,CH2,
change,16,55566018,full_qaoa,6,1.0,M1_surface_unaware M2_aeb_unavailable M3_no_speed_cap M4_late_reaction M5_weak_brakes M6_visibility_unaware,CH2,
change,16,55566018,keep_old,6,1.0,M1_surface_unaware M2_aeb_unavailable M3_no_speed_cap M4_late_reaction M5_weak_brakes M6_visibility_unaware,CH3,
change,16,55566018,full_exact,6,1.0,M1_surface_unaware M2_aeb_unavailable M3_no_speed_cap M4_late_reaction M5_weak_brakes M6_visibility_unaware,CH3,
change,16,55566018,aware_exact,6,1.0,M1_surface_unaware M2_aeb_unavailable M3_no_speed_cap M4_late_reaction M5_weak_brakes M6_visibility_unaware,CH3,
change,16,55566018,aware_qaoa,6,1.0,M1_surface_unaware M2_aeb_unavailable M3_no_speed_cap M4_late_reaction M5_weak_brakes M6_visibility_unaware,CH3,
change,16,55566018,full_qaoa,6,1.0,M1_surface_unaware M2_aeb_unavailable M3_no_speed_cap M4_late_reaction M5_weak_brakes M6_visibility_unaware,CH3,
change,16,55566018,keep_old,6,1.0,M1_surface_unaware M2_aeb_unavailable M3_no_speed_cap M4_late_reaction M5_weak_brakes M6_visibility_unaware,CH4,
change,16,55566018,full_exact,6,1.0,M1_surface_unaware M2_aeb_unavailable M3_no_speed_cap M4_late_reaction M5_weak_brakes M6_visibility_unaware,CH4,
change,16,55566018,aware_exact,6,1.0,M1_surface_unaware M2_aeb_unavailable M3_no_speed_cap M4_late_reaction M5_weak_brakes M6_visibility_unaware,CH4,
change,16,55566018,aware_qaoa,6,1.0,M1_surface_unaware M2_aeb_unavailable M3_no_speed_cap M4_late_reaction M5_weak_brakes M6_visibility_unaware,CH4,
change,16,55566018,full_qaoa,6,1.0,M1_surface_unaware M2_aeb_unavailable M3_no_speed_cap M4_late_reaction M5_weak_brakes M6_visibility_unaware,CH4,
change,16,55566018,keep_old,6,1.0,M1_surface_unaware M2_aeb_unavailable M3_no_speed_cap M4_late_reaction M5_weak_brakes M6_visibility_unaware,CH5,
change,16,55566018,full_exact,6,1.0,M1_surface_unaware M2_aeb_unavailable M3_no_speed_cap M4_late_reaction M5_weak_brakes M6_visibility_unaware,CH5,
change,16,55566018,aware_exact,6,1.0,M1_surface_unaware M2_aeb_unavailable M3_no_speed_cap M4_late_reaction M5_weak_brakes M6_visibility_unaware,CH5,
change,16,55566018,aware_qaoa,6,1.0,M1_surface_unaware M2_aeb_unavailable M3_no_speed_cap M4_late_reaction M5_weak_brakes M6_visibility_unaware,CH5,
change,16,55566018,full_qaoa,6,1.0,M1_surface_unaware M2_aeb_unavailable M3_no_speed_cap M4_late_reaction M5_weak_brakes M6_visibility_unaware,CH5,
change,16,55566018,keep_old,6,1.0,M1_surface_unaware M2_aeb_unavailable M3_no_speed_cap M4_late_reaction M5_weak_brakes M6_visibility_unaware,CH6,
change,16,55566018,full_exact,6,1.0,M1_surface_unaware M2_aeb_unavailable M3_no_speed_cap M4_late_reaction M5_weak_brakes M6_visibility_unaware,CH6,
change,16,55566018,aware_exact,6,1.0,M1_surface_unaware M2_aeb_unavailable M3_no_speed_cap M4_late_reaction M5_weak_brakes M6_visibility_unaware,CH6,
change,16,55566018,aware_qaoa,6,1.0,M1_surface_unaware M2_aeb_unavailable M3_no_speed_cap M4_late_reaction M5_weak_brakes M6_visibility_unaware,CH6,
change,16,55566018,full_qaoa,6,1.0,M1_surface_unaware M2_aeb_unavailable M3_no_speed_cap M4_late_reaction M5_weak_brakes M6_visibility_unaware,CH6,
change,16,55566019,keep_old,6,1.0,M1_surface_unaware M2_aeb_unavailable M3_no_speed_cap M4_late_reaction M5_weak_brakes M6_visibility_unaware,CH1,
change,16,55566019,full_exact,6,1.0,M1_surface_unaware M2_aeb_unavailable M3_no_speed_cap M4_late_reaction M5_weak_brakes M6_visibility_unaware,CH1,
change,16,55566019,aware_exact,6,1.0,M1_surface_unaware M2_aeb_unavailable M3_no_speed_cap M4_late_reaction M5_weak_brakes M6_visibility_unaware,CH1,
change,16,55566019,aware_qaoa,5,0.8333333333333334,M1_surface_unaware M2_aeb_unavailable M3_no_speed_cap M4_late_reaction M5_weak_brakes,CH1,
change,16,55566019,full_qaoa,5,0.8333333333333334,M1_surface_unaware M2_aeb_unavailable M3_no_speed_cap M4_late_reaction M5_weak_brakes,CH1,
change,16,55566019,keep_old,6,1.0,M1_surface_unaware M2_aeb_unavailable M3_no_speed_cap M4_late_reaction M5_weak_brakes M6_visibility_unaware,CH2,
change,16,55566019,full_exact,6,1.0,M1_surface_unaware M2_aeb_unavailable M3_no_speed_cap M4_late_reaction M5_weak_brakes M6_visibility_unaware,CH2,
change,16,55566019,aware_exact,6,1.0,M1_surface_unaware M2_aeb_unavailable M3_no_speed_cap M4_late_reaction M5_weak_brakes M6_visibility_unaware,CH2,
change,16,55566019,aware_qaoa,6,1.0,M1_surface_unaware M2_aeb_unavailable M3_no_speed_cap M4_late_reaction M5_weak_brakes M6_visibility_unaware,CH2,
change,16,55566019,full_qaoa,5,0.8333333333333334,M1_surface_unaware M2_aeb_unavailable M3_no_speed_cap M4_late_reaction M5_weak_brakes,CH2,
change,16,55566019,keep_old,6,1.0,M1_surface_unaware M2_aeb_unavailable M3_no_speed_cap M4_late_reaction M5_weak_brakes M6_visibility_unaware,CH3,
change,16,55566019,full_exact,6,1.0,M1_surface_unaware M2_aeb_unavailable M3_no_speed_cap M4_late_reaction M5_weak_brakes M6_visibility_unaware,CH3,
change,16,55566019,aware_exact,6,1.0,M1_surface_unaware M2_aeb_unavailable M3_no_speed_cap M4_late_reaction M5_weak_brakes M6_visibility_unaware,CH3,
change,16,55566019,aware_qaoa,5,0.8333333333333334,M1_surface_unaware M2_aeb_unavailable M3_no_speed_cap M4_late_reaction M5_weak_brakes,CH3,
change,16,55566019,full_qaoa,5,0.8333333333333334,M1_surface_unaware M2_aeb_unavailable M3_no_speed_cap M4_late_reaction M5_weak_brakes,CH3,
change,16,55566019,keep_old,6,1.0,M1_surface_unaware M2_aeb_unavailable M3_no_speed_cap M4_late_reaction M5_weak_brakes M6_visibility_unaware,CH4,
change,16,55566019,full_exact,6,1.0,M1_surface_unaware M2_aeb_unavailable M3_no_speed_cap M4_late_reaction M5_weak_brakes M6_visibility_unaware,CH4,
change,16,55566019,aware_exact,6,1.0,M1_surface_unaware M2_aeb_unavailable M3_no_speed_cap M4_late_reaction M5_weak_brakes M6_visibility_unaware,CH4,
change,16,55566019,aware_qaoa,5,0.8333333333333334,M1_surface_unaware M2_aeb_unavailable M3_no_speed_cap M4_late_reaction M5_weak_brakes,CH4,
change,16,55566019,full_qaoa,5,0.8333333333333334,M1_surface_unaware M2_aeb_unavailable M3_no_speed_cap M4_late_reaction M5_weak_brakes,CH4,
change,16,55566019,keep_old,6,1.0,M1_surface_unaware M2_aeb_unavailable M3_no_speed_cap M4_late_reaction M5_weak_brakes M6_visibility_unaware,CH5,
change,16,55566019,full_exact,6,1.0,M1_surface_unaware M2_aeb_unavailable M3_no_speed_cap M4_late_reaction M5_weak_brakes M6_visibility_unaware,CH5,
change,16,55566019,aware_exact,6,1.0,M1_surface_unaware M2_aeb_unavailable M3_no_speed_cap M4_late_reaction M5_weak_brakes M6_visibility_unaware,CH5,
change,16,55566019,aware_qaoa,6,1.0,M1_surface_unaware M2_aeb_unavailable M3_no_speed_cap M4_late_reaction M5_weak_brakes M6_visibility_unaware,CH5,
change,16,55566019,full_qaoa,5,0.8333333333333334,M1_surface_unaware M2_aeb_unavailable M3_no_speed_cap M4_late_reaction M5_weak_brakes,CH5,
change,16,55566019,keep_old,6,1.0,M1_surface_unaware M2_aeb_unavailable M3_no_speed_cap M4_late_reaction M5_weak_brakes M6_visibility_unaware,CH6,
change,16,55566019,full_exact,6,1.0,M1_surface_unaware M2_aeb_unavailable M3_no_speed_cap M4_late_reaction M5_weak_brakes M6_visibility_unaware,CH6,
change,16,55566019,aware_exact,6,1.0,M1_surface_unaware M2_aeb_unavailable M3_no_speed_cap M4_late_reaction M5_weak_brakes M6_visibility_unaware,CH6,
change,16,55566019,aware_qaoa,5,0.8333333333333334,M1_surface_unaware M2_aeb_unavailable M3_no_speed_cap M4_late_reaction M5_weak_brakes,CH6,
change,16,55566019,full_qaoa,5,0.8333333333333334,M1_surface_unaware M2_aeb_unavailable M3_no_speed_cap M4_late_reaction M5_weak_brakes,CH6,
change,16,55566020,keep_old,5,0.8333333333333334,M1_surface_unaware M2_aeb_unavailable M3_no_speed_cap M4_late_reaction M5_weak_brakes,CH1,
change,16,55566020,full_exact,5,0.8333333333333334,M1_surface_unaware M2_aeb_unavailable M3_no_speed_cap M4_late_reaction M5_weak_brakes,CH1,
change,16,55566020,aware_exact,5,0.8333333333333334,M1_surface_unaware M2_aeb_unavailable M3_no_speed_cap M4_late_reaction M5_weak_brakes,CH1,
change,16,55566020,aware_qaoa,5,0.8333333333333334,M1_surface_unaware M2_aeb_unavailable M3_no_speed_cap M4_late_reaction M5_weak_brakes,CH1,
change,16,55566020,full_qaoa,5,0.8333333333333334,M1_surface_unaware M2_aeb_unavailable M3_no_speed_cap M4_late_reaction M5_weak_brakes,CH1,
change,16,55566020,keep_old,5,0.8333333333333334,M1_surface_unaware M2_aeb_unavailable M3_no_speed_cap M4_late_reaction M5_weak_brakes,CH2,
change,16,55566020,full_exact,5,0.8333333333333334,M1_surface_unaware M2_aeb_unavailable M3_no_speed_cap M4_late_reaction M5_weak_brakes,CH2,
change,16,55566020,aware_exact,5,0.8333333333333334,M1_surface_unaware M2_aeb_unavailable M3_no_speed_cap M4_late_reaction M5_weak_brakes,CH2,
change,16,55566020,aware_qaoa,5,0.8333333333333334,M1_surface_unaware M2_aeb_unavailable M3_no_speed_cap M4_late_reaction M5_weak_brakes,CH2,
change,16,55566020,full_qaoa,5,0.8333333333333334,M1_surface_unaware M2_aeb_unavailable M3_no_speed_cap M4_late_reaction M5_weak_brakes,CH2,
change,16,55566020,keep_old,5,0.8333333333333334,M1_surface_unaware M2_aeb_unavailable M3_no_speed_cap M4_late_reaction M5_weak_brakes,CH3,
change,16,55566020,full_exact,5,0.8333333333333334,M1_surface_unaware M2_aeb_unavailable M3_no_speed_cap M4_late_reaction M5_weak_brakes,CH3,
change,16,55566020,aware_exact,5,0.8333333333333334,M1_surface_unaware M2_aeb_unavailable M3_no_speed_cap M4_late_reaction M5_weak_brakes,CH3,
change,16,55566020,aware_qaoa,5,0.8333333333333334,M1_surface_unaware M2_aeb_unavailable M3_no_speed_cap M4_late_reaction M5_weak_brakes,CH3,
change,16,55566020,full_qaoa,5,0.8333333333333334,M1_surface_unaware M2_aeb_unavailable M3_no_speed_cap M4_late_reaction M5_weak_brakes,CH3,
change,16,55566020,keep_old,5,0.8333333333333334,M1_surface_unaware M2_aeb_unavailable M3_no_speed_cap M4_late_reaction M5_weak_brakes,CH4,
change,16,55566020,full_exact,5,0.8333333333333334,M1_surface_unaware M2_aeb_unavailable M3_no_speed_cap M4_late_reaction M5_weak_brakes,CH4,
change,16,55566020,aware_exact,5,0.8333333333333334,M1_surface_unaware M2_aeb_unavailable M3_no_speed_cap M4_late_reaction M5_weak_brakes,CH4,
change,16,55566020,aware_qaoa,5,0.8333333333333334,M1_surface_unaware M2_aeb_unavailable M3_no_speed_cap M4_late_reaction M5_weak_brakes,CH4,
change,16,55566020,full_qaoa,5,0.8333333333333334,M1_surface_unaware M2_aeb_unavailable M3_no_speed_cap M4_late_reaction M5_weak_brakes,CH4,
change,16,55566020,keep_old,5,0.8333333333333334,M1_surface_unaware M2_aeb_unavailable M3_no_speed_cap M4_late_reaction M5_weak_brakes,CH5,
change,16,55566020,full_exact,5,0.8333333333333334,M1_surface_unaware M2_aeb_unavailable M3_no_speed_cap M4_late_reaction M5_weak_brakes,CH5,
change,16,55566020,aware_exact,5,0.8333333333333334,M1_surface_unaware M2_aeb_unavailable M3_no_speed_cap M4_late_reaction M5_weak_brakes,CH5,
change,16,55566020,aware_qaoa,5,0.8333333333333334,M1_surface_unaware M2_aeb_unavailable M3_no_speed_cap M4_late_reaction M5_weak_brakes,CH5,
change,16,55566020,full_qaoa,5,0.8333333333333334,M1_surface_unaware M2_aeb_unavailable M3_no_speed_cap M4_late_reaction M5_weak_brakes,CH5,
change,16,55566020,keep_old,5,0.8333333333333334,M1_surface_unaware M2_aeb_unavailable M3_no_speed_cap M4_late_reaction M5_weak_brakes,CH6,
change,16,55566020,full_exact,5,0.8333333333333334,M1_surface_unaware M2_aeb_unavailable M3_no_speed_cap M4_late_reaction M5_weak_brakes,CH6,
change,16,55566020,aware_exact,5,0.8333333333333334,M1_surface_unaware M2_aeb_unavailable M3_no_speed_cap M4_late_reaction M5_weak_brakes,CH6,
change,16,55566020,aware_qaoa,5,0.8333333333333334,M1_surface_unaware M2_aeb_unavailable M3_no_speed_cap M4_late_reaction M5_weak_brakes,CH6,
change,16,55566020,full_qaoa,5,0.8333333333333334,M1_surface_unaware M2_aeb_unavailable M3_no_speed_cap M4_late_reaction M5_weak_brakes,CH6,
change,16,55566021,keep_old,5,0.8333333333333334,M1_surface_unaware M2_aeb_unavailable M3_no_speed_cap M4_late_reaction M5_weak_brakes,CH1,
change,16,55566021,full_exact,5,0.8333333333333334,M1_surface_unaware M2_aeb_unavailable M3_no_speed_cap M4_late_reaction M5_weak_brakes,CH1,
change,16,55566021,aware_exact,5,0.8333333333333334,M1_surface_unaware M2_aeb_unavailable M3_no_speed_cap M4_late_reaction M5_weak_brakes,CH1,
change,16,55566021,aware_qaoa,5,0.8333333333333334,M1_surface_unaware M2_aeb_unavailable M3_no_speed_cap M4_late_reaction M5_weak_brakes,CH1,
change,16,55566021,full_qaoa,6,1.0,M1_surface_unaware M2_aeb_unavailable M3_no_speed_cap M4_late_reaction M5_weak_brakes M6_visibility_unaware,CH1,
change,16,55566021,keep_old,5,0.8333333333333334,M1_surface_unaware M2_aeb_unavailable M3_no_speed_cap M4_late_reaction M5_weak_brakes,CH2,
change,16,55566021,full_exact,5,0.8333333333333334,M1_surface_unaware M2_aeb_unavailable M3_no_speed_cap M4_late_reaction M5_weak_brakes,CH2,
change,16,55566021,aware_exact,5,0.8333333333333334,M1_surface_unaware M2_aeb_unavailable M3_no_speed_cap M4_late_reaction M5_weak_brakes,CH2,
change,16,55566021,aware_qaoa,5,0.8333333333333334,M1_surface_unaware M2_aeb_unavailable M3_no_speed_cap M4_late_reaction M5_weak_brakes,CH2,
change,16,55566021,full_qaoa,6,1.0,M1_surface_unaware M2_aeb_unavailable M3_no_speed_cap M4_late_reaction M5_weak_brakes M6_visibility_unaware,CH2,
change,16,55566021,keep_old,5,0.8333333333333334,M1_surface_unaware M2_aeb_unavailable M3_no_speed_cap M4_late_reaction M5_weak_brakes,CH3,
change,16,55566021,full_exact,5,0.8333333333333334,M1_surface_unaware M2_aeb_unavailable M3_no_speed_cap M4_late_reaction M5_weak_brakes,CH3,
change,16,55566021,aware_exact,5,0.8333333333333334,M1_surface_unaware M2_aeb_unavailable M3_no_speed_cap M4_late_reaction M5_weak_brakes,CH3,
change,16,55566021,aware_qaoa,5,0.8333333333333334,M1_surface_unaware M2_aeb_unavailable M3_no_speed_cap M4_late_reaction M5_weak_brakes,CH3,
change,16,55566021,full_qaoa,6,1.0,M1_surface_unaware M2_aeb_unavailable M3_no_speed_cap M4_late_reaction M5_weak_brakes M6_visibility_unaware,CH3,
change,16,55566021,keep_old,5,0.8333333333333334,M1_surface_unaware M2_aeb_unavailable M3_no_speed_cap M4_late_reaction M5_weak_brakes,CH4,
change,16,55566021,full_exact,5,0.8333333333333334,M1_surface_unaware M2_aeb_unavailable M3_no_speed_cap M4_late_reaction M5_weak_brakes,CH4,
change,16,55566021,aware_exact,5,0.8333333333333334,M1_surface_unaware M2_aeb_unavailable M3_no_speed_cap M4_late_reaction M5_weak_brakes,CH4,
change,16,55566021,aware_qaoa,5,0.8333333333333334,M1_surface_unaware M2_aeb_unavailable M3_no_speed_cap M4_late_reaction M5_weak_brakes,CH4,
change,16,55566021,full_qaoa,6,1.0,M1_surface_unaware M2_aeb_unavailable M3_no_speed_cap M4_late_reaction M5_weak_brakes M6_visibility_unaware,CH4,
change,16,55566021,keep_old,5,0.8333333333333334,M1_surface_unaware M2_aeb_unavailable M3_no_speed_cap M4_late_reaction M5_weak_brakes,CH5,
change,16,55566021,full_exact,5,0.8333333333333334,M1_surface_unaware M2_aeb_unavailable M3_no_speed_cap M4_late_reaction M5_weak_brakes,CH5,
change,16,55566021,aware_exact,5,0.8333333333333334,M1_surface_unaware M2_aeb_unavailable M3_no_speed_cap M4_late_reaction M5_weak_brakes,CH5,
change,16,55566021,aware_qaoa,6,1.0,M1_surface_unaware M2_aeb_unavailable M3_no_speed_cap M4_late_reaction M5_weak_brakes M6_visibility_unaware,CH5,
change,16,55566021,full_qaoa,6,1.0,M1_surface_unaware M2_aeb_unavailable M3_no_speed_cap M4_late_reaction M5_weak_brakes M6_visibility_unaware,CH5,
change,16,55566021,keep_old,5,0.8333333333333334,M1_surface_unaware M2_aeb_unavailable M3_no_speed_cap M4_late_reaction M5_weak_brakes,CH6,
change,16,55566021,full_exact,5,0.8333333333333334,M1_surface_unaware M2_aeb_unavailable M3_no_speed_cap M4_late_reaction M5_weak_brakes,CH6,
change,16,55566021,aware_exact,5,0.8333333333333334,M1_surface_unaware M2_aeb_unavailable M3_no_speed_cap M4_late_reaction M5_weak_brakes,CH6,
change,16,55566021,aware_qaoa,5,0.8333333333333334,M1_surface_unaware M2_aeb_unavailable M3_no_speed_cap M4_late_reaction M5_weak_brakes,CH6,
change,16,55566021,full_qaoa,6,1.0,M1_surface_unaware M2_aeb_unavailable M3_no_speed_cap M4_late_reaction M5_weak_brakes M6_visibility_unaware,CH6,
change,16,55566022,keep_old,5,0.8333333333333334,M1_surface_unaware M2_aeb_unavailable M3_no_speed_cap M4_late_reaction M5_weak_brakes,CH1,
change,16,55566022,full_exact,5,0.8333333333333334,M1_surface_unaware M2_aeb_unavailable M3_no_speed_cap M4_late_reaction M5_weak_brakes,CH1,
change,16,55566022,aware_exact,5,0.8333333333333334,M1_surface_unaware M2_aeb_unavailable M3_no_speed_cap M4_late_reaction M5_weak_brakes,CH1,
change,16,55566022,aware_qaoa,5,0.8333333333333334,M1_surface_unaware M2_aeb_unavailable M3_no_speed_cap M4_late_reaction M5_weak_brakes,CH1,
change,16,55566022,full_qaoa,4,0.6666666666666666,M1_surface_unaware M2_aeb_unavailable M4_late_reaction M5_weak_brakes,CH1,
change,16,55566022,keep_old,5,0.8333333333333334,M1_surface_unaware M2_aeb_unavailable M3_no_speed_cap M4_late_reaction M5_weak_brakes,CH2,
change,16,55566022,full_exact,5,0.8333333333333334,M1_surface_unaware M2_aeb_unavailable M3_no_speed_cap M4_late_reaction M5_weak_brakes,CH2,
change,16,55566022,aware_exact,5,0.8333333333333334,M1_surface_unaware M2_aeb_unavailable M3_no_speed_cap M4_late_reaction M5_weak_brakes,CH2,
change,16,55566022,aware_qaoa,5,0.8333333333333334,M1_surface_unaware M2_aeb_unavailable M3_no_speed_cap M4_late_reaction M5_weak_brakes,CH2,
change,16,55566022,full_qaoa,5,0.8333333333333334,M1_surface_unaware M2_aeb_unavailable M3_no_speed_cap M4_late_reaction M5_weak_brakes,CH2,
change,16,55566022,keep_old,5,0.8333333333333334,M1_surface_unaware M2_aeb_unavailable M3_no_speed_cap M4_late_reaction M5_weak_brakes,CH3,
change,16,55566022,full_exact,5,0.8333333333333334,M1_surface_unaware M2_aeb_unavailable M3_no_speed_cap M4_late_reaction M5_weak_brakes,CH3,
change,16,55566022,aware_exact,5,0.8333333333333334,M1_surface_unaware M2_aeb_unavailable M3_no_speed_cap M4_late_reaction M5_weak_brakes,CH3,
change,16,55566022,aware_qaoa,5,0.8333333333333334,M1_surface_unaware M2_aeb_unavailable M3_no_speed_cap M4_late_reaction M5_weak_brakes,CH3,
change,16,55566022,full_qaoa,5,0.8333333333333334,M1_surface_unaware M2_aeb_unavailable M3_no_speed_cap M4_late_reaction M5_weak_brakes,CH3,
change,16,55566022,keep_old,5,0.8333333333333334,M1_surface_unaware M2_aeb_unavailable M3_no_speed_cap M4_late_reaction M5_weak_brakes,CH4,
change,16,55566022,full_exact,5,0.8333333333333334,M1_surface_unaware M2_aeb_unavailable M3_no_speed_cap M4_late_reaction M5_weak_brakes,CH4,
change,16,55566022,aware_exact,5,0.8333333333333334,M1_surface_unaware M2_aeb_unavailable M3_no_speed_cap M4_late_reaction M5_weak_brakes,CH4,
change,16,55566022,aware_qaoa,5,0.8333333333333334,M1_surface_unaware M2_aeb_unavailable M3_no_speed_cap M4_late_reaction M5_weak_brakes,CH4,
change,16,55566022,full_qaoa,5,0.8333333333333334,M1_surface_unaware M2_aeb_unavailable M3_no_speed_cap M4_late_reaction M5_weak_brakes,CH4,
change,16,55566022,keep_old,5,0.8333333333333334,M1_surface_unaware M2_aeb_unavailable M3_no_speed_cap M4_late_reaction M5_weak_brakes,CH5,
change,16,55566022,full_exact,5,0.8333333333333334,M1_surface_unaware M2_aeb_unavailable M3_no_speed_cap M4_late_reaction M5_weak_brakes,CH5,
change,16,55566022,aware_exact,5,0.8333333333333334,M1_surface_unaware M2_aeb_unavailable M3_no_speed_cap M4_late_reaction M5_weak_brakes,CH5,
change,16,55566022,aware_qaoa,5,0.8333333333333334,M1_surface_unaware M2_aeb_unavailable M3_no_speed_cap M4_late_reaction M5_weak_brakes,CH5,
change,16,55566022,full_qaoa,5,0.8333333333333334,M1_surface_unaware M2_aeb_unavailable M3_no_speed_cap M4_late_reaction M5_weak_brakes,CH5,
change,16,55566022,keep_old,5,0.8333333333333334,M1_surface_unaware M2_aeb_unavailable M3_no_speed_cap M4_late_reaction M5_weak_brakes,CH6,
change,16,55566022,full_exact,5,0.8333333333333334,M1_surface_unaware M2_aeb_unavailable M3_no_speed_cap M4_late_reaction M5_weak_brakes,CH6,
change,16,55566022,aware_exact,5,0.8333333333333334,M1_surface_unaware M2_aeb_unavailable M3_no_speed_cap M4_late_reaction M5_weak_brakes,CH6,
change,16,55566022,aware_qaoa,5,0.8333333333333334,M1_surface_unaware M2_aeb_unavailable M3_no_speed_cap M4_late_reaction M5_weak_brakes,CH6,
change,16,55566022,full_qaoa,5,0.8333333333333334,M1_surface_unaware M2_aeb_unavailable M3_no_speed_cap M4_late_reaction M5_weak_brakes,CH6,
change,16,55566023,keep_old,5,0.8333333333333334,M1_surface_unaware M2_aeb_unavailable M3_no_speed_cap M4_late_reaction M5_weak_brakes,CH1,
change,16,55566023,full_exact,5,0.8333333333333334,M1_surface_unaware M2_aeb_unavailable M3_no_speed_cap M4_late_reaction M5_weak_brakes,CH1,
change,16,55566023,aware_exact,5,0.8333333333333334,M1_surface_unaware M2_aeb_unavailable M3_no_speed_cap M4_late_reaction M5_weak_brakes,CH1,
change,16,55566023,aware_qaoa,5,0.8333333333333334,M1_surface_unaware M2_aeb_unavailable M3_no_speed_cap M4_late_reaction M5_weak_brakes,CH1,
change,16,55566023,full_qaoa,5,0.8333333333333334,M1_surface_unaware M2_aeb_unavailable M3_no_speed_cap M4_late_reaction M5_weak_brakes,CH1,
change,16,55566023,keep_old,5,0.8333333333333334,M1_surface_unaware M2_aeb_unavailable M3_no_speed_cap M4_late_reaction M5_weak_brakes,CH2,
change,16,55566023,full_exact,5,0.8333333333333334,M1_surface_unaware M2_aeb_unavailable M3_no_speed_cap M4_late_reaction M5_weak_brakes,CH2,
change,16,55566023,aware_exact,5,0.8333333333333334,M1_surface_unaware M2_aeb_unavailable M3_no_speed_cap M4_late_reaction M5_weak_brakes,CH2,
change,16,55566023,aware_qaoa,5,0.8333333333333334,M1_surface_unaware M2_aeb_unavailable M3_no_speed_cap M4_late_reaction M5_weak_brakes,CH2,
change,16,55566023,full_qaoa,5,0.8333333333333334,M1_surface_unaware M2_aeb_unavailable M3_no_speed_cap M4_late_reaction M5_weak_brakes,CH2,
change,16,55566023,keep_old,5,0.8333333333333334,M1_surface_unaware M2_aeb_unavailable M3_no_speed_cap M4_late_reaction M5_weak_brakes,CH3,
change,16,55566023,full_exact,5,0.8333333333333334,M1_surface_unaware M2_aeb_unavailable M3_no_speed_cap M4_late_reaction M5_weak_brakes,CH3,
change,16,55566023,aware_exact,5,0.8333333333333334,M1_surface_unaware M2_aeb_unavailable M3_no_speed_cap M4_late_reaction M5_weak_brakes,CH3,
change,16,55566023,aware_qaoa,5,0.8333333333333334,M1_surface_unaware M2_aeb_unavailable M3_no_speed_cap M4_late_reaction M5_weak_brakes,CH3,
change,16,55566023,full_qaoa,5,0.8333333333333334,M1_surface_unaware M2_aeb_unavailable M3_no_speed_cap M4_late_reaction M5_weak_brakes,CH3,
change,16,55566023,keep_old,5,0.8333333333333334,M1_surface_unaware M2_aeb_unavailable M3_no_speed_cap M4_late_reaction M5_weak_brakes,CH4,
change,16,55566023,full_exact,5,0.8333333333333334,M1_surface_unaware M2_aeb_unavailable M3_no_speed_cap M4_late_reaction M5_weak_brakes,CH4,
change,16,55566023,aware_exact,5,0.8333333333333334,M1_surface_unaware M2_aeb_unavailable M3_no_speed_cap M4_late_reaction M5_weak_brakes,CH4,
change,16,55566023,aware_qaoa,5,0.8333333333333334,M1_surface_unaware M2_aeb_unavailable M3_no_speed_cap M4_late_reaction M5_weak_brakes,CH4,
change,16,55566023,full_qaoa,5,0.8333333333333334,M1_surface_unaware M2_aeb_unavailable M3_no_speed_cap M4_late_reaction M5_weak_brakes,CH4,
change,16,55566023,keep_old,5,0.8333333333333334,M1_surface_unaware M2_aeb_unavailable M3_no_speed_cap M4_late_reaction M5_weak_brakes,CH5,
change,16,55566023,full_exact,5,0.8333333333333334,M1_surface_unaware M2_aeb_unavailable M3_no_speed_cap M4_late_reaction M5_weak_brakes,CH5,
change,16,55566023,aware_exact,5,0.8333333333333334,M1_surface_unaware M2_aeb_unavailable M3_no_speed_cap M4_late_reaction M5_weak_brakes,CH5,
change,16,55566023,aware_qaoa,4,0.6666666666666666,M1_surface_unaware M2_aeb_unavailable M4_late_reaction M5_weak_brakes,CH5,
change,16,55566023,full_qaoa,5,0.8333333333333334,M1_surface_unaware M2_aeb_unavailable M3_no_speed_cap M4_late_reaction M5_weak_brakes,CH5,
change,16,55566023,keep_old,5,0.8333333333333334,M1_surface_unaware M2_aeb_unavailable M3_no_speed_cap M4_late_reaction M5_weak_brakes,CH6,
change,16,55566023,full_exact,5,0.8333333333333334,M1_surface_unaware M2_aeb_unavailable M3_no_speed_cap M4_late_reaction M5_weak_brakes,CH6,
change,16,55566023,aware_exact,5,0.8333333333333334,M1_surface_unaware M2_aeb_unavailable M3_no_speed_cap M4_late_reaction M5_weak_brakes,CH6,
change,16,55566023,aware_qaoa,5,0.8333333333333334,M1_surface_unaware M2_aeb_unavailable M3_no_speed_cap M4_late_reaction M5_weak_brakes,CH6,
change,16,55566023,full_qaoa,5,0.8333333333333334,M1_surface_unaware M2_aeb_unavailable M3_no_speed_cap M4_late_reaction M5_weak_brakes,CH6,
change,16,55566024,keep_old,6,1.0,M1_surface_unaware M2_aeb_unavailable M3_no_speed_cap M4_late_reaction M5_weak_brakes M6_visibility_unaware,CH1,
change,16,55566024,full_exact,6,1.0,M1_surface_unaware M2_aeb_unavailable M3_no_speed_cap M4_late_reaction M5_weak_brakes M6_visibility_unaware,CH1,
change,16,55566024,aware_exact,6,1.0,M1_surface_unaware M2_aeb_unavailable M3_no_speed_cap M4_late_reaction M5_weak_brakes M6_visibility_unaware,CH1,
change,16,55566024,aware_qaoa,6,1.0,M1_surface_unaware M2_aeb_unavailable M3_no_speed_cap M4_late_reaction M5_weak_brakes M6_visibility_unaware,CH1,
change,16,55566024,full_qaoa,6,1.0,M1_surface_unaware M2_aeb_unavailable M3_no_speed_cap M4_late_reaction M5_weak_brakes M6_visibility_unaware,CH1,
change,16,55566024,keep_old,6,1.0,M1_surface_unaware M2_aeb_unavailable M3_no_speed_cap M4_late_reaction M5_weak_brakes M6_visibility_unaware,CH2,
change,16,55566024,full_exact,6,1.0,M1_surface_unaware M2_aeb_unavailable M3_no_speed_cap M4_late_reaction M5_weak_brakes M6_visibility_unaware,CH2,
change,16,55566024,aware_exact,6,1.0,M1_surface_unaware M2_aeb_unavailable M3_no_speed_cap M4_late_reaction M5_weak_brakes M6_visibility_unaware,CH2,
change,16,55566024,aware_qaoa,5,0.8333333333333334,M1_surface_unaware M2_aeb_unavailable M3_no_speed_cap M4_late_reaction M5_weak_brakes,CH2,
change,16,55566024,full_qaoa,6,1.0,M1_surface_unaware M2_aeb_unavailable M3_no_speed_cap M4_late_reaction M5_weak_brakes M6_visibility_unaware,CH2,
change,16,55566024,keep_old,6,1.0,M1_surface_unaware M2_aeb_unavailable M3_no_speed_cap M4_late_reaction M5_weak_brakes M6_visibility_unaware,CH3,
change,16,55566024,full_exact,6,1.0,M1_surface_unaware M2_aeb_unavailable M3_no_speed_cap M4_late_reaction M5_weak_brakes M6_visibility_unaware,CH3,
change,16,55566024,aware_exact,6,1.0,M1_surface_unaware M2_aeb_unavailable M3_no_speed_cap M4_late_reaction M5_weak_brakes M6_visibility_unaware,CH3,
change,16,55566024,aware_qaoa,6,1.0,M1_surface_unaware M2_aeb_unavailable M3_no_speed_cap M4_late_reaction M5_weak_brakes M6_visibility_unaware,CH3,
change,16,55566024,full_qaoa,6,1.0,M1_surface_unaware M2_aeb_unavailable M3_no_speed_cap M4_late_reaction M5_weak_brakes M6_visibility_unaware,CH3,
change,16,55566024,keep_old,6,1.0,M1_surface_unaware M2_aeb_unavailable M3_no_speed_cap M4_late_reaction M5_weak_brakes M6_visibility_unaware,CH4,
change,16,55566024,full_exact,6,1.0,M1_surface_unaware M2_aeb_unavailable M3_no_speed_cap M4_late_reaction M5_weak_brakes M6_visibility_unaware,CH4,
change,16,55566024,aware_exact,6,1.0,M1_surface_unaware M2_aeb_unavailable M3_no_speed_cap M4_late_reaction M5_weak_brakes M6_visibility_unaware,CH4,
change,16,55566024,aware_qaoa,6,1.0,M1_surface_unaware M2_aeb_unavailable M3_no_speed_cap M4_late_reaction M5_weak_brakes M6_visibility_unaware,CH4,
change,16,55566024,full_qaoa,6,1.0,M1_surface_unaware M2_aeb_unavailable M3_no_speed_cap M4_late_reaction M5_weak_brakes M6_visibility_unaware,CH4,
change,16,55566024,keep_old,6,1.0,M1_surface_unaware M2_aeb_unavailable M3_no_speed_cap M4_late_reaction M5_weak_brakes M6_visibility_unaware,CH5,
change,16,55566024,full_exact,6,1.0,M1_surface_unaware M2_aeb_unavailable M3_no_speed_cap M4_late_reaction M5_weak_brakes M6_visibility_unaware,CH5,
change,16,55566024,aware_exact,6,1.0,M1_surface_unaware M2_aeb_unavailable M3_no_speed_cap M4_late_reaction M5_weak_brakes M6_visibility_unaware,CH5,
change,16,55566024,aware_qaoa,6,1.0,M1_surface_unaware M2_aeb_unavailable M3_no_speed_cap M4_late_reaction M5_weak_brakes M6_visibility_unaware,CH5,
change,16,55566024,full_qaoa,6,1.0,M1_surface_unaware M2_aeb_unavailable M3_no_speed_cap M4_late_reaction M5_weak_brakes M6_visibility_unaware,CH5,
change,16,55566024,keep_old,6,1.0,M1_surface_unaware M2_aeb_unavailable M3_no_speed_cap M4_late_reaction M5_weak_brakes M6_visibility_unaware,CH6,
change,16,55566024,full_exact,6,1.0,M1_surface_unaware M2_aeb_unavailable M3_no_speed_cap M4_late_reaction M5_weak_brakes M6_visibility_unaware,CH6,
change,16,55566024,aware_exact,6,1.0,M1_surface_unaware M2_aeb_unavailable M3_no_speed_cap M4_late_reaction M5_weak_brakes M6_visibility_unaware,CH6,
change,16,55566024,aware_qaoa,6,1.0,M1_surface_unaware M2_aeb_unavailable M3_no_speed_cap M4_late_reaction M5_weak_brakes M6_visibility_unaware,CH6,
change,16,55566024,full_qaoa,6,1.0,M1_surface_unaware M2_aeb_unavailable M3_no_speed_cap M4_late_reaction M5_weak_brakes M6_visibility_unaware,CH6,
change,16,55566025,keep_old,5,0.8333333333333334,M1_surface_unaware M2_aeb_unavailable M3_no_speed_cap M4_late_reaction M5_weak_brakes,CH1,
change,16,55566025,full_exact,5,0.8333333333333334,M1_surface_unaware M2_aeb_unavailable M3_no_speed_cap M4_late_reaction M5_weak_brakes,CH1,
change,16,55566025,aware_exact,5,0.8333333333333334,M1_surface_unaware M2_aeb_unavailable M3_no_speed_cap M4_late_reaction M5_weak_brakes,CH1,
change,16,55566025,aware_qaoa,5,0.8333333333333334,M1_surface_unaware M2_aeb_unavailable M3_no_speed_cap M4_late_reaction M5_weak_brakes,CH1,
change,16,55566025,full_qaoa,5,0.8333333333333334,M1_surface_unaware M2_aeb_unavailable M3_no_speed_cap M4_late_reaction M5_weak_brakes,CH1,
change,16,55566025,keep_old,5,0.8333333333333334,M1_surface_unaware M2_aeb_unavailable M3_no_speed_cap M4_late_reaction M5_weak_brakes,CH2,
change,16,55566025,full_exact,5,0.8333333333333334,M1_surface_unaware M2_aeb_unavailable M3_no_speed_cap M4_late_reaction M5_weak_brakes,CH2,
change,16,55566025,aware_exact,5,0.8333333333333334,M1_surface_unaware M2_aeb_unavailable M3_no_speed_cap M4_late_reaction M5_weak_brakes,CH2,
change,16,55566025,aware_qaoa,5,0.8333333333333334,M1_surface_unaware M2_aeb_unavailable M3_no_speed_cap M4_late_reaction M5_weak_brakes,CH2,
change,16,55566025,full_qaoa,5,0.8333333333333334,M1_surface_unaware M2_aeb_unavailable M3_no_speed_cap M4_late_reaction M5_weak_brakes,CH2,
change,16,55566025,keep_old,5,0.8333333333333334,M1_surface_unaware M2_aeb_unavailable M3_no_speed_cap M4_late_reaction M5_weak_brakes,CH3,
change,16,55566025,full_exact,5,0.8333333333333334,M1_surface_unaware M2_aeb_unavailable M3_no_speed_cap M4_late_reaction M5_weak_brakes,CH3,
change,16,55566025,aware_exact,5,0.8333333333333334,M1_surface_unaware M2_aeb_unavailable M3_no_speed_cap M4_late_reaction M5_weak_brakes,CH3,
change,16,55566025,aware_qaoa,5,0.8333333333333334,M1_surface_unaware M2_aeb_unavailable M3_no_speed_cap M4_late_reaction M5_weak_brakes,CH3,
change,16,55566025,full_qaoa,5,0.8333333333333334,M1_surface_unaware M2_aeb_unavailable M3_no_speed_cap M4_late_reaction M5_weak_brakes,CH3,
change,16,55566025,keep_old,5,0.8333333333333334,M1_surface_unaware M2_aeb_unavailable M3_no_speed_cap M4_late_reaction M5_weak_brakes,CH4,
change,16,55566025,full_exact,5,0.8333333333333334,M1_surface_unaware M2_aeb_unavailable M3_no_speed_cap M4_late_reaction M5_weak_brakes,CH4,
change,16,55566025,aware_exact,5,0.8333333333333334,M1_surface_unaware M2_aeb_unavailable M3_no_speed_cap M4_late_reaction M5_weak_brakes,CH4,
change,16,55566025,aware_qaoa,5,0.8333333333333334,M1_surface_unaware M2_aeb_unavailable M3_no_speed_cap M4_late_reaction M5_weak_brakes,CH4,
change,16,55566025,full_qaoa,5,0.8333333333333334,M1_surface_unaware M2_aeb_unavailable M3_no_speed_cap M4_late_reaction M5_weak_brakes,CH4,
change,16,55566025,keep_old,5,0.8333333333333334,M1_surface_unaware M2_aeb_unavailable M3_no_speed_cap M4_late_reaction M5_weak_brakes,CH5,
change,16,55566025,full_exact,5,0.8333333333333334,M1_surface_unaware M2_aeb_unavailable M3_no_speed_cap M4_late_reaction M5_weak_brakes,CH5,
change,16,55566025,aware_exact,5,0.8333333333333334,M1_surface_unaware M2_aeb_unavailable M3_no_speed_cap M4_late_reaction M5_weak_brakes,CH5,
change,16,55566025,aware_qaoa,5,0.8333333333333334,M1_surface_unaware M2_aeb_unavailable M3_no_speed_cap M4_late_reaction M5_weak_brakes,CH5,
change,16,55566025,full_qaoa,5,0.8333333333333334,M1_surface_unaware M2_aeb_unavailable M3_no_speed_cap M4_late_reaction M5_weak_brakes,CH5,
change,16,55566025,keep_old,5,0.8333333333333334,M1_surface_unaware M2_aeb_unavailable M3_no_speed_cap M4_late_reaction M5_weak_brakes,CH6,
change,16,55566025,full_exact,5,0.8333333333333334,M1_surface_unaware M2_aeb_unavailable M3_no_speed_cap M4_late_reaction M5_weak_brakes,CH6,
change,16,55566025,aware_exact,5,0.8333333333333334,M1_surface_unaware M2_aeb_unavailable M3_no_speed_cap M4_late_reaction M5_weak_brakes,CH6,
change,16,55566025,aware_qaoa,5,0.8333333333333334,M1_surface_unaware M2_aeb_unavailable M3_no_speed_cap M4_late_reaction M5_weak_brakes,CH6,
change,16,55566025,full_qaoa,5,0.8333333333333334,M1_surface_unaware M2_aeb_unavailable M3_no_speed_cap M4_late_reaction M5_weak_brakes,CH6,
change,16,55566026,keep_old,5,0.8333333333333334,M1_surface_unaware M2_aeb_unavailable M3_no_speed_cap M4_late_reaction M5_weak_brakes,CH1,
change,16,55566026,full_exact,5,0.8333333333333334,M1_surface_unaware M2_aeb_unavailable M3_no_speed_cap M4_late_reaction M5_weak_brakes,CH1,
change,16,55566026,aware_exact,5,0.8333333333333334,M1_surface_unaware M2_aeb_unavailable M3_no_speed_cap M4_late_reaction M5_weak_brakes,CH1,
change,16,55566026,aware_qaoa,5,0.8333333333333334,M1_surface_unaware M2_aeb_unavailable M3_no_speed_cap M4_late_reaction M5_weak_brakes,CH1,
change,16,55566026,full_qaoa,5,0.8333333333333334,M1_surface_unaware M2_aeb_unavailable M3_no_speed_cap M4_late_reaction M5_weak_brakes,CH1,
change,16,55566026,keep_old,5,0.8333333333333334,M1_surface_unaware M2_aeb_unavailable M3_no_speed_cap M4_late_reaction M5_weak_brakes,CH2,
change,16,55566026,full_exact,5,0.8333333333333334,M1_surface_unaware M2_aeb_unavailable M3_no_speed_cap M4_late_reaction M5_weak_brakes,CH2,
change,16,55566026,aware_exact,5,0.8333333333333334,M1_surface_unaware M2_aeb_unavailable M3_no_speed_cap M4_late_reaction M5_weak_brakes,CH2,
change,16,55566026,aware_qaoa,5,0.8333333333333334,M1_surface_unaware M2_aeb_unavailable M3_no_speed_cap M4_late_reaction M5_weak_brakes,CH2,
change,16,55566026,full_qaoa,5,0.8333333333333334,M1_surface_unaware M2_aeb_unavailable M3_no_speed_cap M4_late_reaction M5_weak_brakes,CH2,
change,16,55566026,keep_old,5,0.8333333333333334,M1_surface_unaware M2_aeb_unavailable M3_no_speed_cap M4_late_reaction M5_weak_brakes,CH3,
change,16,55566026,full_exact,5,0.8333333333333334,M1_surface_unaware M2_aeb_unavailable M3_no_speed_cap M4_late_reaction M5_weak_brakes,CH3,
change,16,55566026,aware_exact,5,0.8333333333333334,M1_surface_unaware M2_aeb_unavailable M3_no_speed_cap M4_late_reaction M5_weak_brakes,CH3,
change,16,55566026,aware_qaoa,5,0.8333333333333334,M1_surface_unaware M2_aeb_unavailable M3_no_speed_cap M4_late_reaction M5_weak_brakes,CH3,
change,16,55566026,full_qaoa,5,0.8333333333333334,M1_surface_unaware M2_aeb_unavailable M3_no_speed_cap M4_late_reaction M5_weak_brakes,CH3,
change,16,55566026,keep_old,5,0.8333333333333334,M1_surface_unaware M2_aeb_unavailable M3_no_speed_cap M4_late_reaction M5_weak_brakes,CH4,
change,16,55566026,full_exact,5,0.8333333333333334,M1_surface_unaware M2_aeb_unavailable M3_no_speed_cap M4_late_reaction M5_weak_brakes,CH4,
change,16,55566026,aware_exact,5,0.8333333333333334,M1_surface_unaware M2_aeb_unavailable M3_no_speed_cap M4_late_reaction M5_weak_brakes,CH4,
change,16,55566026,aware_qaoa,5,0.8333333333333334,M1_surface_unaware M2_aeb_unavailable M3_no_speed_cap M4_late_reaction M5_weak_brakes,CH4,
change,16,55566026,full_qaoa,5,0.8333333333333334,M1_surface_unaware M2_aeb_unavailable M3_no_speed_cap M4_late_reaction M5_weak_brakes,CH4,
change,16,55566026,keep_old,5,0.8333333333333334,M1_surface_unaware M2_aeb_unavailable M3_no_speed_cap M4_late_reaction M5_weak_brakes,CH5,
change,16,55566026,full_exact,5,0.8333333333333334,M1_surface_unaware M2_aeb_unavailable M3_no_speed_cap M4_late_reaction M5_weak_brakes,CH5,
change,16,55566026,aware_exact,5,0.8333333333333334,M1_surface_unaware M2_aeb_unavailable M3_no_speed_cap M4_late_reaction M5_weak_brakes,CH5,
change,16,55566026,aware_qaoa,5,0.8333333333333334,M1_surface_unaware M2_aeb_unavailable M3_no_speed_cap M4_late_reaction M5_weak_brakes,CH5,
change,16,55566026,full_qaoa,5,0.8333333333333334,M1_surface_unaware M2_aeb_unavailable M3_no_speed_cap M4_late_reaction M5_weak_brakes,CH5,
change,16,55566026,keep_old,5,0.8333333333333334,M1_surface_unaware M2_aeb_unavailable M3_no_speed_cap M4_late_reaction M5_weak_brakes,CH6,
change,16,55566026,full_exact,5,0.8333333333333334,M1_surface_unaware M2_aeb_unavailable M3_no_speed_cap M4_late_reaction M5_weak_brakes,CH6,
change,16,55566026,aware_exact,5,0.8333333333333334,M1_surface_unaware M2_aeb_unavailable M3_no_speed_cap M4_late_reaction M5_weak_brakes,CH6,
change,16,55566026,aware_qaoa,5,0.8333333333333334,M1_surface_unaware M2_aeb_unavailable M3_no_speed_cap M4_late_reaction M5_weak_brakes,CH6,
change,16,55566026,full_qaoa,5,0.8333333333333334,M1_surface_unaware M2_aeb_unavailable M3_no_speed_cap M4_late_reaction M5_weak_brakes,CH6,
change,16,55566027,keep_old,5,0.8333333333333334,M1_surface_unaware M2_aeb_unavailable M3_no_speed_cap M4_late_reaction M5_weak_brakes,CH1,
change,16,55566027,full_exact,5,0.8333333333333334,M1_surface_unaware M2_aeb_unavailable M3_no_speed_cap M4_late_reaction M5_weak_brakes,CH1,
change,16,55566027,aware_exact,5,0.8333333333333334,M1_surface_unaware M2_aeb_unavailable M3_no_speed_cap M4_late_reaction M5_weak_brakes,CH1,
change,16,55566027,aware_qaoa,5,0.8333333333333334,M1_surface_unaware M2_aeb_unavailable M3_no_speed_cap M4_late_reaction M5_weak_brakes,CH1,
change,16,55566027,full_qaoa,5,0.8333333333333334,M1_surface_unaware M2_aeb_unavailable M3_no_speed_cap M4_late_reaction M5_weak_brakes,CH1,
change,16,55566027,keep_old,5,0.8333333333333334,M1_surface_unaware M2_aeb_unavailable M3_no_speed_cap M4_late_reaction M5_weak_brakes,CH2,
change,16,55566027,full_exact,5,0.8333333333333334,M1_surface_unaware M2_aeb_unavailable M3_no_speed_cap M4_late_reaction M5_weak_brakes,CH2,
change,16,55566027,aware_exact,5,0.8333333333333334,M1_surface_unaware M2_aeb_unavailable M3_no_speed_cap M4_late_reaction M5_weak_brakes,CH2,
change,16,55566027,aware_qaoa,5,0.8333333333333334,M1_surface_unaware M2_aeb_unavailable M3_no_speed_cap M4_late_reaction M5_weak_brakes,CH2,
change,16,55566027,full_qaoa,5,0.8333333333333334,M1_surface_unaware M2_aeb_unavailable M3_no_speed_cap M4_late_reaction M5_weak_brakes,CH2,
change,16,55566027,keep_old,5,0.8333333333333334,M1_surface_unaware M2_aeb_unavailable M3_no_speed_cap M4_late_reaction M5_weak_brakes,CH3,
change,16,55566027,full_exact,5,0.8333333333333334,M1_surface_unaware M2_aeb_unavailable M3_no_speed_cap M4_late_reaction M5_weak_brakes,CH3,
change,16,55566027,aware_exact,5,0.8333333333333334,M1_surface_unaware M2_aeb_unavailable M3_no_speed_cap M4_late_reaction M5_weak_brakes,CH3,
change,16,55566027,aware_qaoa,5,0.8333333333333334,M1_surface_unaware M2_aeb_unavailable M3_no_speed_cap M4_late_reaction M5_weak_brakes,CH3,
change,16,55566027,full_qaoa,5,0.8333333333333334,M1_surface_unaware M2_aeb_unavailable M3_no_speed_cap M4_late_reaction M5_weak_brakes,CH3,
change,16,55566027,keep_old,5,0.8333333333333334,M1_surface_unaware M2_aeb_unavailable M3_no_speed_cap M4_late_reaction M5_weak_brakes,CH4,
change,16,55566027,full_exact,5,0.8333333333333334,M1_surface_unaware M2_aeb_unavailable M3_no_speed_cap M4_late_reaction M5_weak_brakes,CH4,
change,16,55566027,aware_exact,5,0.8333333333333334,M1_surface_unaware M2_aeb_unavailable M3_no_speed_cap M4_late_reaction M5_weak_brakes,CH4,
change,16,55566027,aware_qaoa,5,0.8333333333333334,M1_surface_unaware M2_aeb_unavailable M3_no_speed_cap M4_late_reaction M5_weak_brakes,CH4,
change,16,55566027,full_qaoa,5,0.8333333333333334,M1_surface_unaware M2_aeb_unavailable M3_no_speed_cap M4_late_reaction M5_weak_brakes,CH4,
change,16,55566027,keep_old,5,0.8333333333333334,M1_surface_unaware M2_aeb_unavailable M3_no_speed_cap M4_late_reaction M5_weak_brakes,CH5,
change,16,55566027,full_exact,5,0.8333333333333334,M1_surface_unaware M2_aeb_unavailable M3_no_speed_cap M4_late_reaction M5_weak_brakes,CH5,
change,16,55566027,aware_exact,5,0.8333333333333334,M1_surface_unaware M2_aeb_unavailable M3_no_speed_cap M4_late_reaction M5_weak_brakes,CH5,
change,16,55566027,aware_qaoa,5,0.8333333333333334,M1_surface_unaware M2_aeb_unavailable M3_no_speed_cap M4_late_reaction M5_weak_brakes,CH5,
change,16,55566027,full_qaoa,5,0.8333333333333334,M1_surface_unaware M2_aeb_unavailable M3_no_speed_cap M4_late_reaction M5_weak_brakes,CH5,
change,16,55566027,keep_old,5,0.8333333333333334,M1_surface_unaware M2_aeb_unavailable M3_no_speed_cap M4_late_reaction M5_weak_brakes,CH6,
change,16,55566027,full_exact,5,0.8333333333333334,M1_surface_unaware M2_aeb_unavailable M3_no_speed_cap M4_late_reaction M5_weak_brakes,CH6,
change,16,55566027,aware_exact,5,0.8333333333333334,M1_surface_unaware M2_aeb_unavailable M3_no_speed_cap M4_late_reaction M5_weak_brakes,CH6,
change,16,55566027,aware_qaoa,5,0.8333333333333334,M1_surface_unaware M2_aeb_unavailable M3_no_speed_cap M4_late_reaction M5_weak_brakes,CH6,
change,16,55566027,full_qaoa,5,0.8333333333333334,M1_surface_unaware M2_aeb_unavailable M3_no_speed_cap M4_late_reaction M5_weak_brakes,CH6,
change,16,55566028,keep_old,5,0.8333333333333334,M1_surface_unaware M2_aeb_unavailable M3_no_speed_cap M4_late_reaction M5_weak_brakes,CH1,
change,16,55566028,full_exact,5,0.8333333333333334,M1_surface_unaware M2_aeb_unavailable M3_no_speed_cap M4_late_reaction M5_weak_brakes,CH1,
change,16,55566028,aware_exact,5,0.8333333333333334,M1_surface_unaware M2_aeb_unavailable M3_no_speed_cap M4_late_reaction M5_weak_brakes,CH1,
change,16,55566028,aware_qaoa,5,0.8333333333333334,M1_surface_unaware M2_aeb_unavailable M3_no_speed_cap M4_late_reaction M5_weak_brakes,CH1,
change,16,55566028,full_qaoa,5,0.8333333333333334,M1_surface_unaware M2_aeb_unavailable M3_no_speed_cap M4_late_reaction M5_weak_brakes,CH1,
change,16,55566028,keep_old,5,0.8333333333333334,M1_surface_unaware M2_aeb_unavailable M3_no_speed_cap M4_late_reaction M5_weak_brakes,CH2,
change,16,55566028,full_exact,5,0.8333333333333334,M1_surface_unaware M2_aeb_unavailable M3_no_speed_cap M4_late_reaction M5_weak_brakes,CH2,
change,16,55566028,aware_exact,5,0.8333333333333334,M1_surface_unaware M2_aeb_unavailable M3_no_speed_cap M4_late_reaction M5_weak_brakes,CH2,
change,16,55566028,aware_qaoa,5,0.8333333333333334,M1_surface_unaware M2_aeb_unavailable M3_no_speed_cap M4_late_reaction M5_weak_brakes,CH2,
change,16,55566028,full_qaoa,5,0.8333333333333334,M1_surface_unaware M2_aeb_unavailable M3_no_speed_cap M4_late_reaction M5_weak_brakes,CH2,
change,16,55566028,keep_old,5,0.8333333333333334,M1_surface_unaware M2_aeb_unavailable M3_no_speed_cap M4_late_reaction M5_weak_brakes,CH3,
change,16,55566028,full_exact,5,0.8333333333333334,M1_surface_unaware M2_aeb_unavailable M3_no_speed_cap M4_late_reaction M5_weak_brakes,CH3,
change,16,55566028,aware_exact,5,0.8333333333333334,M1_surface_unaware M2_aeb_unavailable M3_no_speed_cap M4_late_reaction M5_weak_brakes,CH3,
change,16,55566028,aware_qaoa,5,0.8333333333333334,M1_surface_unaware M2_aeb_unavailable M3_no_speed_cap M4_late_reaction M5_weak_brakes,CH3,
change,16,55566028,full_qaoa,5,0.8333333333333334,M1_surface_unaware M2_aeb_unavailable M3_no_speed_cap M4_late_reaction M5_weak_brakes,CH3,
change,16,55566028,keep_old,5,0.8333333333333334,M1_surface_unaware M2_aeb_unavailable M3_no_speed_cap M4_late_reaction M5_weak_brakes,CH4,
change,16,55566028,full_exact,5,0.8333333333333334,M1_surface_unaware M2_aeb_unavailable M3_no_speed_cap M4_late_reaction M5_weak_brakes,CH4,
change,16,55566028,aware_exact,5,0.8333333333333334,M1_surface_unaware M2_aeb_unavailable M3_no_speed_cap M4_late_reaction M5_weak_brakes,CH4,
change,16,55566028,aware_qaoa,5,0.8333333333333334,M1_surface_unaware M2_aeb_unavailable M3_no_speed_cap M4_late_reaction M5_weak_brakes,CH4,
change,16,55566028,full_qaoa,5,0.8333333333333334,M1_surface_unaware M2_aeb_unavailable M3_no_speed_cap M4_late_reaction M5_weak_brakes,CH4,
change,16,55566028,keep_old,5,0.8333333333333334,M1_surface_unaware M2_aeb_unavailable M3_no_speed_cap M4_late_reaction M5_weak_brakes,CH5,
change,16,55566028,full_exact,5,0.8333333333333334,M1_surface_unaware M2_aeb_unavailable M3_no_speed_cap M4_late_reaction M5_weak_brakes,CH5,
change,16,55566028,aware_exact,5,0.8333333333333334,M1_surface_unaware M2_aeb_unavailable M3_no_speed_cap M4_late_reaction M5_weak_brakes,CH5,
change,16,55566028,aware_qaoa,5,0.8333333333333334,M1_surface_unaware M2_aeb_unavailable M3_no_speed_cap M4_late_reaction M5_weak_brakes,CH5,
change,16,55566028,full_qaoa,5,0.8333333333333334,M1_surface_unaware M2_aeb_unavailable M3_no_speed_cap M4_late_reaction M5_weak_brakes,CH5,
change,16,55566028,keep_old,5,0.8333333333333334,M1_surface_unaware M2_aeb_unavailable M3_no_speed_cap M4_late_reaction M5_weak_brakes,CH6,
change,16,55566028,full_exact,5,0.8333333333333334,M1_surface_unaware M2_aeb_unavailable M3_no_speed_cap M4_late_reaction M5_weak_brakes,CH6,
change,16,55566028,aware_exact,5,0.8333333333333334,M1_surface_unaware M2_aeb_unavailable M3_no_speed_cap M4_late_reaction M5_weak_brakes,CH6,
change,16,55566028,aware_qaoa,5,0.8333333333333334,M1_surface_unaware M2_aeb_unavailable M3_no_speed_cap M4_late_reaction M5_weak_brakes,CH6,
change,16,55566028,full_qaoa,5,0.8333333333333334,M1_surface_unaware M2_aeb_unavailable M3_no_speed_cap M4_late_reaction M5_weak_brakes,CH6,
change,16,55566029,keep_old,5,0.8333333333333334,M1_surface_unaware M2_aeb_unavailable M3_no_speed_cap M4_late_reaction M5_weak_brakes,CH1,
change,16,55566029,full_exact,5,0.8333333333333334,M1_surface_unaware M2_aeb_unavailable M3_no_speed_cap M4_late_reaction M5_weak_brakes,CH1,
change,16,55566029,aware_exact,5,0.8333333333333334,M1_surface_unaware M2_aeb_unavailable M3_no_speed_cap M4_late_reaction M5_weak_brakes,CH1,
change,16,55566029,aware_qaoa,5,0.8333333333333334,M1_surface_unaware M2_aeb_unavailable M3_no_speed_cap M4_late_reaction M5_weak_brakes,CH1,
change,16,55566029,full_qaoa,5,0.8333333333333334,M1_surface_unaware M2_aeb_unavailable M3_no_speed_cap M4_late_reaction M5_weak_brakes,CH1,
change,16,55566029,keep_old,5,0.8333333333333334,M1_surface_unaware M2_aeb_unavailable M3_no_speed_cap M4_late_reaction M5_weak_brakes,CH2,
change,16,55566029,full_exact,5,0.8333333333333334,M1_surface_unaware M2_aeb_unavailable M3_no_speed_cap M4_late_reaction M5_weak_brakes,CH2,
change,16,55566029,aware_exact,5,0.8333333333333334,M1_surface_unaware M2_aeb_unavailable M3_no_speed_cap M4_late_reaction M5_weak_brakes,CH2,
change,16,55566029,aware_qaoa,5,0.8333333333333334,M1_surface_unaware M2_aeb_unavailable M3_no_speed_cap M4_late_reaction M5_weak_brakes,CH2,
change,16,55566029,full_qaoa,6,1.0,M1_surface_unaware M2_aeb_unavailable M3_no_speed_cap M4_late_reaction M5_weak_brakes M6_visibility_unaware,CH2,
change,16,55566029,keep_old,5,0.8333333333333334,M1_surface_unaware M2_aeb_unavailable M3_no_speed_cap M4_late_reaction M5_weak_brakes,CH3,
change,16,55566029,full_exact,5,0.8333333333333334,M1_surface_unaware M2_aeb_unavailable M3_no_speed_cap M4_late_reaction M5_weak_brakes,CH3,
change,16,55566029,aware_exact,5,0.8333333333333334,M1_surface_unaware M2_aeb_unavailable M3_no_speed_cap M4_late_reaction M5_weak_brakes,CH3,
change,16,55566029,aware_qaoa,5,0.8333333333333334,M1_surface_unaware M2_aeb_unavailable M3_no_speed_cap M4_late_reaction M5_weak_brakes,CH3,
change,16,55566029,full_qaoa,5,0.8333333333333334,M1_surface_unaware M2_aeb_unavailable M3_no_speed_cap M4_late_reaction M5_weak_brakes,CH3,
change,16,55566029,keep_old,5,0.8333333333333334,M1_surface_unaware M2_aeb_unavailable M3_no_speed_cap M4_late_reaction M5_weak_brakes,CH4,
change,16,55566029,full_exact,5,0.8333333333333334,M1_surface_unaware M2_aeb_unavailable M3_no_speed_cap M4_late_reaction M5_weak_brakes,CH4,
change,16,55566029,aware_exact,5,0.8333333333333334,M1_surface_unaware M2_aeb_unavailable M3_no_speed_cap M4_late_reaction M5_weak_brakes,CH4,
change,16,55566029,aware_qaoa,5,0.8333333333333334,M1_surface_unaware M2_aeb_unavailable M3_no_speed_cap M4_late_reaction M5_weak_brakes,CH4,
change,16,55566029,full_qaoa,5,0.8333333333333334,M1_surface_unaware M2_aeb_unavailable M3_no_speed_cap M4_late_reaction M5_weak_brakes,CH4,
change,16,55566029,keep_old,5,0.8333333333333334,M1_surface_unaware M2_aeb_unavailable M3_no_speed_cap M4_late_reaction M5_weak_brakes,CH5,
change,16,55566029,full_exact,5,0.8333333333333334,M1_surface_unaware M2_aeb_unavailable M3_no_speed_cap M4_late_reaction M5_weak_brakes,CH5,
change,16,55566029,aware_exact,5,0.8333333333333334,M1_surface_unaware M2_aeb_unavailable M3_no_speed_cap M4_late_reaction M5_weak_brakes,CH5,
change,16,55566029,aware_qaoa,5,0.8333333333333334,M1_surface_unaware M2_aeb_unavailable M3_no_speed_cap M4_late_reaction M5_weak_brakes,CH5,
change,16,55566029,full_qaoa,5,0.8333333333333334,M1_surface_unaware M2_aeb_unavailable M3_no_speed_cap M4_late_reaction M5_weak_brakes,CH5,
change,16,55566029,keep_old,5,0.8333333333333334,M1_surface_unaware M2_aeb_unavailable M3_no_speed_cap M4_late_reaction M5_weak_brakes,CH6,
change,16,55566029,full_exact,5,0.8333333333333334,M1_surface_unaware M2_aeb_unavailable M3_no_speed_cap M4_late_reaction M5_weak_brakes,CH6,
change,16,55566029,aware_exact,5,0.8333333333333334,M1_surface_unaware M2_aeb_unavailable M3_no_speed_cap M4_late_reaction M5_weak_brakes,CH6,
change,16,55566029,aware_qaoa,5,0.8333333333333334,M1_surface_unaware M2_aeb_unavailable M3_no_speed_cap M4_late_reaction M5_weak_brakes,CH6,
change,16,55566029,full_qaoa,5,0.8333333333333334,M1_surface_unaware M2_aeb_unavailable M3_no_speed_cap M4_late_reaction M5_weak_brakes,CH6,
change,20,55570000,keep_old,6,1.0,M1_surface_unaware M2_aeb_unavailable M3_no_speed_cap M4_late_reaction M5_weak_brakes M6_visibility_unaware,CH1,
change,20,55570000,full_exact,6,1.0,M1_surface_unaware M2_aeb_unavailable M3_no_speed_cap M4_late_reaction M5_weak_brakes M6_visibility_unaware,CH1,
change,20,55570000,aware_exact,6,1.0,M1_surface_unaware M2_aeb_unavailable M3_no_speed_cap M4_late_reaction M5_weak_brakes M6_visibility_unaware,CH1,
change,20,55570000,aware_qaoa,6,1.0,M1_surface_unaware M2_aeb_unavailable M3_no_speed_cap M4_late_reaction M5_weak_brakes M6_visibility_unaware,CH1,
change,20,55570000,keep_old,6,1.0,M1_surface_unaware M2_aeb_unavailable M3_no_speed_cap M4_late_reaction M5_weak_brakes M6_visibility_unaware,CH2,
change,20,55570000,full_exact,6,1.0,M1_surface_unaware M2_aeb_unavailable M3_no_speed_cap M4_late_reaction M5_weak_brakes M6_visibility_unaware,CH2,
change,20,55570000,aware_exact,6,1.0,M1_surface_unaware M2_aeb_unavailable M3_no_speed_cap M4_late_reaction M5_weak_brakes M6_visibility_unaware,CH2,
change,20,55570000,aware_qaoa,6,1.0,M1_surface_unaware M2_aeb_unavailable M3_no_speed_cap M4_late_reaction M5_weak_brakes M6_visibility_unaware,CH2,
change,20,55570000,keep_old,6,1.0,M1_surface_unaware M2_aeb_unavailable M3_no_speed_cap M4_late_reaction M5_weak_brakes M6_visibility_unaware,CH3,
change,20,55570000,full_exact,6,1.0,M1_surface_unaware M2_aeb_unavailable M3_no_speed_cap M4_late_reaction M5_weak_brakes M6_visibility_unaware,CH3,
change,20,55570000,aware_exact,6,1.0,M1_surface_unaware M2_aeb_unavailable M3_no_speed_cap M4_late_reaction M5_weak_brakes M6_visibility_unaware,CH3,
change,20,55570000,aware_qaoa,6,1.0,M1_surface_unaware M2_aeb_unavailable M3_no_speed_cap M4_late_reaction M5_weak_brakes M6_visibility_unaware,CH3,
change,20,55570000,keep_old,6,1.0,M1_surface_unaware M2_aeb_unavailable M3_no_speed_cap M4_late_reaction M5_weak_brakes M6_visibility_unaware,CH4,
change,20,55570000,full_exact,6,1.0,M1_surface_unaware M2_aeb_unavailable M3_no_speed_cap M4_late_reaction M5_weak_brakes M6_visibility_unaware,CH4,
change,20,55570000,aware_exact,6,1.0,M1_surface_unaware M2_aeb_unavailable M3_no_speed_cap M4_late_reaction M5_weak_brakes M6_visibility_unaware,CH4,
change,20,55570000,aware_qaoa,6,1.0,M1_surface_unaware M2_aeb_unavailable M3_no_speed_cap M4_late_reaction M5_weak_brakes M6_visibility_unaware,CH4,
change,20,55570000,keep_old,6,1.0,M1_surface_unaware M2_aeb_unavailable M3_no_speed_cap M4_late_reaction M5_weak_brakes M6_visibility_unaware,CH5,
change,20,55570000,full_exact,6,1.0,M1_surface_unaware M2_aeb_unavailable M3_no_speed_cap M4_late_reaction M5_weak_brakes M6_visibility_unaware,CH5,
change,20,55570000,aware_exact,6,1.0,M1_surface_unaware M2_aeb_unavailable M3_no_speed_cap M4_late_reaction M5_weak_brakes M6_visibility_unaware,CH5,
change,20,55570000,aware_qaoa,6,1.0,M1_surface_unaware M2_aeb_unavailable M3_no_speed_cap M4_late_reaction M5_weak_brakes M6_visibility_unaware,CH5,
change,20,55570000,keep_old,6,1.0,M1_surface_unaware M2_aeb_unavailable M3_no_speed_cap M4_late_reaction M5_weak_brakes M6_visibility_unaware,CH6,
change,20,55570000,full_exact,6,1.0,M1_surface_unaware M2_aeb_unavailable M3_no_speed_cap M4_late_reaction M5_weak_brakes M6_visibility_unaware,CH6,
change,20,55570000,aware_exact,6,1.0,M1_surface_unaware M2_aeb_unavailable M3_no_speed_cap M4_late_reaction M5_weak_brakes M6_visibility_unaware,CH6,
change,20,55570000,aware_qaoa,6,1.0,M1_surface_unaware M2_aeb_unavailable M3_no_speed_cap M4_late_reaction M5_weak_brakes M6_visibility_unaware,CH6,
change,20,55570001,keep_old,5,0.8333333333333334,M1_surface_unaware M2_aeb_unavailable M3_no_speed_cap M4_late_reaction M5_weak_brakes,CH1,
change,20,55570001,full_exact,5,0.8333333333333334,M1_surface_unaware M2_aeb_unavailable M3_no_speed_cap M4_late_reaction M5_weak_brakes,CH1,
change,20,55570001,aware_exact,5,0.8333333333333334,M1_surface_unaware M2_aeb_unavailable M3_no_speed_cap M4_late_reaction M5_weak_brakes,CH1,
change,20,55570001,aware_qaoa,5,0.8333333333333334,M1_surface_unaware M2_aeb_unavailable M3_no_speed_cap M4_late_reaction M5_weak_brakes,CH1,
change,20,55570001,keep_old,5,0.8333333333333334,M1_surface_unaware M2_aeb_unavailable M3_no_speed_cap M4_late_reaction M5_weak_brakes,CH2,
change,20,55570001,full_exact,5,0.8333333333333334,M1_surface_unaware M2_aeb_unavailable M3_no_speed_cap M4_late_reaction M5_weak_brakes,CH2,
change,20,55570001,aware_exact,5,0.8333333333333334,M1_surface_unaware M2_aeb_unavailable M3_no_speed_cap M4_late_reaction M5_weak_brakes,CH2,
change,20,55570001,aware_qaoa,5,0.8333333333333334,M1_surface_unaware M2_aeb_unavailable M3_no_speed_cap M4_late_reaction M5_weak_brakes,CH2,
change,20,55570001,keep_old,5,0.8333333333333334,M1_surface_unaware M2_aeb_unavailable M3_no_speed_cap M4_late_reaction M5_weak_brakes,CH3,
change,20,55570001,full_exact,5,0.8333333333333334,M1_surface_unaware M2_aeb_unavailable M3_no_speed_cap M4_late_reaction M5_weak_brakes,CH3,
change,20,55570001,aware_exact,5,0.8333333333333334,M1_surface_unaware M2_aeb_unavailable M3_no_speed_cap M4_late_reaction M5_weak_brakes,CH3,
change,20,55570001,aware_qaoa,4,0.6666666666666666,M1_surface_unaware M2_aeb_unavailable M4_late_reaction M5_weak_brakes,CH3,
change,20,55570001,keep_old,5,0.8333333333333334,M1_surface_unaware M2_aeb_unavailable M3_no_speed_cap M4_late_reaction M5_weak_brakes,CH4,
change,20,55570001,full_exact,5,0.8333333333333334,M1_surface_unaware M2_aeb_unavailable M3_no_speed_cap M4_late_reaction M5_weak_brakes,CH4,
change,20,55570001,aware_exact,5,0.8333333333333334,M1_surface_unaware M2_aeb_unavailable M3_no_speed_cap M4_late_reaction M5_weak_brakes,CH4,
change,20,55570001,aware_qaoa,5,0.8333333333333334,M1_surface_unaware M2_aeb_unavailable M3_no_speed_cap M4_late_reaction M5_weak_brakes,CH4,
change,20,55570001,keep_old,5,0.8333333333333334,M1_surface_unaware M2_aeb_unavailable M3_no_speed_cap M4_late_reaction M5_weak_brakes,CH5,
change,20,55570001,full_exact,5,0.8333333333333334,M1_surface_unaware M2_aeb_unavailable M3_no_speed_cap M4_late_reaction M5_weak_brakes,CH5,
change,20,55570001,aware_exact,5,0.8333333333333334,M1_surface_unaware M2_aeb_unavailable M3_no_speed_cap M4_late_reaction M5_weak_brakes,CH5,
change,20,55570001,aware_qaoa,5,0.8333333333333334,M1_surface_unaware M2_aeb_unavailable M3_no_speed_cap M4_late_reaction M5_weak_brakes,CH5,
change,20,55570001,keep_old,5,0.8333333333333334,M1_surface_unaware M2_aeb_unavailable M3_no_speed_cap M4_late_reaction M5_weak_brakes,CH6,
change,20,55570001,full_exact,5,0.8333333333333334,M1_surface_unaware M2_aeb_unavailable M3_no_speed_cap M4_late_reaction M5_weak_brakes,CH6,
change,20,55570001,aware_exact,5,0.8333333333333334,M1_surface_unaware M2_aeb_unavailable M3_no_speed_cap M4_late_reaction M5_weak_brakes,CH6,
change,20,55570001,aware_qaoa,5,0.8333333333333334,M1_surface_unaware M2_aeb_unavailable M3_no_speed_cap M4_late_reaction M5_weak_brakes,CH6,
change,20,55570002,keep_old,5,0.8333333333333334,M1_surface_unaware M2_aeb_unavailable M3_no_speed_cap M4_late_reaction M5_weak_brakes,CH1,
change,20,55570002,full_exact,5,0.8333333333333334,M1_surface_unaware M2_aeb_unavailable M3_no_speed_cap M4_late_reaction M5_weak_brakes,CH1,
change,20,55570002,aware_exact,5,0.8333333333333334,M1_surface_unaware M2_aeb_unavailable M3_no_speed_cap M4_late_reaction M5_weak_brakes,CH1,
change,20,55570002,aware_qaoa,5,0.8333333333333334,M1_surface_unaware M2_aeb_unavailable M3_no_speed_cap M4_late_reaction M5_weak_brakes,CH1,
change,20,55570002,keep_old,5,0.8333333333333334,M1_surface_unaware M2_aeb_unavailable M3_no_speed_cap M4_late_reaction M5_weak_brakes,CH2,
change,20,55570002,full_exact,5,0.8333333333333334,M1_surface_unaware M2_aeb_unavailable M3_no_speed_cap M4_late_reaction M5_weak_brakes,CH2,
change,20,55570002,aware_exact,5,0.8333333333333334,M1_surface_unaware M2_aeb_unavailable M3_no_speed_cap M4_late_reaction M5_weak_brakes,CH2,
change,20,55570002,aware_qaoa,5,0.8333333333333334,M1_surface_unaware M2_aeb_unavailable M3_no_speed_cap M4_late_reaction M5_weak_brakes,CH2,
change,20,55570002,keep_old,5,0.8333333333333334,M1_surface_unaware M2_aeb_unavailable M3_no_speed_cap M4_late_reaction M5_weak_brakes,CH3,
change,20,55570002,full_exact,5,0.8333333333333334,M1_surface_unaware M2_aeb_unavailable M3_no_speed_cap M4_late_reaction M5_weak_brakes,CH3,
change,20,55570002,aware_exact,5,0.8333333333333334,M1_surface_unaware M2_aeb_unavailable M3_no_speed_cap M4_late_reaction M5_weak_brakes,CH3,
change,20,55570002,aware_qaoa,5,0.8333333333333334,M1_surface_unaware M2_aeb_unavailable M3_no_speed_cap M4_late_reaction M5_weak_brakes,CH3,
change,20,55570002,keep_old,5,0.8333333333333334,M1_surface_unaware M2_aeb_unavailable M3_no_speed_cap M4_late_reaction M5_weak_brakes,CH4,
change,20,55570002,full_exact,5,0.8333333333333334,M1_surface_unaware M2_aeb_unavailable M3_no_speed_cap M4_late_reaction M5_weak_brakes,CH4,
change,20,55570002,aware_exact,5,0.8333333333333334,M1_surface_unaware M2_aeb_unavailable M3_no_speed_cap M4_late_reaction M5_weak_brakes,CH4,
change,20,55570002,aware_qaoa,5,0.8333333333333334,M1_surface_unaware M2_aeb_unavailable M3_no_speed_cap M4_late_reaction M5_weak_brakes,CH4,
change,20,55570002,keep_old,5,0.8333333333333334,M1_surface_unaware M2_aeb_unavailable M3_no_speed_cap M4_late_reaction M5_weak_brakes,CH5,
change,20,55570002,full_exact,5,0.8333333333333334,M1_surface_unaware M2_aeb_unavailable M3_no_speed_cap M4_late_reaction M5_weak_brakes,CH5,
change,20,55570002,aware_exact,5,0.8333333333333334,M1_surface_unaware M2_aeb_unavailable M3_no_speed_cap M4_late_reaction M5_weak_brakes,CH5,
change,20,55570002,aware_qaoa,5,0.8333333333333334,M1_surface_unaware M2_aeb_unavailable M3_no_speed_cap M4_late_reaction M5_weak_brakes,CH5,
change,20,55570002,keep_old,5,0.8333333333333334,M1_surface_unaware M2_aeb_unavailable M3_no_speed_cap M4_late_reaction M5_weak_brakes,CH6,
change,20,55570002,full_exact,5,0.8333333333333334,M1_surface_unaware M2_aeb_unavailable M3_no_speed_cap M4_late_reaction M5_weak_brakes,CH6,
change,20,55570002,aware_exact,5,0.8333333333333334,M1_surface_unaware M2_aeb_unavailable M3_no_speed_cap M4_late_reaction M5_weak_brakes,CH6,
change,20,55570002,aware_qaoa,5,0.8333333333333334,M1_surface_unaware M2_aeb_unavailable M3_no_speed_cap M4_late_reaction M5_weak_brakes,CH6,
change,20,55570003,keep_old,5,0.8333333333333334,M1_surface_unaware M2_aeb_unavailable M3_no_speed_cap M4_late_reaction M5_weak_brakes,CH1,
change,20,55570003,full_exact,5,0.8333333333333334,M1_surface_unaware M2_aeb_unavailable M3_no_speed_cap M4_late_reaction M5_weak_brakes,CH1,
change,20,55570003,aware_exact,5,0.8333333333333334,M1_surface_unaware M2_aeb_unavailable M3_no_speed_cap M4_late_reaction M5_weak_brakes,CH1,
change,20,55570003,aware_qaoa,5,0.8333333333333334,M1_surface_unaware M2_aeb_unavailable M3_no_speed_cap M4_late_reaction M5_weak_brakes,CH1,
change,20,55570003,keep_old,5,0.8333333333333334,M1_surface_unaware M2_aeb_unavailable M3_no_speed_cap M4_late_reaction M5_weak_brakes,CH2,
change,20,55570003,full_exact,5,0.8333333333333334,M1_surface_unaware M2_aeb_unavailable M3_no_speed_cap M4_late_reaction M5_weak_brakes,CH2,
change,20,55570003,aware_exact,5,0.8333333333333334,M1_surface_unaware M2_aeb_unavailable M3_no_speed_cap M4_late_reaction M5_weak_brakes,CH2,
change,20,55570003,aware_qaoa,5,0.8333333333333334,M1_surface_unaware M2_aeb_unavailable M3_no_speed_cap M4_late_reaction M5_weak_brakes,CH2,
change,20,55570003,keep_old,5,0.8333333333333334,M1_surface_unaware M2_aeb_unavailable M3_no_speed_cap M4_late_reaction M5_weak_brakes,CH3,
change,20,55570003,full_exact,5,0.8333333333333334,M1_surface_unaware M2_aeb_unavailable M3_no_speed_cap M4_late_reaction M5_weak_brakes,CH3,
change,20,55570003,aware_exact,5,0.8333333333333334,M1_surface_unaware M2_aeb_unavailable M3_no_speed_cap M4_late_reaction M5_weak_brakes,CH3,
change,20,55570003,aware_qaoa,5,0.8333333333333334,M1_surface_unaware M2_aeb_unavailable M3_no_speed_cap M4_late_reaction M5_weak_brakes,CH3,
change,20,55570003,keep_old,5,0.8333333333333334,M1_surface_unaware M2_aeb_unavailable M3_no_speed_cap M4_late_reaction M5_weak_brakes,CH4,
change,20,55570003,full_exact,5,0.8333333333333334,M1_surface_unaware M2_aeb_unavailable M3_no_speed_cap M4_late_reaction M5_weak_brakes,CH4,
change,20,55570003,aware_exact,5,0.8333333333333334,M1_surface_unaware M2_aeb_unavailable M3_no_speed_cap M4_late_reaction M5_weak_brakes,CH4,
change,20,55570003,aware_qaoa,5,0.8333333333333334,M1_surface_unaware M2_aeb_unavailable M3_no_speed_cap M4_late_reaction M5_weak_brakes,CH4,
change,20,55570003,keep_old,5,0.8333333333333334,M1_surface_unaware M2_aeb_unavailable M3_no_speed_cap M4_late_reaction M5_weak_brakes,CH5,
change,20,55570003,full_exact,5,0.8333333333333334,M1_surface_unaware M2_aeb_unavailable M3_no_speed_cap M4_late_reaction M5_weak_brakes,CH5,
change,20,55570003,aware_exact,5,0.8333333333333334,M1_surface_unaware M2_aeb_unavailable M3_no_speed_cap M4_late_reaction M5_weak_brakes,CH5,
change,20,55570003,aware_qaoa,5,0.8333333333333334,M1_surface_unaware M2_aeb_unavailable M3_no_speed_cap M4_late_reaction M5_weak_brakes,CH5,
change,20,55570003,keep_old,5,0.8333333333333334,M1_surface_unaware M2_aeb_unavailable M3_no_speed_cap M4_late_reaction M5_weak_brakes,CH6,
change,20,55570003,full_exact,5,0.8333333333333334,M1_surface_unaware M2_aeb_unavailable M3_no_speed_cap M4_late_reaction M5_weak_brakes,CH6,
change,20,55570003,aware_exact,5,0.8333333333333334,M1_surface_unaware M2_aeb_unavailable M3_no_speed_cap M4_late_reaction M5_weak_brakes,CH6,
change,20,55570003,aware_qaoa,5,0.8333333333333334,M1_surface_unaware M2_aeb_unavailable M3_no_speed_cap M4_late_reaction M5_weak_brakes,CH6,
change,20,55570004,keep_old,6,1.0,M1_surface_unaware M2_aeb_unavailable M3_no_speed_cap M4_late_reaction M5_weak_brakes M6_visibility_unaware,CH1,
change,20,55570004,full_exact,6,1.0,M1_surface_unaware M2_aeb_unavailable M3_no_speed_cap M4_late_reaction M5_weak_brakes M6_visibility_unaware,CH1,
change,20,55570004,aware_exact,6,1.0,M1_surface_unaware M2_aeb_unavailable M3_no_speed_cap M4_late_reaction M5_weak_brakes M6_visibility_unaware,CH1,
change,20,55570004,aware_qaoa,5,0.8333333333333334,M1_surface_unaware M2_aeb_unavailable M3_no_speed_cap M4_late_reaction M5_weak_brakes,CH1,
change,20,55570004,keep_old,6,1.0,M1_surface_unaware M2_aeb_unavailable M3_no_speed_cap M4_late_reaction M5_weak_brakes M6_visibility_unaware,CH2,
change,20,55570004,full_exact,6,1.0,M1_surface_unaware M2_aeb_unavailable M3_no_speed_cap M4_late_reaction M5_weak_brakes M6_visibility_unaware,CH2,
change,20,55570004,aware_exact,6,1.0,M1_surface_unaware M2_aeb_unavailable M3_no_speed_cap M4_late_reaction M5_weak_brakes M6_visibility_unaware,CH2,
change,20,55570004,aware_qaoa,6,1.0,M1_surface_unaware M2_aeb_unavailable M3_no_speed_cap M4_late_reaction M5_weak_brakes M6_visibility_unaware,CH2,
change,20,55570004,keep_old,6,1.0,M1_surface_unaware M2_aeb_unavailable M3_no_speed_cap M4_late_reaction M5_weak_brakes M6_visibility_unaware,CH3,
change,20,55570004,full_exact,6,1.0,M1_surface_unaware M2_aeb_unavailable M3_no_speed_cap M4_late_reaction M5_weak_brakes M6_visibility_unaware,CH3,
change,20,55570004,aware_exact,6,1.0,M1_surface_unaware M2_aeb_unavailable M3_no_speed_cap M4_late_reaction M5_weak_brakes M6_visibility_unaware,CH3,
change,20,55570004,aware_qaoa,6,1.0,M1_surface_unaware M2_aeb_unavailable M3_no_speed_cap M4_late_reaction M5_weak_brakes M6_visibility_unaware,CH3,
change,20,55570004,keep_old,6,1.0,M1_surface_unaware M2_aeb_unavailable M3_no_speed_cap M4_late_reaction M5_weak_brakes M6_visibility_unaware,CH4,
change,20,55570004,full_exact,6,1.0,M1_surface_unaware M2_aeb_unavailable M3_no_speed_cap M4_late_reaction M5_weak_brakes M6_visibility_unaware,CH4,
change,20,55570004,aware_exact,6,1.0,M1_surface_unaware M2_aeb_unavailable M3_no_speed_cap M4_late_reaction M5_weak_brakes M6_visibility_unaware,CH4,
change,20,55570004,aware_qaoa,6,1.0,M1_surface_unaware M2_aeb_unavailable M3_no_speed_cap M4_late_reaction M5_weak_brakes M6_visibility_unaware,CH4,
change,20,55570004,keep_old,6,1.0,M1_surface_unaware M2_aeb_unavailable M3_no_speed_cap M4_late_reaction M5_weak_brakes M6_visibility_unaware,CH5,
change,20,55570004,full_exact,6,1.0,M1_surface_unaware M2_aeb_unavailable M3_no_speed_cap M4_late_reaction M5_weak_brakes M6_visibility_unaware,CH5,
change,20,55570004,aware_exact,6,1.0,M1_surface_unaware M2_aeb_unavailable M3_no_speed_cap M4_late_reaction M5_weak_brakes M6_visibility_unaware,CH5,
change,20,55570004,aware_qaoa,6,1.0,M1_surface_unaware M2_aeb_unavailable M3_no_speed_cap M4_late_reaction M5_weak_brakes M6_visibility_unaware,CH5,
change,20,55570004,keep_old,6,1.0,M1_surface_unaware M2_aeb_unavailable M3_no_speed_cap M4_late_reaction M5_weak_brakes M6_visibility_unaware,CH6,
change,20,55570004,full_exact,6,1.0,M1_surface_unaware M2_aeb_unavailable M3_no_speed_cap M4_late_reaction M5_weak_brakes M6_visibility_unaware,CH6,
change,20,55570004,aware_exact,6,1.0,M1_surface_unaware M2_aeb_unavailable M3_no_speed_cap M4_late_reaction M5_weak_brakes M6_visibility_unaware,CH6,
change,20,55570004,aware_qaoa,6,1.0,M1_surface_unaware M2_aeb_unavailable M3_no_speed_cap M4_late_reaction M5_weak_brakes M6_visibility_unaware,CH6,
change,20,55570005,keep_old,6,1.0,M1_surface_unaware M2_aeb_unavailable M3_no_speed_cap M4_late_reaction M5_weak_brakes M6_visibility_unaware,CH1,
change,20,55570005,full_exact,6,1.0,M1_surface_unaware M2_aeb_unavailable M3_no_speed_cap M4_late_reaction M5_weak_brakes M6_visibility_unaware,CH1,
change,20,55570005,aware_exact,6,1.0,M1_surface_unaware M2_aeb_unavailable M3_no_speed_cap M4_late_reaction M5_weak_brakes M6_visibility_unaware,CH1,
change,20,55570005,aware_qaoa,6,1.0,M1_surface_unaware M2_aeb_unavailable M3_no_speed_cap M4_late_reaction M5_weak_brakes M6_visibility_unaware,CH1,
change,20,55570005,keep_old,6,1.0,M1_surface_unaware M2_aeb_unavailable M3_no_speed_cap M4_late_reaction M5_weak_brakes M6_visibility_unaware,CH2,
change,20,55570005,full_exact,6,1.0,M1_surface_unaware M2_aeb_unavailable M3_no_speed_cap M4_late_reaction M5_weak_brakes M6_visibility_unaware,CH2,
change,20,55570005,aware_exact,6,1.0,M1_surface_unaware M2_aeb_unavailable M3_no_speed_cap M4_late_reaction M5_weak_brakes M6_visibility_unaware,CH2,
change,20,55570005,aware_qaoa,6,1.0,M1_surface_unaware M2_aeb_unavailable M3_no_speed_cap M4_late_reaction M5_weak_brakes M6_visibility_unaware,CH2,
change,20,55570005,keep_old,6,1.0,M1_surface_unaware M2_aeb_unavailable M3_no_speed_cap M4_late_reaction M5_weak_brakes M6_visibility_unaware,CH3,
change,20,55570005,full_exact,6,1.0,M1_surface_unaware M2_aeb_unavailable M3_no_speed_cap M4_late_reaction M5_weak_brakes M6_visibility_unaware,CH3,
change,20,55570005,aware_exact,6,1.0,M1_surface_unaware M2_aeb_unavailable M3_no_speed_cap M4_late_reaction M5_weak_brakes M6_visibility_unaware,CH3,
change,20,55570005,aware_qaoa,6,1.0,M1_surface_unaware M2_aeb_unavailable M3_no_speed_cap M4_late_reaction M5_weak_brakes M6_visibility_unaware,CH3,
change,20,55570005,keep_old,6,1.0,M1_surface_unaware M2_aeb_unavailable M3_no_speed_cap M4_late_reaction M5_weak_brakes M6_visibility_unaware,CH4,
change,20,55570005,full_exact,6,1.0,M1_surface_unaware M2_aeb_unavailable M3_no_speed_cap M4_late_reaction M5_weak_brakes M6_visibility_unaware,CH4,
change,20,55570005,aware_exact,6,1.0,M1_surface_unaware M2_aeb_unavailable M3_no_speed_cap M4_late_reaction M5_weak_brakes M6_visibility_unaware,CH4,
change,20,55570005,aware_qaoa,6,1.0,M1_surface_unaware M2_aeb_unavailable M3_no_speed_cap M4_late_reaction M5_weak_brakes M6_visibility_unaware,CH4,
change,20,55570005,keep_old,6,1.0,M1_surface_unaware M2_aeb_unavailable M3_no_speed_cap M4_late_reaction M5_weak_brakes M6_visibility_unaware,CH5,
change,20,55570005,full_exact,6,1.0,M1_surface_unaware M2_aeb_unavailable M3_no_speed_cap M4_late_reaction M5_weak_brakes M6_visibility_unaware,CH5,
change,20,55570005,aware_exact,6,1.0,M1_surface_unaware M2_aeb_unavailable M3_no_speed_cap M4_late_reaction M5_weak_brakes M6_visibility_unaware,CH5,
change,20,55570005,aware_qaoa,6,1.0,M1_surface_unaware M2_aeb_unavailable M3_no_speed_cap M4_late_reaction M5_weak_brakes M6_visibility_unaware,CH5,
change,20,55570005,keep_old,6,1.0,M1_surface_unaware M2_aeb_unavailable M3_no_speed_cap M4_late_reaction M5_weak_brakes M6_visibility_unaware,CH6,
change,20,55570005,full_exact,6,1.0,M1_surface_unaware M2_aeb_unavailable M3_no_speed_cap M4_late_reaction M5_weak_brakes M6_visibility_unaware,CH6,
change,20,55570005,aware_exact,6,1.0,M1_surface_unaware M2_aeb_unavailable M3_no_speed_cap M4_late_reaction M5_weak_brakes M6_visibility_unaware,CH6,
change,20,55570005,aware_qaoa,6,1.0,M1_surface_unaware M2_aeb_unavailable M3_no_speed_cap M4_late_reaction M5_weak_brakes M6_visibility_unaware,CH6,
change,20,55570006,keep_old,5,0.8333333333333334,M1_surface_unaware M2_aeb_unavailable M3_no_speed_cap M4_late_reaction M5_weak_brakes,CH1,
change,20,55570006,full_exact,5,0.8333333333333334,M1_surface_unaware M2_aeb_unavailable M3_no_speed_cap M4_late_reaction M5_weak_brakes,CH1,
change,20,55570006,aware_exact,5,0.8333333333333334,M1_surface_unaware M2_aeb_unavailable M3_no_speed_cap M4_late_reaction M5_weak_brakes,CH1,
change,20,55570006,aware_qaoa,5,0.8333333333333334,M1_surface_unaware M2_aeb_unavailable M3_no_speed_cap M4_late_reaction M5_weak_brakes,CH1,
change,20,55570006,keep_old,5,0.8333333333333334,M1_surface_unaware M2_aeb_unavailable M3_no_speed_cap M4_late_reaction M5_weak_brakes,CH2,
change,20,55570006,full_exact,5,0.8333333333333334,M1_surface_unaware M2_aeb_unavailable M3_no_speed_cap M4_late_reaction M5_weak_brakes,CH2,
change,20,55570006,aware_exact,5,0.8333333333333334,M1_surface_unaware M2_aeb_unavailable M3_no_speed_cap M4_late_reaction M5_weak_brakes,CH2,
change,20,55570006,aware_qaoa,5,0.8333333333333334,M1_surface_unaware M2_aeb_unavailable M3_no_speed_cap M4_late_reaction M5_weak_brakes,CH2,
change,20,55570006,keep_old,5,0.8333333333333334,M1_surface_unaware M2_aeb_unavailable M3_no_speed_cap M4_late_reaction M5_weak_brakes,CH3,
change,20,55570006,full_exact,5,0.8333333333333334,M1_surface_unaware M2_aeb_unavailable M3_no_speed_cap M4_late_reaction M5_weak_brakes,CH3,
change,20,55570006,aware_exact,5,0.8333333333333334,M1_surface_unaware M2_aeb_unavailable M3_no_speed_cap M4_late_reaction M5_weak_brakes,CH3,
change,20,55570006,aware_qaoa,5,0.8333333333333334,M1_surface_unaware M2_aeb_unavailable M3_no_speed_cap M4_late_reaction M5_weak_brakes,CH3,
change,20,55570006,keep_old,5,0.8333333333333334,M1_surface_unaware M2_aeb_unavailable M3_no_speed_cap M4_late_reaction M5_weak_brakes,CH4,
change,20,55570006,full_exact,5,0.8333333333333334,M1_surface_unaware M2_aeb_unavailable M3_no_speed_cap M4_late_reaction M5_weak_brakes,CH4,
change,20,55570006,aware_exact,5,0.8333333333333334,M1_surface_unaware M2_aeb_unavailable M3_no_speed_cap M4_late_reaction M5_weak_brakes,CH4,
change,20,55570006,aware_qaoa,5,0.8333333333333334,M1_surface_unaware M2_aeb_unavailable M3_no_speed_cap M4_late_reaction M5_weak_brakes,CH4,
change,20,55570006,keep_old,5,0.8333333333333334,M1_surface_unaware M2_aeb_unavailable M3_no_speed_cap M4_late_reaction M5_weak_brakes,CH5,
change,20,55570006,full_exact,5,0.8333333333333334,M1_surface_unaware M2_aeb_unavailable M3_no_speed_cap M4_late_reaction M5_weak_brakes,CH5,
change,20,55570006,aware_exact,5,0.8333333333333334,M1_surface_unaware M2_aeb_unavailable M3_no_speed_cap M4_late_reaction M5_weak_brakes,CH5,
change,20,55570006,aware_qaoa,5,0.8333333333333334,M1_surface_unaware M2_aeb_unavailable M3_no_speed_cap M4_late_reaction M5_weak_brakes,CH5,
change,20,55570006,keep_old,5,0.8333333333333334,M1_surface_unaware M2_aeb_unavailable M3_no_speed_cap M4_late_reaction M5_weak_brakes,CH6,
change,20,55570006,full_exact,5,0.8333333333333334,M1_surface_unaware M2_aeb_unavailable M3_no_speed_cap M4_late_reaction M5_weak_brakes,CH6,
change,20,55570006,aware_exact,5,0.8333333333333334,M1_surface_unaware M2_aeb_unavailable M3_no_speed_cap M4_late_reaction M5_weak_brakes,CH6,
change,20,55570006,aware_qaoa,5,0.8333333333333334,M1_surface_unaware M2_aeb_unavailable M3_no_speed_cap M4_late_reaction M5_weak_brakes,CH6,
change,20,55570007,keep_old,6,1.0,M1_surface_unaware M2_aeb_unavailable M3_no_speed_cap M4_late_reaction M5_weak_brakes M6_visibility_unaware,CH1,
change,20,55570007,full_exact,6,1.0,M1_surface_unaware M2_aeb_unavailable M3_no_speed_cap M4_late_reaction M5_weak_brakes M6_visibility_unaware,CH1,
change,20,55570007,aware_exact,6,1.0,M1_surface_unaware M2_aeb_unavailable M3_no_speed_cap M4_late_reaction M5_weak_brakes M6_visibility_unaware,CH1,
change,20,55570007,aware_qaoa,6,1.0,M1_surface_unaware M2_aeb_unavailable M3_no_speed_cap M4_late_reaction M5_weak_brakes M6_visibility_unaware,CH1,
change,20,55570007,keep_old,6,1.0,M1_surface_unaware M2_aeb_unavailable M3_no_speed_cap M4_late_reaction M5_weak_brakes M6_visibility_unaware,CH2,
change,20,55570007,full_exact,6,1.0,M1_surface_unaware M2_aeb_unavailable M3_no_speed_cap M4_late_reaction M5_weak_brakes M6_visibility_unaware,CH2,
change,20,55570007,aware_exact,6,1.0,M1_surface_unaware M2_aeb_unavailable M3_no_speed_cap M4_late_reaction M5_weak_brakes M6_visibility_unaware,CH2,
change,20,55570007,aware_qaoa,6,1.0,M1_surface_unaware M2_aeb_unavailable M3_no_speed_cap M4_late_reaction M5_weak_brakes M6_visibility_unaware,CH2,
change,20,55570007,keep_old,6,1.0,M1_surface_unaware M2_aeb_unavailable M3_no_speed_cap M4_late_reaction M5_weak_brakes M6_visibility_unaware,CH3,
change,20,55570007,full_exact,6,1.0,M1_surface_unaware M2_aeb_unavailable M3_no_speed_cap M4_late_reaction M5_weak_brakes M6_visibility_unaware,CH3,
change,20,55570007,aware_exact,6,1.0,M1_surface_unaware M2_aeb_unavailable M3_no_speed_cap M4_late_reaction M5_weak_brakes M6_visibility_unaware,CH3,
change,20,55570007,aware_qaoa,6,1.0,M1_surface_unaware M2_aeb_unavailable M3_no_speed_cap M4_late_reaction M5_weak_brakes M6_visibility_unaware,CH3,
change,20,55570007,keep_old,6,1.0,M1_surface_unaware M2_aeb_unavailable M3_no_speed_cap M4_late_reaction M5_weak_brakes M6_visibility_unaware,CH4,
change,20,55570007,full_exact,6,1.0,M1_surface_unaware M2_aeb_unavailable M3_no_speed_cap M4_late_reaction M5_weak_brakes M6_visibility_unaware,CH4,
change,20,55570007,aware_exact,6,1.0,M1_surface_unaware M2_aeb_unavailable M3_no_speed_cap M4_late_reaction M5_weak_brakes M6_visibility_unaware,CH4,
change,20,55570007,aware_qaoa,6,1.0,M1_surface_unaware M2_aeb_unavailable M3_no_speed_cap M4_late_reaction M5_weak_brakes M6_visibility_unaware,CH4,
change,20,55570007,keep_old,6,1.0,M1_surface_unaware M2_aeb_unavailable M3_no_speed_cap M4_late_reaction M5_weak_brakes M6_visibility_unaware,CH5,
change,20,55570007,full_exact,6,1.0,M1_surface_unaware M2_aeb_unavailable M3_no_speed_cap M4_late_reaction M5_weak_brakes M6_visibility_unaware,CH5,
change,20,55570007,aware_exact,6,1.0,M1_surface_unaware M2_aeb_unavailable M3_no_speed_cap M4_late_reaction M5_weak_brakes M6_visibility_unaware,CH5,
change,20,55570007,aware_qaoa,6,1.0,M1_surface_unaware M2_aeb_unavailable M3_no_speed_cap M4_late_reaction M5_weak_brakes M6_visibility_unaware,CH5,
change,20,55570007,keep_old,6,1.0,M1_surface_unaware M2_aeb_unavailable M3_no_speed_cap M4_late_reaction M5_weak_brakes M6_visibility_unaware,CH6,
change,20,55570007,full_exact,6,1.0,M1_surface_unaware M2_aeb_unavailable M3_no_speed_cap M4_late_reaction M5_weak_brakes M6_visibility_unaware,CH6,
change,20,55570007,aware_exact,6,1.0,M1_surface_unaware M2_aeb_unavailable M3_no_speed_cap M4_late_reaction M5_weak_brakes M6_visibility_unaware,CH6,
change,20,55570007,aware_qaoa,5,0.8333333333333334,M1_surface_unaware M2_aeb_unavailable M3_no_speed_cap M4_late_reaction M5_weak_brakes,CH6,
change,20,55570008,keep_old,6,1.0,M1_surface_unaware M2_aeb_unavailable M3_no_speed_cap M4_late_reaction M5_weak_brakes M6_visibility_unaware,CH1,
change,20,55570008,full_exact,5,0.8333333333333334,M1_surface_unaware M2_aeb_unavailable M3_no_speed_cap M4_late_reaction M5_weak_brakes,CH1,
change,20,55570008,aware_exact,6,1.0,M1_surface_unaware M2_aeb_unavailable M3_no_speed_cap M4_late_reaction M5_weak_brakes M6_visibility_unaware,CH1,
change,20,55570008,aware_qaoa,6,1.0,M1_surface_unaware M2_aeb_unavailable M3_no_speed_cap M4_late_reaction M5_weak_brakes M6_visibility_unaware,CH1,
change,20,55570008,keep_old,6,1.0,M1_surface_unaware M2_aeb_unavailable M3_no_speed_cap M4_late_reaction M5_weak_brakes M6_visibility_unaware,CH2,
change,20,55570008,full_exact,5,0.8333333333333334,M1_surface_unaware M2_aeb_unavailable M3_no_speed_cap M4_late_reaction M5_weak_brakes,CH2,
change,20,55570008,aware_exact,6,1.0,M1_surface_unaware M2_aeb_unavailable M3_no_speed_cap M4_late_reaction M5_weak_brakes M6_visibility_unaware,CH2,
change,20,55570008,aware_qaoa,6,1.0,M1_surface_unaware M2_aeb_unavailable M3_no_speed_cap M4_late_reaction M5_weak_brakes M6_visibility_unaware,CH2,
change,20,55570008,keep_old,6,1.0,M1_surface_unaware M2_aeb_unavailable M3_no_speed_cap M4_late_reaction M5_weak_brakes M6_visibility_unaware,CH3,
change,20,55570008,full_exact,5,0.8333333333333334,M1_surface_unaware M2_aeb_unavailable M3_no_speed_cap M4_late_reaction M5_weak_brakes,CH3,
change,20,55570008,aware_exact,6,1.0,M1_surface_unaware M2_aeb_unavailable M3_no_speed_cap M4_late_reaction M5_weak_brakes M6_visibility_unaware,CH3,
change,20,55570008,aware_qaoa,6,1.0,M1_surface_unaware M2_aeb_unavailable M3_no_speed_cap M4_late_reaction M5_weak_brakes M6_visibility_unaware,CH3,
change,20,55570008,keep_old,6,1.0,M1_surface_unaware M2_aeb_unavailable M3_no_speed_cap M4_late_reaction M5_weak_brakes M6_visibility_unaware,CH4,
change,20,55570008,full_exact,5,0.8333333333333334,M1_surface_unaware M2_aeb_unavailable M3_no_speed_cap M4_late_reaction M5_weak_brakes,CH4,
change,20,55570008,aware_exact,6,1.0,M1_surface_unaware M2_aeb_unavailable M3_no_speed_cap M4_late_reaction M5_weak_brakes M6_visibility_unaware,CH4,
change,20,55570008,aware_qaoa,6,1.0,M1_surface_unaware M2_aeb_unavailable M3_no_speed_cap M4_late_reaction M5_weak_brakes M6_visibility_unaware,CH4,
change,20,55570008,keep_old,6,1.0,M1_surface_unaware M2_aeb_unavailable M3_no_speed_cap M4_late_reaction M5_weak_brakes M6_visibility_unaware,CH5,
change,20,55570008,full_exact,5,0.8333333333333334,M1_surface_unaware M2_aeb_unavailable M3_no_speed_cap M4_late_reaction M5_weak_brakes,CH5,
change,20,55570008,aware_exact,6,1.0,M1_surface_unaware M2_aeb_unavailable M3_no_speed_cap M4_late_reaction M5_weak_brakes M6_visibility_unaware,CH5,
change,20,55570008,aware_qaoa,6,1.0,M1_surface_unaware M2_aeb_unavailable M3_no_speed_cap M4_late_reaction M5_weak_brakes M6_visibility_unaware,CH5,
change,20,55570008,keep_old,6,1.0,M1_surface_unaware M2_aeb_unavailable M3_no_speed_cap M4_late_reaction M5_weak_brakes M6_visibility_unaware,CH6,
change,20,55570008,full_exact,5,0.8333333333333334,M1_surface_unaware M2_aeb_unavailable M3_no_speed_cap M4_late_reaction M5_weak_brakes,CH6,
change,20,55570008,aware_exact,6,1.0,M1_surface_unaware M2_aeb_unavailable M3_no_speed_cap M4_late_reaction M5_weak_brakes M6_visibility_unaware,CH6,
change,20,55570008,aware_qaoa,6,1.0,M1_surface_unaware M2_aeb_unavailable M3_no_speed_cap M4_late_reaction M5_weak_brakes M6_visibility_unaware,CH6,
change,20,55570009,keep_old,6,1.0,M1_surface_unaware M2_aeb_unavailable M3_no_speed_cap M4_late_reaction M5_weak_brakes M6_visibility_unaware,CH1,
change,20,55570009,full_exact,6,1.0,M1_surface_unaware M2_aeb_unavailable M3_no_speed_cap M4_late_reaction M5_weak_brakes M6_visibility_unaware,CH1,
change,20,55570009,aware_exact,6,1.0,M1_surface_unaware M2_aeb_unavailable M3_no_speed_cap M4_late_reaction M5_weak_brakes M6_visibility_unaware,CH1,
change,20,55570009,aware_qaoa,5,0.8333333333333334,M1_surface_unaware M2_aeb_unavailable M4_late_reaction M5_weak_brakes M6_visibility_unaware,CH1,
change,20,55570009,keep_old,6,1.0,M1_surface_unaware M2_aeb_unavailable M3_no_speed_cap M4_late_reaction M5_weak_brakes M6_visibility_unaware,CH2,
change,20,55570009,full_exact,6,1.0,M1_surface_unaware M2_aeb_unavailable M3_no_speed_cap M4_late_reaction M5_weak_brakes M6_visibility_unaware,CH2,
change,20,55570009,aware_exact,6,1.0,M1_surface_unaware M2_aeb_unavailable M3_no_speed_cap M4_late_reaction M5_weak_brakes M6_visibility_unaware,CH2,
change,20,55570009,aware_qaoa,6,1.0,M1_surface_unaware M2_aeb_unavailable M3_no_speed_cap M4_late_reaction M5_weak_brakes M6_visibility_unaware,CH2,
change,20,55570009,keep_old,6,1.0,M1_surface_unaware M2_aeb_unavailable M3_no_speed_cap M4_late_reaction M5_weak_brakes M6_visibility_unaware,CH3,
change,20,55570009,full_exact,6,1.0,M1_surface_unaware M2_aeb_unavailable M3_no_speed_cap M4_late_reaction M5_weak_brakes M6_visibility_unaware,CH3,
change,20,55570009,aware_exact,6,1.0,M1_surface_unaware M2_aeb_unavailable M3_no_speed_cap M4_late_reaction M5_weak_brakes M6_visibility_unaware,CH3,
change,20,55570009,aware_qaoa,6,1.0,M1_surface_unaware M2_aeb_unavailable M3_no_speed_cap M4_late_reaction M5_weak_brakes M6_visibility_unaware,CH3,
change,20,55570009,keep_old,6,1.0,M1_surface_unaware M2_aeb_unavailable M3_no_speed_cap M4_late_reaction M5_weak_brakes M6_visibility_unaware,CH4,
change,20,55570009,full_exact,6,1.0,M1_surface_unaware M2_aeb_unavailable M3_no_speed_cap M4_late_reaction M5_weak_brakes M6_visibility_unaware,CH4,
change,20,55570009,aware_exact,6,1.0,M1_surface_unaware M2_aeb_unavailable M3_no_speed_cap M4_late_reaction M5_weak_brakes M6_visibility_unaware,CH4,
change,20,55570009,aware_qaoa,5,0.8333333333333334,M1_surface_unaware M2_aeb_unavailable M4_late_reaction M5_weak_brakes M6_visibility_unaware,CH4,
change,20,55570009,keep_old,6,1.0,M1_surface_unaware M2_aeb_unavailable M3_no_speed_cap M4_late_reaction M5_weak_brakes M6_visibility_unaware,CH5,
change,20,55570009,full_exact,6,1.0,M1_surface_unaware M2_aeb_unavailable M3_no_speed_cap M4_late_reaction M5_weak_brakes M6_visibility_unaware,CH5,
change,20,55570009,aware_exact,6,1.0,M1_surface_unaware M2_aeb_unavailable M3_no_speed_cap M4_late_reaction M5_weak_brakes M6_visibility_unaware,CH5,
change,20,55570009,aware_qaoa,6,1.0,M1_surface_unaware M2_aeb_unavailable M3_no_speed_cap M4_late_reaction M5_weak_brakes M6_visibility_unaware,CH5,
change,20,55570009,keep_old,6,1.0,M1_surface_unaware M2_aeb_unavailable M3_no_speed_cap M4_late_reaction M5_weak_brakes M6_visibility_unaware,CH6,
change,20,55570009,full_exact,6,1.0,M1_surface_unaware M2_aeb_unavailable M3_no_speed_cap M4_late_reaction M5_weak_brakes M6_visibility_unaware,CH6,
change,20,55570009,aware_exact,6,1.0,M1_surface_unaware M2_aeb_unavailable M3_no_speed_cap M4_late_reaction M5_weak_brakes M6_visibility_unaware,CH6,
change,20,55570009,aware_qaoa,6,1.0,M1_surface_unaware M2_aeb_unavailable M3_no_speed_cap M4_late_reaction M5_weak_brakes M6_visibility_unaware,CH6,
change,20,55570010,keep_old,6,1.0,M1_surface_unaware M2_aeb_unavailable M3_no_speed_cap M4_late_reaction M5_weak_brakes M6_visibility_unaware,CH1,
change,20,55570010,full_exact,6,1.0,M1_surface_unaware M2_aeb_unavailable M3_no_speed_cap M4_late_reaction M5_weak_brakes M6_visibility_unaware,CH1,
change,20,55570010,aware_exact,6,1.0,M1_surface_unaware M2_aeb_unavailable M3_no_speed_cap M4_late_reaction M5_weak_brakes M6_visibility_unaware,CH1,
change,20,55570010,aware_qaoa,5,0.8333333333333334,M1_surface_unaware M2_aeb_unavailable M3_no_speed_cap M4_late_reaction M6_visibility_unaware,CH1,
change,20,55570010,keep_old,6,1.0,M1_surface_unaware M2_aeb_unavailable M3_no_speed_cap M4_late_reaction M5_weak_brakes M6_visibility_unaware,CH2,
change,20,55570010,full_exact,6,1.0,M1_surface_unaware M2_aeb_unavailable M3_no_speed_cap M4_late_reaction M5_weak_brakes M6_visibility_unaware,CH2,
change,20,55570010,aware_exact,6,1.0,M1_surface_unaware M2_aeb_unavailable M3_no_speed_cap M4_late_reaction M5_weak_brakes M6_visibility_unaware,CH2,
change,20,55570010,aware_qaoa,6,1.0,M1_surface_unaware M2_aeb_unavailable M3_no_speed_cap M4_late_reaction M5_weak_brakes M6_visibility_unaware,CH2,
change,20,55570010,keep_old,6,1.0,M1_surface_unaware M2_aeb_unavailable M3_no_speed_cap M4_late_reaction M5_weak_brakes M6_visibility_unaware,CH3,
change,20,55570010,full_exact,6,1.0,M1_surface_unaware M2_aeb_unavailable M3_no_speed_cap M4_late_reaction M5_weak_brakes M6_visibility_unaware,CH3,
change,20,55570010,aware_exact,6,1.0,M1_surface_unaware M2_aeb_unavailable M3_no_speed_cap M4_late_reaction M5_weak_brakes M6_visibility_unaware,CH3,
change,20,55570010,aware_qaoa,6,1.0,M1_surface_unaware M2_aeb_unavailable M3_no_speed_cap M4_late_reaction M5_weak_brakes M6_visibility_unaware,CH3,
change,20,55570010,keep_old,6,1.0,M1_surface_unaware M2_aeb_unavailable M3_no_speed_cap M4_late_reaction M5_weak_brakes M6_visibility_unaware,CH4,
change,20,55570010,full_exact,6,1.0,M1_surface_unaware M2_aeb_unavailable M3_no_speed_cap M4_late_reaction M5_weak_brakes M6_visibility_unaware,CH4,
change,20,55570010,aware_exact,6,1.0,M1_surface_unaware M2_aeb_unavailable M3_no_speed_cap M4_late_reaction M5_weak_brakes M6_visibility_unaware,CH4,
change,20,55570010,aware_qaoa,5,0.8333333333333334,M1_surface_unaware M2_aeb_unavailable M3_no_speed_cap M4_late_reaction M5_weak_brakes,CH4,
change,20,55570010,keep_old,6,1.0,M1_surface_unaware M2_aeb_unavailable M3_no_speed_cap M4_late_reaction M5_weak_brakes M6_visibility_unaware,CH5,
change,20,55570010,full_exact,6,1.0,M1_surface_unaware M2_aeb_unavailable M3_no_speed_cap M4_late_reaction M5_weak_brakes M6_visibility_unaware,CH5,
change,20,55570010,aware_exact,6,1.0,M1_surface_unaware M2_aeb_unavailable M3_no_speed_cap M4_late_reaction M5_weak_brakes M6_visibility_unaware,CH5,
change,20,55570010,aware_qaoa,6,1.0,M1_surface_unaware M2_aeb_unavailable M3_no_speed_cap M4_late_reaction M5_weak_brakes M6_visibility_unaware,CH5,
change,20,55570010,keep_old,6,1.0,M1_surface_unaware M2_aeb_unavailable M3_no_speed_cap M4_late_reaction M5_weak_brakes M6_visibility_unaware,CH6,
change,20,55570010,full_exact,6,1.0,M1_surface_unaware M2_aeb_unavailable M3_no_speed_cap M4_late_reaction M5_weak_brakes M6_visibility_unaware,CH6,
change,20,55570010,aware_exact,6,1.0,M1_surface_unaware M2_aeb_unavailable M3_no_speed_cap M4_late_reaction M5_weak_brakes M6_visibility_unaware,CH6,
change,20,55570010,aware_qaoa,6,1.0,M1_surface_unaware M2_aeb_unavailable M3_no_speed_cap M4_late_reaction M5_weak_brakes M6_visibility_unaware,CH6,
change,20,55570011,keep_old,5,0.8333333333333334,M1_surface_unaware M2_aeb_unavailable M3_no_speed_cap M4_late_reaction M5_weak_brakes,CH1,
change,20,55570011,full_exact,5,0.8333333333333334,M1_surface_unaware M2_aeb_unavailable M3_no_speed_cap M4_late_reaction M5_weak_brakes,CH1,
change,20,55570011,aware_exact,5,0.8333333333333334,M1_surface_unaware M2_aeb_unavailable M3_no_speed_cap M4_late_reaction M5_weak_brakes,CH1,
change,20,55570011,aware_qaoa,5,0.8333333333333334,M1_surface_unaware M2_aeb_unavailable M3_no_speed_cap M4_late_reaction M5_weak_brakes,CH1,
change,20,55570011,keep_old,5,0.8333333333333334,M1_surface_unaware M2_aeb_unavailable M3_no_speed_cap M4_late_reaction M5_weak_brakes,CH2,
change,20,55570011,full_exact,6,1.0,M1_surface_unaware M2_aeb_unavailable M3_no_speed_cap M4_late_reaction M5_weak_brakes M6_visibility_unaware,CH2,
change,20,55570011,aware_exact,6,1.0,M1_surface_unaware M2_aeb_unavailable M3_no_speed_cap M4_late_reaction M5_weak_brakes M6_visibility_unaware,CH2,
change,20,55570011,aware_qaoa,6,1.0,M1_surface_unaware M2_aeb_unavailable M3_no_speed_cap M4_late_reaction M5_weak_brakes M6_visibility_unaware,CH2,
change,20,55570011,keep_old,5,0.8333333333333334,M1_surface_unaware M2_aeb_unavailable M3_no_speed_cap M4_late_reaction M5_weak_brakes,CH3,
change,20,55570011,full_exact,5,0.8333333333333334,M1_surface_unaware M2_aeb_unavailable M3_no_speed_cap M4_late_reaction M5_weak_brakes,CH3,
change,20,55570011,aware_exact,5,0.8333333333333334,M1_surface_unaware M2_aeb_unavailable M3_no_speed_cap M4_late_reaction M5_weak_brakes,CH3,
change,20,55570011,aware_qaoa,5,0.8333333333333334,M1_surface_unaware M2_aeb_unavailable M3_no_speed_cap M4_late_reaction M5_weak_brakes,CH3,
change,20,55570011,keep_old,5,0.8333333333333334,M1_surface_unaware M2_aeb_unavailable M3_no_speed_cap M4_late_reaction M5_weak_brakes,CH4,
change,20,55570011,full_exact,5,0.8333333333333334,M1_surface_unaware M2_aeb_unavailable M3_no_speed_cap M4_late_reaction M5_weak_brakes,CH4,
change,20,55570011,aware_exact,5,0.8333333333333334,M1_surface_unaware M2_aeb_unavailable M3_no_speed_cap M4_late_reaction M5_weak_brakes,CH4,
change,20,55570011,aware_qaoa,5,0.8333333333333334,M1_surface_unaware M2_aeb_unavailable M3_no_speed_cap M4_late_reaction M5_weak_brakes,CH4,
change,20,55570011,keep_old,5,0.8333333333333334,M1_surface_unaware M2_aeb_unavailable M3_no_speed_cap M4_late_reaction M5_weak_brakes,CH5,
change,20,55570011,full_exact,5,0.8333333333333334,M1_surface_unaware M2_aeb_unavailable M3_no_speed_cap M4_late_reaction M5_weak_brakes,CH5,
change,20,55570011,aware_exact,5,0.8333333333333334,M1_surface_unaware M2_aeb_unavailable M3_no_speed_cap M4_late_reaction M5_weak_brakes,CH5,
change,20,55570011,aware_qaoa,5,0.8333333333333334,M1_surface_unaware M2_aeb_unavailable M3_no_speed_cap M4_late_reaction M5_weak_brakes,CH5,
change,20,55570011,keep_old,5,0.8333333333333334,M1_surface_unaware M2_aeb_unavailable M3_no_speed_cap M4_late_reaction M5_weak_brakes,CH6,
change,20,55570011,full_exact,5,0.8333333333333334,M1_surface_unaware M2_aeb_unavailable M3_no_speed_cap M4_late_reaction M5_weak_brakes,CH6,
change,20,55570011,aware_exact,5,0.8333333333333334,M1_surface_unaware M2_aeb_unavailable M3_no_speed_cap M4_late_reaction M5_weak_brakes,CH6,
change,20,55570011,aware_qaoa,5,0.8333333333333334,M1_surface_unaware M2_aeb_unavailable M3_no_speed_cap M4_late_reaction M5_weak_brakes,CH6,
change,20,55570012,keep_old,6,1.0,M1_surface_unaware M2_aeb_unavailable M3_no_speed_cap M4_late_reaction M5_weak_brakes M6_visibility_unaware,CH1,
change,20,55570012,full_exact,6,1.0,M1_surface_unaware M2_aeb_unavailable M3_no_speed_cap M4_late_reaction M5_weak_brakes M6_visibility_unaware,CH1,
change,20,55570012,aware_exact,6,1.0,M1_surface_unaware M2_aeb_unavailable M3_no_speed_cap M4_late_reaction M5_weak_brakes M6_visibility_unaware,CH1,
change,20,55570012,aware_qaoa,6,1.0,M1_surface_unaware M2_aeb_unavailable M3_no_speed_cap M4_late_reaction M5_weak_brakes M6_visibility_unaware,CH1,
change,20,55570012,keep_old,6,1.0,M1_surface_unaware M2_aeb_unavailable M3_no_speed_cap M4_late_reaction M5_weak_brakes M6_visibility_unaware,CH2,
change,20,55570012,full_exact,6,1.0,M1_surface_unaware M2_aeb_unavailable M3_no_speed_cap M4_late_reaction M5_weak_brakes M6_visibility_unaware,CH2,
change,20,55570012,aware_exact,6,1.0,M1_surface_unaware M2_aeb_unavailable M3_no_speed_cap M4_late_reaction M5_weak_brakes M6_visibility_unaware,CH2,
change,20,55570012,aware_qaoa,6,1.0,M1_surface_unaware M2_aeb_unavailable M3_no_speed_cap M4_late_reaction M5_weak_brakes M6_visibility_unaware,CH2,
change,20,55570012,keep_old,6,1.0,M1_surface_unaware M2_aeb_unavailable M3_no_speed_cap M4_late_reaction M5_weak_brakes M6_visibility_unaware,CH3,
change,20,55570012,full_exact,6,1.0,M1_surface_unaware M2_aeb_unavailable M3_no_speed_cap M4_late_reaction M5_weak_brakes M6_visibility_unaware,CH3,
change,20,55570012,aware_exact,6,1.0,M1_surface_unaware M2_aeb_unavailable M3_no_speed_cap M4_late_reaction M5_weak_brakes M6_visibility_unaware,CH3,
change,20,55570012,aware_qaoa,6,1.0,M1_surface_unaware M2_aeb_unavailable M3_no_speed_cap M4_late_reaction M5_weak_brakes M6_visibility_unaware,CH3,
change,20,55570012,keep_old,6,1.0,M1_surface_unaware M2_aeb_unavailable M3_no_speed_cap M4_late_reaction M5_weak_brakes M6_visibility_unaware,CH4,
change,20,55570012,full_exact,6,1.0,M1_surface_unaware M2_aeb_unavailable M3_no_speed_cap M4_late_reaction M5_weak_brakes M6_visibility_unaware,CH4,
change,20,55570012,aware_exact,6,1.0,M1_surface_unaware M2_aeb_unavailable M3_no_speed_cap M4_late_reaction M5_weak_brakes M6_visibility_unaware,CH4,
change,20,55570012,aware_qaoa,6,1.0,M1_surface_unaware M2_aeb_unavailable M3_no_speed_cap M4_late_reaction M5_weak_brakes M6_visibility_unaware,CH4,
change,20,55570012,keep_old,6,1.0,M1_surface_unaware M2_aeb_unavailable M3_no_speed_cap M4_late_reaction M5_weak_brakes M6_visibility_unaware,CH5,
change,20,55570012,full_exact,6,1.0,M1_surface_unaware M2_aeb_unavailable M3_no_speed_cap M4_late_reaction M5_weak_brakes M6_visibility_unaware,CH5,
change,20,55570012,aware_exact,6,1.0,M1_surface_unaware M2_aeb_unavailable M3_no_speed_cap M4_late_reaction M5_weak_brakes M6_visibility_unaware,CH5,
change,20,55570012,aware_qaoa,6,1.0,M1_surface_unaware M2_aeb_unavailable M3_no_speed_cap M4_late_reaction M5_weak_brakes M6_visibility_unaware,CH5,
change,20,55570012,keep_old,6,1.0,M1_surface_unaware M2_aeb_unavailable M3_no_speed_cap M4_late_reaction M5_weak_brakes M6_visibility_unaware,CH6,
change,20,55570012,full_exact,6,1.0,M1_surface_unaware M2_aeb_unavailable M3_no_speed_cap M4_late_reaction M5_weak_brakes M6_visibility_unaware,CH6,
change,20,55570012,aware_exact,6,1.0,M1_surface_unaware M2_aeb_unavailable M3_no_speed_cap M4_late_reaction M5_weak_brakes M6_visibility_unaware,CH6,
change,20,55570012,aware_qaoa,6,1.0,M1_surface_unaware M2_aeb_unavailable M3_no_speed_cap M4_late_reaction M5_weak_brakes M6_visibility_unaware,CH6,
change,20,55570013,keep_old,5,0.8333333333333334,M1_surface_unaware M2_aeb_unavailable M3_no_speed_cap M4_late_reaction M5_weak_brakes,CH1,
change,20,55570013,full_exact,5,0.8333333333333334,M1_surface_unaware M2_aeb_unavailable M3_no_speed_cap M4_late_reaction M5_weak_brakes,CH1,
change,20,55570013,aware_exact,5,0.8333333333333334,M1_surface_unaware M2_aeb_unavailable M3_no_speed_cap M4_late_reaction M5_weak_brakes,CH1,
change,20,55570013,aware_qaoa,5,0.8333333333333334,M1_surface_unaware M2_aeb_unavailable M3_no_speed_cap M4_late_reaction M5_weak_brakes,CH1,
change,20,55570013,keep_old,5,0.8333333333333334,M1_surface_unaware M2_aeb_unavailable M3_no_speed_cap M4_late_reaction M5_weak_brakes,CH2,
change,20,55570013,full_exact,5,0.8333333333333334,M1_surface_unaware M2_aeb_unavailable M3_no_speed_cap M4_late_reaction M5_weak_brakes,CH2,
change,20,55570013,aware_exact,5,0.8333333333333334,M1_surface_unaware M2_aeb_unavailable M3_no_speed_cap M4_late_reaction M5_weak_brakes,CH2,
change,20,55570013,aware_qaoa,5,0.8333333333333334,M1_surface_unaware M2_aeb_unavailable M3_no_speed_cap M4_late_reaction M5_weak_brakes,CH2,
change,20,55570013,keep_old,5,0.8333333333333334,M1_surface_unaware M2_aeb_unavailable M3_no_speed_cap M4_late_reaction M5_weak_brakes,CH3,
change,20,55570013,full_exact,5,0.8333333333333334,M1_surface_unaware M2_aeb_unavailable M3_no_speed_cap M4_late_reaction M5_weak_brakes,CH3,
change,20,55570013,aware_exact,5,0.8333333333333334,M1_surface_unaware M2_aeb_unavailable M3_no_speed_cap M4_late_reaction M5_weak_brakes,CH3,
change,20,55570013,aware_qaoa,5,0.8333333333333334,M1_surface_unaware M2_aeb_unavailable M3_no_speed_cap M4_late_reaction M5_weak_brakes,CH3,
change,20,55570013,keep_old,5,0.8333333333333334,M1_surface_unaware M2_aeb_unavailable M3_no_speed_cap M4_late_reaction M5_weak_brakes,CH4,
change,20,55570013,full_exact,5,0.8333333333333334,M1_surface_unaware M2_aeb_unavailable M3_no_speed_cap M4_late_reaction M5_weak_brakes,CH4,
change,20,55570013,aware_exact,5,0.8333333333333334,M1_surface_unaware M2_aeb_unavailable M3_no_speed_cap M4_late_reaction M5_weak_brakes,CH4,
change,20,55570013,aware_qaoa,5,0.8333333333333334,M1_surface_unaware M2_aeb_unavailable M3_no_speed_cap M4_late_reaction M5_weak_brakes,CH4,
change,20,55570013,keep_old,5,0.8333333333333334,M1_surface_unaware M2_aeb_unavailable M3_no_speed_cap M4_late_reaction M5_weak_brakes,CH5,
change,20,55570013,full_exact,5,0.8333333333333334,M1_surface_unaware M2_aeb_unavailable M3_no_speed_cap M4_late_reaction M5_weak_brakes,CH5,
change,20,55570013,aware_exact,5,0.8333333333333334,M1_surface_unaware M2_aeb_unavailable M3_no_speed_cap M4_late_reaction M5_weak_brakes,CH5,
change,20,55570013,aware_qaoa,5,0.8333333333333334,M1_surface_unaware M2_aeb_unavailable M3_no_speed_cap M4_late_reaction M5_weak_brakes,CH5,
change,20,55570013,keep_old,5,0.8333333333333334,M1_surface_unaware M2_aeb_unavailable M3_no_speed_cap M4_late_reaction M5_weak_brakes,CH6,
change,20,55570013,full_exact,5,0.8333333333333334,M1_surface_unaware M2_aeb_unavailable M3_no_speed_cap M4_late_reaction M5_weak_brakes,CH6,
change,20,55570013,aware_exact,5,0.8333333333333334,M1_surface_unaware M2_aeb_unavailable M3_no_speed_cap M4_late_reaction M5_weak_brakes,CH6,
change,20,55570013,aware_qaoa,5,0.8333333333333334,M1_surface_unaware M2_aeb_unavailable M3_no_speed_cap M4_late_reaction M5_weak_brakes,CH6,
change,20,55570014,keep_old,6,1.0,M1_surface_unaware M2_aeb_unavailable M3_no_speed_cap M4_late_reaction M5_weak_brakes M6_visibility_unaware,CH1,
change,20,55570014,full_exact,6,1.0,M1_surface_unaware M2_aeb_unavailable M3_no_speed_cap M4_late_reaction M5_weak_brakes M6_visibility_unaware,CH1,
change,20,55570014,aware_exact,6,1.0,M1_surface_unaware M2_aeb_unavailable M3_no_speed_cap M4_late_reaction M5_weak_brakes M6_visibility_unaware,CH1,
change,20,55570014,aware_qaoa,5,0.8333333333333334,M1_surface_unaware M2_aeb_unavailable M3_no_speed_cap M4_late_reaction M5_weak_brakes,CH1,
change,20,55570014,keep_old,6,1.0,M1_surface_unaware M2_aeb_unavailable M3_no_speed_cap M4_late_reaction M5_weak_brakes M6_visibility_unaware,CH2,
change,20,55570014,full_exact,6,1.0,M1_surface_unaware M2_aeb_unavailable M3_no_speed_cap M4_late_reaction M5_weak_brakes M6_visibility_unaware,CH2,
change,20,55570014,aware_exact,6,1.0,M1_surface_unaware M2_aeb_unavailable M3_no_speed_cap M4_late_reaction M5_weak_brakes M6_visibility_unaware,CH2,
change,20,55570014,aware_qaoa,5,0.8333333333333334,M1_surface_unaware M2_aeb_unavailable M3_no_speed_cap M4_late_reaction M5_weak_brakes,CH2,
change,20,55570014,keep_old,6,1.0,M1_surface_unaware M2_aeb_unavailable M3_no_speed_cap M4_late_reaction M5_weak_brakes M6_visibility_unaware,CH3,
change,20,55570014,full_exact,6,1.0,M1_surface_unaware M2_aeb_unavailable M3_no_speed_cap M4_late_reaction M5_weak_brakes M6_visibility_unaware,CH3,
change,20,55570014,aware_exact,6,1.0,M1_surface_unaware M2_aeb_unavailable M3_no_speed_cap M4_late_reaction M5_weak_brakes M6_visibility_unaware,CH3,
change,20,55570014,aware_qaoa,5,0.8333333333333334,M1_surface_unaware M2_aeb_unavailable M3_no_speed_cap M4_late_reaction M5_weak_brakes,CH3,
change,20,55570014,keep_old,6,1.0,M1_surface_unaware M2_aeb_unavailable M3_no_speed_cap M4_late_reaction M5_weak_brakes M6_visibility_unaware,CH4,
change,20,55570014,full_exact,6,1.0,M1_surface_unaware M2_aeb_unavailable M3_no_speed_cap M4_late_reaction M5_weak_brakes M6_visibility_unaware,CH4,
change,20,55570014,aware_exact,6,1.0,M1_surface_unaware M2_aeb_unavailable M3_no_speed_cap M4_late_reaction M5_weak_brakes M6_visibility_unaware,CH4,
change,20,55570014,aware_qaoa,5,0.8333333333333334,M1_surface_unaware M2_aeb_unavailable M3_no_speed_cap M4_late_reaction M5_weak_brakes,CH4,
change,20,55570014,keep_old,6,1.0,M1_surface_unaware M2_aeb_unavailable M3_no_speed_cap M4_late_reaction M5_weak_brakes M6_visibility_unaware,CH5,
change,20,55570014,full_exact,6,1.0,M1_surface_unaware M2_aeb_unavailable M3_no_speed_cap M4_late_reaction M5_weak_brakes M6_visibility_unaware,CH5,
change,20,55570014,aware_exact,6,1.0,M1_surface_unaware M2_aeb_unavailable M3_no_speed_cap M4_late_reaction M5_weak_brakes M6_visibility_unaware,CH5,
change,20,55570014,aware_qaoa,5,0.8333333333333334,M1_surface_unaware M2_aeb_unavailable M3_no_speed_cap M4_late_reaction M5_weak_brakes,CH5,
change,20,55570014,keep_old,6,1.0,M1_surface_unaware M2_aeb_unavailable M3_no_speed_cap M4_late_reaction M5_weak_brakes M6_visibility_unaware,CH6,
change,20,55570014,full_exact,6,1.0,M1_surface_unaware M2_aeb_unavailable M3_no_speed_cap M4_late_reaction M5_weak_brakes M6_visibility_unaware,CH6,
change,20,55570014,aware_exact,6,1.0,M1_surface_unaware M2_aeb_unavailable M3_no_speed_cap M4_late_reaction M5_weak_brakes M6_visibility_unaware,CH6,
change,20,55570014,aware_qaoa,5,0.8333333333333334,M1_surface_unaware M2_aeb_unavailable M3_no_speed_cap M4_late_reaction M5_weak_brakes,CH6,
change,20,55570015,keep_old,5,0.8333333333333334,M1_surface_unaware M2_aeb_unavailable M3_no_speed_cap M4_late_reaction M5_weak_brakes,CH1,
change,20,55570015,full_exact,5,0.8333333333333334,M1_surface_unaware M2_aeb_unavailable M3_no_speed_cap M4_late_reaction M5_weak_brakes,CH1,
change,20,55570015,aware_exact,5,0.8333333333333334,M1_surface_unaware M2_aeb_unavailable M3_no_speed_cap M4_late_reaction M5_weak_brakes,CH1,
change,20,55570015,aware_qaoa,5,0.8333333333333334,M1_surface_unaware M2_aeb_unavailable M3_no_speed_cap M4_late_reaction M5_weak_brakes,CH1,
change,20,55570015,keep_old,5,0.8333333333333334,M1_surface_unaware M2_aeb_unavailable M3_no_speed_cap M4_late_reaction M5_weak_brakes,CH2,
change,20,55570015,full_exact,5,0.8333333333333334,M1_surface_unaware M2_aeb_unavailable M3_no_speed_cap M4_late_reaction M5_weak_brakes,CH2,
change,20,55570015,aware_exact,5,0.8333333333333334,M1_surface_unaware M2_aeb_unavailable M3_no_speed_cap M4_late_reaction M5_weak_brakes,CH2,
change,20,55570015,aware_qaoa,5,0.8333333333333334,M1_surface_unaware M2_aeb_unavailable M3_no_speed_cap M4_late_reaction M5_weak_brakes,CH2,
change,20,55570015,keep_old,5,0.8333333333333334,M1_surface_unaware M2_aeb_unavailable M3_no_speed_cap M4_late_reaction M5_weak_brakes,CH3,
change,20,55570015,full_exact,5,0.8333333333333334,M1_surface_unaware M2_aeb_unavailable M3_no_speed_cap M4_late_reaction M5_weak_brakes,CH3,
change,20,55570015,aware_exact,5,0.8333333333333334,M1_surface_unaware M2_aeb_unavailable M3_no_speed_cap M4_late_reaction M5_weak_brakes,CH3,
change,20,55570015,aware_qaoa,5,0.8333333333333334,M1_surface_unaware M2_aeb_unavailable M3_no_speed_cap M4_late_reaction M5_weak_brakes,CH3,
change,20,55570015,keep_old,5,0.8333333333333334,M1_surface_unaware M2_aeb_unavailable M3_no_speed_cap M4_late_reaction M5_weak_brakes,CH4,
change,20,55570015,full_exact,5,0.8333333333333334,M1_surface_unaware M2_aeb_unavailable M3_no_speed_cap M4_late_reaction M5_weak_brakes,CH4,
change,20,55570015,aware_exact,5,0.8333333333333334,M1_surface_unaware M2_aeb_unavailable M3_no_speed_cap M4_late_reaction M5_weak_brakes,CH4,
change,20,55570015,aware_qaoa,5,0.8333333333333334,M1_surface_unaware M2_aeb_unavailable M3_no_speed_cap M4_late_reaction M5_weak_brakes,CH4,
change,20,55570015,keep_old,5,0.8333333333333334,M1_surface_unaware M2_aeb_unavailable M3_no_speed_cap M4_late_reaction M5_weak_brakes,CH5,
change,20,55570015,full_exact,5,0.8333333333333334,M1_surface_unaware M2_aeb_unavailable M3_no_speed_cap M4_late_reaction M5_weak_brakes,CH5,
change,20,55570015,aware_exact,5,0.8333333333333334,M1_surface_unaware M2_aeb_unavailable M3_no_speed_cap M4_late_reaction M5_weak_brakes,CH5,
change,20,55570015,aware_qaoa,5,0.8333333333333334,M1_surface_unaware M2_aeb_unavailable M3_no_speed_cap M4_late_reaction M5_weak_brakes,CH5,
change,20,55570015,keep_old,5,0.8333333333333334,M1_surface_unaware M2_aeb_unavailable M3_no_speed_cap M4_late_reaction M5_weak_brakes,CH6,
change,20,55570015,full_exact,5,0.8333333333333334,M1_surface_unaware M2_aeb_unavailable M3_no_speed_cap M4_late_reaction M5_weak_brakes,CH6,
change,20,55570015,aware_exact,5,0.8333333333333334,M1_surface_unaware M2_aeb_unavailable M3_no_speed_cap M4_late_reaction M5_weak_brakes,CH6,
change,20,55570015,aware_qaoa,5,0.8333333333333334,M1_surface_unaware M2_aeb_unavailable M3_no_speed_cap M4_late_reaction M5_weak_brakes,CH6,
change,20,55570016,keep_old,5,0.8333333333333334,M1_surface_unaware M2_aeb_unavailable M3_no_speed_cap M4_late_reaction M5_weak_brakes,CH1,
change,20,55570016,full_exact,5,0.8333333333333334,M1_surface_unaware M2_aeb_unavailable M3_no_speed_cap M4_late_reaction M5_weak_brakes,CH1,
change,20,55570016,aware_exact,5,0.8333333333333334,M1_surface_unaware M2_aeb_unavailable M3_no_speed_cap M4_late_reaction M5_weak_brakes,CH1,
change,20,55570016,aware_qaoa,5,0.8333333333333334,M1_surface_unaware M2_aeb_unavailable M3_no_speed_cap M4_late_reaction M5_weak_brakes,CH1,
change,20,55570016,keep_old,5,0.8333333333333334,M1_surface_unaware M2_aeb_unavailable M3_no_speed_cap M4_late_reaction M5_weak_brakes,CH2,
change,20,55570016,full_exact,5,0.8333333333333334,M1_surface_unaware M2_aeb_unavailable M3_no_speed_cap M4_late_reaction M5_weak_brakes,CH2,
change,20,55570016,aware_exact,5,0.8333333333333334,M1_surface_unaware M2_aeb_unavailable M3_no_speed_cap M4_late_reaction M5_weak_brakes,CH2,
change,20,55570016,aware_qaoa,5,0.8333333333333334,M1_surface_unaware M2_aeb_unavailable M3_no_speed_cap M4_late_reaction M5_weak_brakes,CH2,
change,20,55570016,keep_old,5,0.8333333333333334,M1_surface_unaware M2_aeb_unavailable M3_no_speed_cap M4_late_reaction M5_weak_brakes,CH3,
change,20,55570016,full_exact,5,0.8333333333333334,M1_surface_unaware M2_aeb_unavailable M3_no_speed_cap M4_late_reaction M5_weak_brakes,CH3,
change,20,55570016,aware_exact,5,0.8333333333333334,M1_surface_unaware M2_aeb_unavailable M3_no_speed_cap M4_late_reaction M5_weak_brakes,CH3,
change,20,55570016,aware_qaoa,5,0.8333333333333334,M1_surface_unaware M2_aeb_unavailable M3_no_speed_cap M4_late_reaction M5_weak_brakes,CH3,
change,20,55570016,keep_old,5,0.8333333333333334,M1_surface_unaware M2_aeb_unavailable M3_no_speed_cap M4_late_reaction M5_weak_brakes,CH4,
change,20,55570016,full_exact,5,0.8333333333333334,M1_surface_unaware M2_aeb_unavailable M3_no_speed_cap M4_late_reaction M5_weak_brakes,CH4,
change,20,55570016,aware_exact,5,0.8333333333333334,M1_surface_unaware M2_aeb_unavailable M3_no_speed_cap M4_late_reaction M5_weak_brakes,CH4,
change,20,55570016,aware_qaoa,5,0.8333333333333334,M1_surface_unaware M2_aeb_unavailable M3_no_speed_cap M4_late_reaction M5_weak_brakes,CH4,
change,20,55570016,keep_old,5,0.8333333333333334,M1_surface_unaware M2_aeb_unavailable M3_no_speed_cap M4_late_reaction M5_weak_brakes,CH5,
change,20,55570016,full_exact,5,0.8333333333333334,M1_surface_unaware M2_aeb_unavailable M3_no_speed_cap M4_late_reaction M5_weak_brakes,CH5,
change,20,55570016,aware_exact,5,0.8333333333333334,M1_surface_unaware M2_aeb_unavailable M3_no_speed_cap M4_late_reaction M5_weak_brakes,CH5,
change,20,55570016,aware_qaoa,5,0.8333333333333334,M1_surface_unaware M2_aeb_unavailable M3_no_speed_cap M4_late_reaction M5_weak_brakes,CH5,
change,20,55570016,keep_old,5,0.8333333333333334,M1_surface_unaware M2_aeb_unavailable M3_no_speed_cap M4_late_reaction M5_weak_brakes,CH6,
change,20,55570016,full_exact,5,0.8333333333333334,M1_surface_unaware M2_aeb_unavailable M3_no_speed_cap M4_late_reaction M5_weak_brakes,CH6,
change,20,55570016,aware_exact,5,0.8333333333333334,M1_surface_unaware M2_aeb_unavailable M3_no_speed_cap M4_late_reaction M5_weak_brakes,CH6,
change,20,55570016,aware_qaoa,5,0.8333333333333334,M1_surface_unaware M2_aeb_unavailable M3_no_speed_cap M4_late_reaction M5_weak_brakes,CH6,
change,20,55570017,keep_old,6,1.0,M1_surface_unaware M2_aeb_unavailable M3_no_speed_cap M4_late_reaction M5_weak_brakes M6_visibility_unaware,CH1,
change,20,55570017,full_exact,6,1.0,M1_surface_unaware M2_aeb_unavailable M3_no_speed_cap M4_late_reaction M5_weak_brakes M6_visibility_unaware,CH1,
change,20,55570017,aware_exact,6,1.0,M1_surface_unaware M2_aeb_unavailable M3_no_speed_cap M4_late_reaction M5_weak_brakes M6_visibility_unaware,CH1,
change,20,55570017,aware_qaoa,6,1.0,M1_surface_unaware M2_aeb_unavailable M3_no_speed_cap M4_late_reaction M5_weak_brakes M6_visibility_unaware,CH1,
change,20,55570017,keep_old,6,1.0,M1_surface_unaware M2_aeb_unavailable M3_no_speed_cap M4_late_reaction M5_weak_brakes M6_visibility_unaware,CH2,
change,20,55570017,full_exact,6,1.0,M1_surface_unaware M2_aeb_unavailable M3_no_speed_cap M4_late_reaction M5_weak_brakes M6_visibility_unaware,CH2,
change,20,55570017,aware_exact,6,1.0,M1_surface_unaware M2_aeb_unavailable M3_no_speed_cap M4_late_reaction M5_weak_brakes M6_visibility_unaware,CH2,
change,20,55570017,aware_qaoa,6,1.0,M1_surface_unaware M2_aeb_unavailable M3_no_speed_cap M4_late_reaction M5_weak_brakes M6_visibility_unaware,CH2,
change,20,55570017,keep_old,6,1.0,M1_surface_unaware M2_aeb_unavailable M3_no_speed_cap M4_late_reaction M5_weak_brakes M6_visibility_unaware,CH3,
change,20,55570017,full_exact,6,1.0,M1_surface_unaware M2_aeb_unavailable M3_no_speed_cap M4_late_reaction M5_weak_brakes M6_visibility_unaware,CH3,
change,20,55570017,aware_exact,6,1.0,M1_surface_unaware M2_aeb_unavailable M3_no_speed_cap M4_late_reaction M5_weak_brakes M6_visibility_unaware,CH3,
change,20,55570017,aware_qaoa,6,1.0,M1_surface_unaware M2_aeb_unavailable M3_no_speed_cap M4_late_reaction M5_weak_brakes M6_visibility_unaware,CH3,
change,20,55570017,keep_old,6,1.0,M1_surface_unaware M2_aeb_unavailable M3_no_speed_cap M4_late_reaction M5_weak_brakes M6_visibility_unaware,CH4,
change,20,55570017,full_exact,6,1.0,M1_surface_unaware M2_aeb_unavailable M3_no_speed_cap M4_late_reaction M5_weak_brakes M6_visibility_unaware,CH4,
change,20,55570017,aware_exact,6,1.0,M1_surface_unaware M2_aeb_unavailable M3_no_speed_cap M4_late_reaction M5_weak_brakes M6_visibility_unaware,CH4,
change,20,55570017,aware_qaoa,5,0.8333333333333334,M1_surface_unaware M2_aeb_unavailable M3_no_speed_cap M4_late_reaction M5_weak_brakes,CH4,
change,20,55570017,keep_old,6,1.0,M1_surface_unaware M2_aeb_unavailable M3_no_speed_cap M4_late_reaction M5_weak_brakes M6_visibility_unaware,CH5,
change,20,55570017,full_exact,6,1.0,M1_surface_unaware M2_aeb_unavailable M3_no_speed_cap M4_late_reaction M5_weak_brakes M6_visibility_unaware,CH5,
change,20,55570017,aware_exact,6,1.0,M1_surface_unaware M2_aeb_unavailable M3_no_speed_cap M4_late_reaction M5_weak_brakes M6_visibility_unaware,CH5,
change,20,55570017,aware_qaoa,6,1.0,M1_surface_unaware M2_aeb_unavailable M3_no_speed_cap M4_late_reaction M5_weak_brakes M6_visibility_unaware,CH5,
change,20,55570017,keep_old,6,1.0,M1_surface_unaware M2_aeb_unavailable M3_no_speed_cap M4_late_reaction M5_weak_brakes M6_visibility_unaware,CH6,
change,20,55570017,full_exact,6,1.0,M1_surface_unaware M2_aeb_unavailable M3_no_speed_cap M4_late_reaction M5_weak_brakes M6_visibility_unaware,CH6,
change,20,55570017,aware_exact,6,1.0,M1_surface_unaware M2_aeb_unavailable M3_no_speed_cap M4_late_reaction M5_weak_brakes M6_visibility_unaware,CH6,
change,20,55570017,aware_qaoa,6,1.0,M1_surface_unaware M2_aeb_unavailable M3_no_speed_cap M4_late_reaction M5_weak_brakes M6_visibility_unaware,CH6,
change,20,55570018,keep_old,5,0.8333333333333334,M1_surface_unaware M2_aeb_unavailable M3_no_speed_cap M4_late_reaction M5_weak_brakes,CH1,
change,20,55570018,full_exact,5,0.8333333333333334,M1_surface_unaware M2_aeb_unavailable M3_no_speed_cap M4_late_reaction M5_weak_brakes,CH1,
change,20,55570018,aware_exact,5,0.8333333333333334,M1_surface_unaware M2_aeb_unavailable M3_no_speed_cap M4_late_reaction M5_weak_brakes,CH1,
change,20,55570018,aware_qaoa,5,0.8333333333333334,M1_surface_unaware M2_aeb_unavailable M3_no_speed_cap M4_late_reaction M5_weak_brakes,CH1,
change,20,55570018,keep_old,5,0.8333333333333334,M1_surface_unaware M2_aeb_unavailable M3_no_speed_cap M4_late_reaction M5_weak_brakes,CH2,
change,20,55570018,full_exact,5,0.8333333333333334,M1_surface_unaware M2_aeb_unavailable M3_no_speed_cap M4_late_reaction M5_weak_brakes,CH2,
change,20,55570018,aware_exact,5,0.8333333333333334,M1_surface_unaware M2_aeb_unavailable M3_no_speed_cap M4_late_reaction M5_weak_brakes,CH2,
change,20,55570018,aware_qaoa,5,0.8333333333333334,M1_surface_unaware M2_aeb_unavailable M3_no_speed_cap M4_late_reaction M5_weak_brakes,CH2,
change,20,55570018,keep_old,5,0.8333333333333334,M1_surface_unaware M2_aeb_unavailable M3_no_speed_cap M4_late_reaction M5_weak_brakes,CH3,
change,20,55570018,full_exact,5,0.8333333333333334,M1_surface_unaware M2_aeb_unavailable M3_no_speed_cap M4_late_reaction M5_weak_brakes,CH3,
change,20,55570018,aware_exact,5,0.8333333333333334,M1_surface_unaware M2_aeb_unavailable M3_no_speed_cap M4_late_reaction M5_weak_brakes,CH3,
change,20,55570018,aware_qaoa,5,0.8333333333333334,M1_surface_unaware M2_aeb_unavailable M3_no_speed_cap M4_late_reaction M5_weak_brakes,CH3,
change,20,55570018,keep_old,5,0.8333333333333334,M1_surface_unaware M2_aeb_unavailable M3_no_speed_cap M4_late_reaction M5_weak_brakes,CH4,
change,20,55570018,full_exact,5,0.8333333333333334,M1_surface_unaware M2_aeb_unavailable M3_no_speed_cap M4_late_reaction M5_weak_brakes,CH4,
change,20,55570018,aware_exact,5,0.8333333333333334,M1_surface_unaware M2_aeb_unavailable M3_no_speed_cap M4_late_reaction M5_weak_brakes,CH4,
change,20,55570018,aware_qaoa,5,0.8333333333333334,M1_surface_unaware M2_aeb_unavailable M3_no_speed_cap M4_late_reaction M5_weak_brakes,CH4,
change,20,55570018,keep_old,5,0.8333333333333334,M1_surface_unaware M2_aeb_unavailable M3_no_speed_cap M4_late_reaction M5_weak_brakes,CH5,
change,20,55570018,full_exact,5,0.8333333333333334,M1_surface_unaware M2_aeb_unavailable M3_no_speed_cap M4_late_reaction M5_weak_brakes,CH5,
change,20,55570018,aware_exact,5,0.8333333333333334,M1_surface_unaware M2_aeb_unavailable M3_no_speed_cap M4_late_reaction M5_weak_brakes,CH5,
change,20,55570018,aware_qaoa,5,0.8333333333333334,M1_surface_unaware M2_aeb_unavailable M3_no_speed_cap M4_late_reaction M5_weak_brakes,CH5,
change,20,55570018,keep_old,5,0.8333333333333334,M1_surface_unaware M2_aeb_unavailable M3_no_speed_cap M4_late_reaction M5_weak_brakes,CH6,
change,20,55570018,full_exact,5,0.8333333333333334,M1_surface_unaware M2_aeb_unavailable M3_no_speed_cap M4_late_reaction M5_weak_brakes,CH6,
change,20,55570018,aware_exact,5,0.8333333333333334,M1_surface_unaware M2_aeb_unavailable M3_no_speed_cap M4_late_reaction M5_weak_brakes,CH6,
change,20,55570018,aware_qaoa,5,0.8333333333333334,M1_surface_unaware M2_aeb_unavailable M3_no_speed_cap M4_late_reaction M5_weak_brakes,CH6,
change,20,55570019,keep_old,6,1.0,M1_surface_unaware M2_aeb_unavailable M3_no_speed_cap M4_late_reaction M5_weak_brakes M6_visibility_unaware,CH1,
change,20,55570019,full_exact,6,1.0,M1_surface_unaware M2_aeb_unavailable M3_no_speed_cap M4_late_reaction M5_weak_brakes M6_visibility_unaware,CH1,
change,20,55570019,aware_exact,6,1.0,M1_surface_unaware M2_aeb_unavailable M3_no_speed_cap M4_late_reaction M5_weak_brakes M6_visibility_unaware,CH1,
change,20,55570019,aware_qaoa,6,1.0,M1_surface_unaware M2_aeb_unavailable M3_no_speed_cap M4_late_reaction M5_weak_brakes M6_visibility_unaware,CH1,
change,20,55570019,keep_old,6,1.0,M1_surface_unaware M2_aeb_unavailable M3_no_speed_cap M4_late_reaction M5_weak_brakes M6_visibility_unaware,CH2,
change,20,55570019,full_exact,6,1.0,M1_surface_unaware M2_aeb_unavailable M3_no_speed_cap M4_late_reaction M5_weak_brakes M6_visibility_unaware,CH2,
change,20,55570019,aware_exact,6,1.0,M1_surface_unaware M2_aeb_unavailable M3_no_speed_cap M4_late_reaction M5_weak_brakes M6_visibility_unaware,CH2,
change,20,55570019,aware_qaoa,6,1.0,M1_surface_unaware M2_aeb_unavailable M3_no_speed_cap M4_late_reaction M5_weak_brakes M6_visibility_unaware,CH2,
change,20,55570019,keep_old,6,1.0,M1_surface_unaware M2_aeb_unavailable M3_no_speed_cap M4_late_reaction M5_weak_brakes M6_visibility_unaware,CH3,
change,20,55570019,full_exact,6,1.0,M1_surface_unaware M2_aeb_unavailable M3_no_speed_cap M4_late_reaction M5_weak_brakes M6_visibility_unaware,CH3,
change,20,55570019,aware_exact,6,1.0,M1_surface_unaware M2_aeb_unavailable M3_no_speed_cap M4_late_reaction M5_weak_brakes M6_visibility_unaware,CH3,
change,20,55570019,aware_qaoa,5,0.8333333333333334,M1_surface_unaware M2_aeb_unavailable M3_no_speed_cap M4_late_reaction M5_weak_brakes,CH3,
change,20,55570019,keep_old,6,1.0,M1_surface_unaware M2_aeb_unavailable M3_no_speed_cap M4_late_reaction M5_weak_brakes M6_visibility_unaware,CH4,
change,20,55570019,full_exact,6,1.0,M1_surface_unaware M2_aeb_unavailable M3_no_speed_cap M4_late_reaction M5_weak_brakes M6_visibility_unaware,CH4,
change,20,55570019,aware_exact,6,1.0,M1_surface_unaware M2_aeb_unavailable M3_no_speed_cap M4_late_reaction M5_weak_brakes M6_visibility_unaware,CH4,
change,20,55570019,aware_qaoa,5,0.8333333333333334,M1_surface_unaware M2_aeb_unavailable M3_no_speed_cap M4_late_reaction M5_weak_brakes,CH4,
change,20,55570019,keep_old,6,1.0,M1_surface_unaware M2_aeb_unavailable M3_no_speed_cap M4_late_reaction M5_weak_brakes M6_visibility_unaware,CH5,
change,20,55570019,full_exact,6,1.0,M1_surface_unaware M2_aeb_unavailable M3_no_speed_cap M4_late_reaction M5_weak_brakes M6_visibility_unaware,CH5,
change,20,55570019,aware_exact,6,1.0,M1_surface_unaware M2_aeb_unavailable M3_no_speed_cap M4_late_reaction M5_weak_brakes M6_visibility_unaware,CH5,
change,20,55570019,aware_qaoa,5,0.8333333333333334,M1_surface_unaware M2_aeb_unavailable M3_no_speed_cap M4_late_reaction M5_weak_brakes,CH5,
change,20,55570019,keep_old,6,1.0,M1_surface_unaware M2_aeb_unavailable M3_no_speed_cap M4_late_reaction M5_weak_brakes M6_visibility_unaware,CH6,
change,20,55570019,full_exact,6,1.0,M1_surface_unaware M2_aeb_unavailable M3_no_speed_cap M4_late_reaction M5_weak_brakes M6_visibility_unaware,CH6,
change,20,55570019,aware_exact,6,1.0,M1_surface_unaware M2_aeb_unavailable M3_no_speed_cap M4_late_reaction M5_weak_brakes M6_visibility_unaware,CH6,
change,20,55570019,aware_qaoa,5,0.8333333333333334,M1_surface_unaware M2_aeb_unavailable M3_no_speed_cap M4_late_reaction M5_weak_brakes,CH6,
change,20,55570020,keep_old,5,0.8333333333333334,M1_surface_unaware M2_aeb_unavailable M3_no_speed_cap M4_late_reaction M5_weak_brakes,CH1,
change,20,55570020,full_exact,5,0.8333333333333334,M1_surface_unaware M2_aeb_unavailable M3_no_speed_cap M4_late_reaction M5_weak_brakes,CH1,
change,20,55570020,aware_exact,5,0.8333333333333334,M1_surface_unaware M2_aeb_unavailable M3_no_speed_cap M4_late_reaction M5_weak_brakes,CH1,
change,20,55570020,aware_qaoa,5,0.8333333333333334,M1_surface_unaware M2_aeb_unavailable M3_no_speed_cap M4_late_reaction M5_weak_brakes,CH1,
change,20,55570020,keep_old,5,0.8333333333333334,M1_surface_unaware M2_aeb_unavailable M3_no_speed_cap M4_late_reaction M5_weak_brakes,CH2,
change,20,55570020,full_exact,5,0.8333333333333334,M1_surface_unaware M2_aeb_unavailable M3_no_speed_cap M4_late_reaction M5_weak_brakes,CH2,
change,20,55570020,aware_exact,5,0.8333333333333334,M1_surface_unaware M2_aeb_unavailable M3_no_speed_cap M4_late_reaction M5_weak_brakes,CH2,
change,20,55570020,aware_qaoa,5,0.8333333333333334,M1_surface_unaware M2_aeb_unavailable M3_no_speed_cap M4_late_reaction M5_weak_brakes,CH2,
change,20,55570020,keep_old,5,0.8333333333333334,M1_surface_unaware M2_aeb_unavailable M3_no_speed_cap M4_late_reaction M5_weak_brakes,CH3,
change,20,55570020,full_exact,5,0.8333333333333334,M1_surface_unaware M2_aeb_unavailable M3_no_speed_cap M4_late_reaction M5_weak_brakes,CH3,
change,20,55570020,aware_exact,5,0.8333333333333334,M1_surface_unaware M2_aeb_unavailable M3_no_speed_cap M4_late_reaction M5_weak_brakes,CH3,
change,20,55570020,aware_qaoa,5,0.8333333333333334,M1_surface_unaware M2_aeb_unavailable M3_no_speed_cap M4_late_reaction M5_weak_brakes,CH3,
change,20,55570020,keep_old,5,0.8333333333333334,M1_surface_unaware M2_aeb_unavailable M3_no_speed_cap M4_late_reaction M5_weak_brakes,CH4,
change,20,55570020,full_exact,5,0.8333333333333334,M1_surface_unaware M2_aeb_unavailable M3_no_speed_cap M4_late_reaction M5_weak_brakes,CH4,
change,20,55570020,aware_exact,5,0.8333333333333334,M1_surface_unaware M2_aeb_unavailable M3_no_speed_cap M4_late_reaction M5_weak_brakes,CH4,
change,20,55570020,aware_qaoa,5,0.8333333333333334,M1_surface_unaware M2_aeb_unavailable M3_no_speed_cap M4_late_reaction M5_weak_brakes,CH4,
change,20,55570020,keep_old,5,0.8333333333333334,M1_surface_unaware M2_aeb_unavailable M3_no_speed_cap M4_late_reaction M5_weak_brakes,CH5,
change,20,55570020,full_exact,5,0.8333333333333334,M1_surface_unaware M2_aeb_unavailable M3_no_speed_cap M4_late_reaction M5_weak_brakes,CH5,
change,20,55570020,aware_exact,5,0.8333333333333334,M1_surface_unaware M2_aeb_unavailable M3_no_speed_cap M4_late_reaction M5_weak_brakes,CH5,
change,20,55570020,aware_qaoa,5,0.8333333333333334,M1_surface_unaware M2_aeb_unavailable M3_no_speed_cap M4_late_reaction M5_weak_brakes,CH5,
change,20,55570020,keep_old,5,0.8333333333333334,M1_surface_unaware M2_aeb_unavailable M3_no_speed_cap M4_late_reaction M5_weak_brakes,CH6,
change,20,55570020,full_exact,5,0.8333333333333334,M1_surface_unaware M2_aeb_unavailable M3_no_speed_cap M4_late_reaction M5_weak_brakes,CH6,
change,20,55570020,aware_exact,5,0.8333333333333334,M1_surface_unaware M2_aeb_unavailable M3_no_speed_cap M4_late_reaction M5_weak_brakes,CH6,
change,20,55570020,aware_qaoa,5,0.8333333333333334,M1_surface_unaware M2_aeb_unavailable M3_no_speed_cap M4_late_reaction M5_weak_brakes,CH6,
change,20,55570021,keep_old,5,0.8333333333333334,M1_surface_unaware M2_aeb_unavailable M3_no_speed_cap M4_late_reaction M5_weak_brakes,CH1,
change,20,55570021,full_exact,5,0.8333333333333334,M1_surface_unaware M2_aeb_unavailable M3_no_speed_cap M4_late_reaction M5_weak_brakes,CH1,
change,20,55570021,aware_exact,6,1.0,M1_surface_unaware M2_aeb_unavailable M3_no_speed_cap M4_late_reaction M5_weak_brakes M6_visibility_unaware,CH1,
change,20,55570021,aware_qaoa,5,0.8333333333333334,M1_surface_unaware M2_aeb_unavailable M3_no_speed_cap M4_late_reaction M5_weak_brakes,CH1,
change,20,55570021,keep_old,5,0.8333333333333334,M1_surface_unaware M2_aeb_unavailable M3_no_speed_cap M4_late_reaction M5_weak_brakes,CH2,
change,20,55570021,full_exact,6,1.0,M1_surface_unaware M2_aeb_unavailable M3_no_speed_cap M4_late_reaction M5_weak_brakes M6_visibility_unaware,CH2,
change,20,55570021,aware_exact,5,0.8333333333333334,M1_surface_unaware M2_aeb_unavailable M3_no_speed_cap M4_late_reaction M5_weak_brakes,CH2,
change,20,55570021,aware_qaoa,5,0.8333333333333334,M1_surface_unaware M2_aeb_unavailable M3_no_speed_cap M4_late_reaction M5_weak_brakes,CH2,
change,20,55570021,keep_old,5,0.8333333333333334,M1_surface_unaware M2_aeb_unavailable M3_no_speed_cap M4_late_reaction M5_weak_brakes,CH3,
change,20,55570021,full_exact,6,1.0,M1_surface_unaware M2_aeb_unavailable M3_no_speed_cap M4_late_reaction M5_weak_brakes M6_visibility_unaware,CH3,
change,20,55570021,aware_exact,5,0.8333333333333334,M1_surface_unaware M2_aeb_unavailable M3_no_speed_cap M4_late_reaction M5_weak_brakes,CH3,
change,20,55570021,aware_qaoa,6,1.0,M1_surface_unaware M2_aeb_unavailable M3_no_speed_cap M4_late_reaction M5_weak_brakes M6_visibility_unaware,CH3,
change,20,55570021,keep_old,5,0.8333333333333334,M1_surface_unaware M2_aeb_unavailable M3_no_speed_cap M4_late_reaction M5_weak_brakes,CH4,
change,20,55570021,full_exact,6,1.0,M1_surface_unaware M2_aeb_unavailable M3_no_speed_cap M4_late_reaction M5_weak_brakes M6_visibility_unaware,CH4,
change,20,55570021,aware_exact,5,0.8333333333333334,M1_surface_unaware M2_aeb_unavailable M3_no_speed_cap M4_late_reaction M5_weak_brakes,CH4,
change,20,55570021,aware_qaoa,5,0.8333333333333334,M1_surface_unaware M2_aeb_unavailable M3_no_speed_cap M4_late_reaction M5_weak_brakes,CH4,
change,20,55570021,keep_old,5,0.8333333333333334,M1_surface_unaware M2_aeb_unavailable M3_no_speed_cap M4_late_reaction M5_weak_brakes,CH5,
change,20,55570021,full_exact,6,1.0,M1_surface_unaware M2_aeb_unavailable M3_no_speed_cap M4_late_reaction M5_weak_brakes M6_visibility_unaware,CH5,
change,20,55570021,aware_exact,5,0.8333333333333334,M1_surface_unaware M2_aeb_unavailable M3_no_speed_cap M4_late_reaction M5_weak_brakes,CH5,
change,20,55570021,aware_qaoa,5,0.8333333333333334,M1_surface_unaware M2_aeb_unavailable M3_no_speed_cap M4_late_reaction M5_weak_brakes,CH5,
change,20,55570021,keep_old,5,0.8333333333333334,M1_surface_unaware M2_aeb_unavailable M3_no_speed_cap M4_late_reaction M5_weak_brakes,CH6,
change,20,55570021,full_exact,6,1.0,M1_surface_unaware M2_aeb_unavailable M3_no_speed_cap M4_late_reaction M5_weak_brakes M6_visibility_unaware,CH6,
change,20,55570021,aware_exact,5,0.8333333333333334,M1_surface_unaware M2_aeb_unavailable M3_no_speed_cap M4_late_reaction M5_weak_brakes,CH6,
change,20,55570021,aware_qaoa,5,0.8333333333333334,M1_surface_unaware M2_aeb_unavailable M3_no_speed_cap M4_late_reaction M5_weak_brakes,CH6,
change,20,55570022,keep_old,6,1.0,M1_surface_unaware M2_aeb_unavailable M3_no_speed_cap M4_late_reaction M5_weak_brakes M6_visibility_unaware,CH1,
change,20,55570022,full_exact,6,1.0,M1_surface_unaware M2_aeb_unavailable M3_no_speed_cap M4_late_reaction M5_weak_brakes M6_visibility_unaware,CH1,
change,20,55570022,aware_exact,6,1.0,M1_surface_unaware M2_aeb_unavailable M3_no_speed_cap M4_late_reaction M5_weak_brakes M6_visibility_unaware,CH1,
change,20,55570022,aware_qaoa,6,1.0,M1_surface_unaware M2_aeb_unavailable M3_no_speed_cap M4_late_reaction M5_weak_brakes M6_visibility_unaware,CH1,
change,20,55570022,keep_old,6,1.0,M1_surface_unaware M2_aeb_unavailable M3_no_speed_cap M4_late_reaction M5_weak_brakes M6_visibility_unaware,CH2,
change,20,55570022,full_exact,6,1.0,M1_surface_unaware M2_aeb_unavailable M3_no_speed_cap M4_late_reaction M5_weak_brakes M6_visibility_unaware,CH2,
change,20,55570022,aware_exact,6,1.0,M1_surface_unaware M2_aeb_unavailable M3_no_speed_cap M4_late_reaction M5_weak_brakes M6_visibility_unaware,CH2,
change,20,55570022,aware_qaoa,6,1.0,M1_surface_unaware M2_aeb_unavailable M3_no_speed_cap M4_late_reaction M5_weak_brakes M6_visibility_unaware,CH2,
change,20,55570022,keep_old,6,1.0,M1_surface_unaware M2_aeb_unavailable M3_no_speed_cap M4_late_reaction M5_weak_brakes M6_visibility_unaware,CH3,
change,20,55570022,full_exact,6,1.0,M1_surface_unaware M2_aeb_unavailable M3_no_speed_cap M4_late_reaction M5_weak_brakes M6_visibility_unaware,CH3,
change,20,55570022,aware_exact,6,1.0,M1_surface_unaware M2_aeb_unavailable M3_no_speed_cap M4_late_reaction M5_weak_brakes M6_visibility_unaware,CH3,
change,20,55570022,aware_qaoa,6,1.0,M1_surface_unaware M2_aeb_unavailable M3_no_speed_cap M4_late_reaction M5_weak_brakes M6_visibility_unaware,CH3,
change,20,55570022,keep_old,6,1.0,M1_surface_unaware M2_aeb_unavailable M3_no_speed_cap M4_late_reaction M5_weak_brakes M6_visibility_unaware,CH4,
change,20,55570022,full_exact,6,1.0,M1_surface_unaware M2_aeb_unavailable M3_no_speed_cap M4_late_reaction M5_weak_brakes M6_visibility_unaware,CH4,
change,20,55570022,aware_exact,6,1.0,M1_surface_unaware M2_aeb_unavailable M3_no_speed_cap M4_late_reaction M5_weak_brakes M6_visibility_unaware,CH4,
change,20,55570022,aware_qaoa,6,1.0,M1_surface_unaware M2_aeb_unavailable M3_no_speed_cap M4_late_reaction M5_weak_brakes M6_visibility_unaware,CH4,
change,20,55570022,keep_old,6,1.0,M1_surface_unaware M2_aeb_unavailable M3_no_speed_cap M4_late_reaction M5_weak_brakes M6_visibility_unaware,CH5,
change,20,55570022,full_exact,6,1.0,M1_surface_unaware M2_aeb_unavailable M3_no_speed_cap M4_late_reaction M5_weak_brakes M6_visibility_unaware,CH5,
change,20,55570022,aware_exact,6,1.0,M1_surface_unaware M2_aeb_unavailable M3_no_speed_cap M4_late_reaction M5_weak_brakes M6_visibility_unaware,CH5,
change,20,55570022,aware_qaoa,6,1.0,M1_surface_unaware M2_aeb_unavailable M3_no_speed_cap M4_late_reaction M5_weak_brakes M6_visibility_unaware,CH5,
change,20,55570022,keep_old,6,1.0,M1_surface_unaware M2_aeb_unavailable M3_no_speed_cap M4_late_reaction M5_weak_brakes M6_visibility_unaware,CH6,
change,20,55570022,full_exact,6,1.0,M1_surface_unaware M2_aeb_unavailable M3_no_speed_cap M4_late_reaction M5_weak_brakes M6_visibility_unaware,CH6,
change,20,55570022,aware_exact,6,1.0,M1_surface_unaware M2_aeb_unavailable M3_no_speed_cap M4_late_reaction M5_weak_brakes M6_visibility_unaware,CH6,
change,20,55570022,aware_qaoa,6,1.0,M1_surface_unaware M2_aeb_unavailable M3_no_speed_cap M4_late_reaction M5_weak_brakes M6_visibility_unaware,CH6,
change,20,55570023,keep_old,5,0.8333333333333334,M1_surface_unaware M2_aeb_unavailable M3_no_speed_cap M4_late_reaction M5_weak_brakes,CH1,
change,20,55570023,full_exact,5,0.8333333333333334,M1_surface_unaware M2_aeb_unavailable M3_no_speed_cap M4_late_reaction M5_weak_brakes,CH1,
change,20,55570023,aware_exact,5,0.8333333333333334,M1_surface_unaware M2_aeb_unavailable M3_no_speed_cap M4_late_reaction M5_weak_brakes,CH1,
change,20,55570023,aware_qaoa,5,0.8333333333333334,M1_surface_unaware M2_aeb_unavailable M3_no_speed_cap M4_late_reaction M5_weak_brakes,CH1,
change,20,55570023,keep_old,5,0.8333333333333334,M1_surface_unaware M2_aeb_unavailable M3_no_speed_cap M4_late_reaction M5_weak_brakes,CH2,
change,20,55570023,full_exact,5,0.8333333333333334,M1_surface_unaware M2_aeb_unavailable M3_no_speed_cap M4_late_reaction M5_weak_brakes,CH2,
change,20,55570023,aware_exact,5,0.8333333333333334,M1_surface_unaware M2_aeb_unavailable M3_no_speed_cap M4_late_reaction M5_weak_brakes,CH2,
change,20,55570023,aware_qaoa,5,0.8333333333333334,M1_surface_unaware M2_aeb_unavailable M3_no_speed_cap M4_late_reaction M5_weak_brakes,CH2,
change,20,55570023,keep_old,5,0.8333333333333334,M1_surface_unaware M2_aeb_unavailable M3_no_speed_cap M4_late_reaction M5_weak_brakes,CH3,
change,20,55570023,full_exact,5,0.8333333333333334,M1_surface_unaware M2_aeb_unavailable M3_no_speed_cap M4_late_reaction M5_weak_brakes,CH3,
change,20,55570023,aware_exact,5,0.8333333333333334,M1_surface_unaware M2_aeb_unavailable M3_no_speed_cap M4_late_reaction M5_weak_brakes,CH3,
change,20,55570023,aware_qaoa,5,0.8333333333333334,M1_surface_unaware M2_aeb_unavailable M3_no_speed_cap M4_late_reaction M5_weak_brakes,CH3,
change,20,55570023,keep_old,5,0.8333333333333334,M1_surface_unaware M2_aeb_unavailable M3_no_speed_cap M4_late_reaction M5_weak_brakes,CH4,
change,20,55570023,full_exact,5,0.8333333333333334,M1_surface_unaware M2_aeb_unavailable M3_no_speed_cap M4_late_reaction M5_weak_brakes,CH4,
change,20,55570023,aware_exact,5,0.8333333333333334,M1_surface_unaware M2_aeb_unavailable M3_no_speed_cap M4_late_reaction M5_weak_brakes,CH4,
change,20,55570023,aware_qaoa,5,0.8333333333333334,M1_surface_unaware M2_aeb_unavailable M3_no_speed_cap M4_late_reaction M5_weak_brakes,CH4,
change,20,55570023,keep_old,5,0.8333333333333334,M1_surface_unaware M2_aeb_unavailable M3_no_speed_cap M4_late_reaction M5_weak_brakes,CH5,
change,20,55570023,full_exact,5,0.8333333333333334,M1_surface_unaware M2_aeb_unavailable M3_no_speed_cap M4_late_reaction M5_weak_brakes,CH5,
change,20,55570023,aware_exact,5,0.8333333333333334,M1_surface_unaware M2_aeb_unavailable M3_no_speed_cap M4_late_reaction M5_weak_brakes,CH5,
change,20,55570023,aware_qaoa,5,0.8333333333333334,M1_surface_unaware M2_aeb_unavailable M3_no_speed_cap M4_late_reaction M5_weak_brakes,CH5,
change,20,55570023,keep_old,5,0.8333333333333334,M1_surface_unaware M2_aeb_unavailable M3_no_speed_cap M4_late_reaction M5_weak_brakes,CH6,
change,20,55570023,full_exact,5,0.8333333333333334,M1_surface_unaware M2_aeb_unavailable M3_no_speed_cap M4_late_reaction M5_weak_brakes,CH6,
change,20,55570023,aware_exact,5,0.8333333333333334,M1_surface_unaware M2_aeb_unavailable M3_no_speed_cap M4_late_reaction M5_weak_brakes,CH6,
change,20,55570023,aware_qaoa,5,0.8333333333333334,M1_surface_unaware M2_aeb_unavailable M3_no_speed_cap M4_late_reaction M5_weak_brakes,CH6,
change,20,55570024,keep_old,5,0.8333333333333334,M1_surface_unaware M2_aeb_unavailable M3_no_speed_cap M4_late_reaction M5_weak_brakes,CH1,
change,20,55570024,full_exact,5,0.8333333333333334,M1_surface_unaware M2_aeb_unavailable M3_no_speed_cap M4_late_reaction M5_weak_brakes,CH1,
change,20,55570024,aware_exact,5,0.8333333333333334,M1_surface_unaware M2_aeb_unavailable M3_no_speed_cap M4_late_reaction M5_weak_brakes,CH1,
change,20,55570024,aware_qaoa,5,0.8333333333333334,M1_surface_unaware M2_aeb_unavailable M3_no_speed_cap M4_late_reaction M5_weak_brakes,CH1,
change,20,55570024,keep_old,5,0.8333333333333334,M1_surface_unaware M2_aeb_unavailable M3_no_speed_cap M4_late_reaction M5_weak_brakes,CH2,
change,20,55570024,full_exact,5,0.8333333333333334,M1_surface_unaware M2_aeb_unavailable M3_no_speed_cap M4_late_reaction M5_weak_brakes,CH2,
change,20,55570024,aware_exact,5,0.8333333333333334,M1_surface_unaware M2_aeb_unavailable M3_no_speed_cap M4_late_reaction M5_weak_brakes,CH2,
change,20,55570024,aware_qaoa,6,1.0,M1_surface_unaware M2_aeb_unavailable M3_no_speed_cap M4_late_reaction M5_weak_brakes M6_visibility_unaware,CH2,
change,20,55570024,keep_old,5,0.8333333333333334,M1_surface_unaware M2_aeb_unavailable M3_no_speed_cap M4_late_reaction M5_weak_brakes,CH3,
change,20,55570024,full_exact,5,0.8333333333333334,M1_surface_unaware M2_aeb_unavailable M3_no_speed_cap M4_late_reaction M5_weak_brakes,CH3,
change,20,55570024,aware_exact,5,0.8333333333333334,M1_surface_unaware M2_aeb_unavailable M3_no_speed_cap M4_late_reaction M5_weak_brakes,CH3,
change,20,55570024,aware_qaoa,5,0.8333333333333334,M1_surface_unaware M2_aeb_unavailable M3_no_speed_cap M4_late_reaction M5_weak_brakes,CH3,
change,20,55570024,keep_old,5,0.8333333333333334,M1_surface_unaware M2_aeb_unavailable M3_no_speed_cap M4_late_reaction M5_weak_brakes,CH4,
change,20,55570024,full_exact,5,0.8333333333333334,M1_surface_unaware M2_aeb_unavailable M3_no_speed_cap M4_late_reaction M5_weak_brakes,CH4,
change,20,55570024,aware_exact,5,0.8333333333333334,M1_surface_unaware M2_aeb_unavailable M3_no_speed_cap M4_late_reaction M5_weak_brakes,CH4,
change,20,55570024,aware_qaoa,5,0.8333333333333334,M1_surface_unaware M2_aeb_unavailable M3_no_speed_cap M4_late_reaction M5_weak_brakes,CH4,
change,20,55570024,keep_old,5,0.8333333333333334,M1_surface_unaware M2_aeb_unavailable M3_no_speed_cap M4_late_reaction M5_weak_brakes,CH5,
change,20,55570024,full_exact,5,0.8333333333333334,M1_surface_unaware M2_aeb_unavailable M3_no_speed_cap M4_late_reaction M5_weak_brakes,CH5,
change,20,55570024,aware_exact,5,0.8333333333333334,M1_surface_unaware M2_aeb_unavailable M3_no_speed_cap M4_late_reaction M5_weak_brakes,CH5,
change,20,55570024,aware_qaoa,5,0.8333333333333334,M1_surface_unaware M2_aeb_unavailable M3_no_speed_cap M4_late_reaction M5_weak_brakes,CH5,
change,20,55570024,keep_old,5,0.8333333333333334,M1_surface_unaware M2_aeb_unavailable M3_no_speed_cap M4_late_reaction M5_weak_brakes,CH6,
change,20,55570024,full_exact,5,0.8333333333333334,M1_surface_unaware M2_aeb_unavailable M3_no_speed_cap M4_late_reaction M5_weak_brakes,CH6,
change,20,55570024,aware_exact,5,0.8333333333333334,M1_surface_unaware M2_aeb_unavailable M3_no_speed_cap M4_late_reaction M5_weak_brakes,CH6,
change,20,55570024,aware_qaoa,5,0.8333333333333334,M1_surface_unaware M2_aeb_unavailable M3_no_speed_cap M4_late_reaction M5_weak_brakes,CH6,
change,20,55570025,keep_old,6,1.0,M1_surface_unaware M2_aeb_unavailable M3_no_speed_cap M4_late_reaction M5_weak_brakes M6_visibility_unaware,CH1,
change,20,55570025,full_exact,6,1.0,M1_surface_unaware M2_aeb_unavailable M3_no_speed_cap M4_late_reaction M5_weak_brakes M6_visibility_unaware,CH1,
change,20,55570025,aware_exact,6,1.0,M1_surface_unaware M2_aeb_unavailable M3_no_speed_cap M4_late_reaction M5_weak_brakes M6_visibility_unaware,CH1,
change,20,55570025,aware_qaoa,6,1.0,M1_surface_unaware M2_aeb_unavailable M3_no_speed_cap M4_late_reaction M5_weak_brakes M6_visibility_unaware,CH1,
change,20,55570025,keep_old,6,1.0,M1_surface_unaware M2_aeb_unavailable M3_no_speed_cap M4_late_reaction M5_weak_brakes M6_visibility_unaware,CH2,
change,20,55570025,full_exact,6,1.0,M1_surface_unaware M2_aeb_unavailable M3_no_speed_cap M4_late_reaction M5_weak_brakes M6_visibility_unaware,CH2,
change,20,55570025,aware_exact,6,1.0,M1_surface_unaware M2_aeb_unavailable M3_no_speed_cap M4_late_reaction M5_weak_brakes M6_visibility_unaware,CH2,
change,20,55570025,aware_qaoa,6,1.0,M1_surface_unaware M2_aeb_unavailable M3_no_speed_cap M4_late_reaction M5_weak_brakes M6_visibility_unaware,CH2,
change,20,55570025,keep_old,6,1.0,M1_surface_unaware M2_aeb_unavailable M3_no_speed_cap M4_late_reaction M5_weak_brakes M6_visibility_unaware,CH3,
change,20,55570025,full_exact,6,1.0,M1_surface_unaware M2_aeb_unavailable M3_no_speed_cap M4_late_reaction M5_weak_brakes M6_visibility_unaware,CH3,
change,20,55570025,aware_exact,6,1.0,M1_surface_unaware M2_aeb_unavailable M3_no_speed_cap M4_late_reaction M5_weak_brakes M6_visibility_unaware,CH3,
change,20,55570025,aware_qaoa,6,1.0,M1_surface_unaware M2_aeb_unavailable M3_no_speed_cap M4_late_reaction M5_weak_brakes M6_visibility_unaware,CH3,
change,20,55570025,keep_old,6,1.0,M1_surface_unaware M2_aeb_unavailable M3_no_speed_cap M4_late_reaction M5_weak_brakes M6_visibility_unaware,CH4,
change,20,55570025,full_exact,6,1.0,M1_surface_unaware M2_aeb_unavailable M3_no_speed_cap M4_late_reaction M5_weak_brakes M6_visibility_unaware,CH4,
change,20,55570025,aware_exact,6,1.0,M1_surface_unaware M2_aeb_unavailable M3_no_speed_cap M4_late_reaction M5_weak_brakes M6_visibility_unaware,CH4,
change,20,55570025,aware_qaoa,6,1.0,M1_surface_unaware M2_aeb_unavailable M3_no_speed_cap M4_late_reaction M5_weak_brakes M6_visibility_unaware,CH4,
change,20,55570025,keep_old,6,1.0,M1_surface_unaware M2_aeb_unavailable M3_no_speed_cap M4_late_reaction M5_weak_brakes M6_visibility_unaware,CH5,
change,20,55570025,full_exact,6,1.0,M1_surface_unaware M2_aeb_unavailable M3_no_speed_cap M4_late_reaction M5_weak_brakes M6_visibility_unaware,CH5,
change,20,55570025,aware_exact,6,1.0,M1_surface_unaware M2_aeb_unavailable M3_no_speed_cap M4_late_reaction M5_weak_brakes M6_visibility_unaware,CH5,
change,20,55570025,aware_qaoa,6,1.0,M1_surface_unaware M2_aeb_unavailable M3_no_speed_cap M4_late_reaction M5_weak_brakes M6_visibility_unaware,CH5,
change,20,55570025,keep_old,6,1.0,M1_surface_unaware M2_aeb_unavailable M3_no_speed_cap M4_late_reaction M5_weak_brakes M6_visibility_unaware,CH6,
change,20,55570025,full_exact,6,1.0,M1_surface_unaware M2_aeb_unavailable M3_no_speed_cap M4_late_reaction M5_weak_brakes M6_visibility_unaware,CH6,
change,20,55570025,aware_exact,6,1.0,M1_surface_unaware M2_aeb_unavailable M3_no_speed_cap M4_late_reaction M5_weak_brakes M6_visibility_unaware,CH6,
change,20,55570025,aware_qaoa,6,1.0,M1_surface_unaware M2_aeb_unavailable M3_no_speed_cap M4_late_reaction M5_weak_brakes M6_visibility_unaware,CH6,
change,20,55570026,keep_old,5,0.8333333333333334,M1_surface_unaware M2_aeb_unavailable M3_no_speed_cap M4_late_reaction M5_weak_brakes,CH1,
change,20,55570026,full_exact,5,0.8333333333333334,M1_surface_unaware M2_aeb_unavailable M3_no_speed_cap M4_late_reaction M5_weak_brakes,CH1,
change,20,55570026,aware_exact,5,0.8333333333333334,M1_surface_unaware M2_aeb_unavailable M3_no_speed_cap M4_late_reaction M5_weak_brakes,CH1,
change,20,55570026,aware_qaoa,6,1.0,M1_surface_unaware M2_aeb_unavailable M3_no_speed_cap M4_late_reaction M5_weak_brakes M6_visibility_unaware,CH1,
change,20,55570026,keep_old,5,0.8333333333333334,M1_surface_unaware M2_aeb_unavailable M3_no_speed_cap M4_late_reaction M5_weak_brakes,CH2,
change,20,55570026,full_exact,5,0.8333333333333334,M1_surface_unaware M2_aeb_unavailable M3_no_speed_cap M4_late_reaction M5_weak_brakes,CH2,
change,20,55570026,aware_exact,5,0.8333333333333334,M1_surface_unaware M2_aeb_unavailable M3_no_speed_cap M4_late_reaction M5_weak_brakes,CH2,
change,20,55570026,aware_qaoa,6,1.0,M1_surface_unaware M2_aeb_unavailable M3_no_speed_cap M4_late_reaction M5_weak_brakes M6_visibility_unaware,CH2,
change,20,55570026,keep_old,5,0.8333333333333334,M1_surface_unaware M2_aeb_unavailable M3_no_speed_cap M4_late_reaction M5_weak_brakes,CH3,
change,20,55570026,full_exact,5,0.8333333333333334,M1_surface_unaware M2_aeb_unavailable M3_no_speed_cap M4_late_reaction M5_weak_brakes,CH3,
change,20,55570026,aware_exact,5,0.8333333333333334,M1_surface_unaware M2_aeb_unavailable M3_no_speed_cap M4_late_reaction M5_weak_brakes,CH3,
change,20,55570026,aware_qaoa,5,0.8333333333333334,M1_surface_unaware M2_aeb_unavailable M3_no_speed_cap M4_late_reaction M5_weak_brakes,CH3,
change,20,55570026,keep_old,5,0.8333333333333334,M1_surface_unaware M2_aeb_unavailable M3_no_speed_cap M4_late_reaction M5_weak_brakes,CH4,
change,20,55570026,full_exact,5,0.8333333333333334,M1_surface_unaware M2_aeb_unavailable M3_no_speed_cap M4_late_reaction M5_weak_brakes,CH4,
change,20,55570026,aware_exact,5,0.8333333333333334,M1_surface_unaware M2_aeb_unavailable M3_no_speed_cap M4_late_reaction M5_weak_brakes,CH4,
change,20,55570026,aware_qaoa,5,0.8333333333333334,M1_surface_unaware M2_aeb_unavailable M3_no_speed_cap M4_late_reaction M5_weak_brakes,CH4,
change,20,55570026,keep_old,5,0.8333333333333334,M1_surface_unaware M2_aeb_unavailable M3_no_speed_cap M4_late_reaction M5_weak_brakes,CH5,
change,20,55570026,full_exact,5,0.8333333333333334,M1_surface_unaware M2_aeb_unavailable M3_no_speed_cap M4_late_reaction M5_weak_brakes,CH5,
change,20,55570026,aware_exact,5,0.8333333333333334,M1_surface_unaware M2_aeb_unavailable M3_no_speed_cap M4_late_reaction M5_weak_brakes,CH5,
change,20,55570026,aware_qaoa,5,0.8333333333333334,M1_surface_unaware M2_aeb_unavailable M3_no_speed_cap M4_late_reaction M5_weak_brakes,CH5,
change,20,55570026,keep_old,5,0.8333333333333334,M1_surface_unaware M2_aeb_unavailable M3_no_speed_cap M4_late_reaction M5_weak_brakes,CH6,
change,20,55570026,full_exact,5,0.8333333333333334,M1_surface_unaware M2_aeb_unavailable M3_no_speed_cap M4_late_reaction M5_weak_brakes,CH6,
change,20,55570026,aware_exact,5,0.8333333333333334,M1_surface_unaware M2_aeb_unavailable M3_no_speed_cap M4_late_reaction M5_weak_brakes,CH6,
change,20,55570026,aware_qaoa,5,0.8333333333333334,M1_surface_unaware M2_aeb_unavailable M3_no_speed_cap M4_late_reaction M5_weak_brakes,CH6,
change,20,55570027,keep_old,5,0.8333333333333334,M1_surface_unaware M2_aeb_unavailable M3_no_speed_cap M4_late_reaction M5_weak_brakes,CH1,
change,20,55570027,full_exact,5,0.8333333333333334,M1_surface_unaware M2_aeb_unavailable M3_no_speed_cap M4_late_reaction M5_weak_brakes,CH1,
change,20,55570027,aware_exact,5,0.8333333333333334,M1_surface_unaware M2_aeb_unavailable M3_no_speed_cap M4_late_reaction M5_weak_brakes,CH1,
change,20,55570027,aware_qaoa,5,0.8333333333333334,M1_surface_unaware M2_aeb_unavailable M3_no_speed_cap M4_late_reaction M5_weak_brakes,CH1,
change,20,55570027,keep_old,5,0.8333333333333334,M1_surface_unaware M2_aeb_unavailable M3_no_speed_cap M4_late_reaction M5_weak_brakes,CH2,
change,20,55570027,full_exact,6,1.0,M1_surface_unaware M2_aeb_unavailable M3_no_speed_cap M4_late_reaction M5_weak_brakes M6_visibility_unaware,CH2,
change,20,55570027,aware_exact,6,1.0,M1_surface_unaware M2_aeb_unavailable M3_no_speed_cap M4_late_reaction M5_weak_brakes M6_visibility_unaware,CH2,
change,20,55570027,aware_qaoa,6,1.0,M1_surface_unaware M2_aeb_unavailable M3_no_speed_cap M4_late_reaction M5_weak_brakes M6_visibility_unaware,CH2,
change,20,55570027,keep_old,5,0.8333333333333334,M1_surface_unaware M2_aeb_unavailable M3_no_speed_cap M4_late_reaction M5_weak_brakes,CH3,
change,20,55570027,full_exact,5,0.8333333333333334,M1_surface_unaware M2_aeb_unavailable M3_no_speed_cap M4_late_reaction M5_weak_brakes,CH3,
change,20,55570027,aware_exact,5,0.8333333333333334,M1_surface_unaware M2_aeb_unavailable M3_no_speed_cap M4_late_reaction M5_weak_brakes,CH3,
change,20,55570027,aware_qaoa,5,0.8333333333333334,M1_surface_unaware M2_aeb_unavailable M3_no_speed_cap M4_late_reaction M5_weak_brakes,CH3,
change,20,55570027,keep_old,5,0.8333333333333334,M1_surface_unaware M2_aeb_unavailable M3_no_speed_cap M4_late_reaction M5_weak_brakes,CH4,
change,20,55570027,full_exact,5,0.8333333333333334,M1_surface_unaware M2_aeb_unavailable M3_no_speed_cap M4_late_reaction M5_weak_brakes,CH4,
change,20,55570027,aware_exact,5,0.8333333333333334,M1_surface_unaware M2_aeb_unavailable M3_no_speed_cap M4_late_reaction M5_weak_brakes,CH4,
change,20,55570027,aware_qaoa,5,0.8333333333333334,M1_surface_unaware M2_aeb_unavailable M3_no_speed_cap M4_late_reaction M5_weak_brakes,CH4,
change,20,55570027,keep_old,5,0.8333333333333334,M1_surface_unaware M2_aeb_unavailable M3_no_speed_cap M4_late_reaction M5_weak_brakes,CH5,
change,20,55570027,full_exact,5,0.8333333333333334,M1_surface_unaware M2_aeb_unavailable M3_no_speed_cap M4_late_reaction M5_weak_brakes,CH5,
change,20,55570027,aware_exact,5,0.8333333333333334,M1_surface_unaware M2_aeb_unavailable M3_no_speed_cap M4_late_reaction M5_weak_brakes,CH5,
change,20,55570027,aware_qaoa,5,0.8333333333333334,M1_surface_unaware M2_aeb_unavailable M3_no_speed_cap M4_late_reaction M5_weak_brakes,CH5,
change,20,55570027,keep_old,5,0.8333333333333334,M1_surface_unaware M2_aeb_unavailable M3_no_speed_cap M4_late_reaction M5_weak_brakes,CH6,
change,20,55570027,full_exact,5,0.8333333333333334,M1_surface_unaware M2_aeb_unavailable M3_no_speed_cap M4_late_reaction M5_weak_brakes,CH6,
change,20,55570027,aware_exact,5,0.8333333333333334,M1_surface_unaware M2_aeb_unavailable M3_no_speed_cap M4_late_reaction M5_weak_brakes,CH6,
change,20,55570027,aware_qaoa,5,0.8333333333333334,M1_surface_unaware M2_aeb_unavailable M3_no_speed_cap M4_late_reaction M5_weak_brakes,CH6,
change,20,55570028,keep_old,5,0.8333333333333334,M1_surface_unaware M2_aeb_unavailable M3_no_speed_cap M4_late_reaction M5_weak_brakes,CH1,
change,20,55570028,full_exact,5,0.8333333333333334,M1_surface_unaware M2_aeb_unavailable M3_no_speed_cap M4_late_reaction M5_weak_brakes,CH1,
change,20,55570028,aware_exact,5,0.8333333333333334,M1_surface_unaware M2_aeb_unavailable M3_no_speed_cap M4_late_reaction M5_weak_brakes,CH1,
change,20,55570028,aware_qaoa,5,0.8333333333333334,M1_surface_unaware M2_aeb_unavailable M3_no_speed_cap M4_late_reaction M5_weak_brakes,CH1,
change,20,55570028,keep_old,5,0.8333333333333334,M1_surface_unaware M2_aeb_unavailable M3_no_speed_cap M4_late_reaction M5_weak_brakes,CH2,
change,20,55570028,full_exact,5,0.8333333333333334,M1_surface_unaware M2_aeb_unavailable M3_no_speed_cap M4_late_reaction M5_weak_brakes,CH2,
change,20,55570028,aware_exact,5,0.8333333333333334,M1_surface_unaware M2_aeb_unavailable M3_no_speed_cap M4_late_reaction M5_weak_brakes,CH2,
change,20,55570028,aware_qaoa,5,0.8333333333333334,M1_surface_unaware M2_aeb_unavailable M3_no_speed_cap M4_late_reaction M5_weak_brakes,CH2,
change,20,55570028,keep_old,5,0.8333333333333334,M1_surface_unaware M2_aeb_unavailable M3_no_speed_cap M4_late_reaction M5_weak_brakes,CH3,
change,20,55570028,full_exact,5,0.8333333333333334,M1_surface_unaware M2_aeb_unavailable M3_no_speed_cap M4_late_reaction M5_weak_brakes,CH3,
change,20,55570028,aware_exact,5,0.8333333333333334,M1_surface_unaware M2_aeb_unavailable M3_no_speed_cap M4_late_reaction M5_weak_brakes,CH3,
change,20,55570028,aware_qaoa,5,0.8333333333333334,M1_surface_unaware M2_aeb_unavailable M3_no_speed_cap M4_late_reaction M5_weak_brakes,CH3,
change,20,55570028,keep_old,5,0.8333333333333334,M1_surface_unaware M2_aeb_unavailable M3_no_speed_cap M4_late_reaction M5_weak_brakes,CH4,
change,20,55570028,full_exact,5,0.8333333333333334,M1_surface_unaware M2_aeb_unavailable M3_no_speed_cap M4_late_reaction M5_weak_brakes,CH4,
change,20,55570028,aware_exact,5,0.8333333333333334,M1_surface_unaware M2_aeb_unavailable M3_no_speed_cap M4_late_reaction M5_weak_brakes,CH4,
change,20,55570028,aware_qaoa,5,0.8333333333333334,M1_surface_unaware M2_aeb_unavailable M3_no_speed_cap M4_late_reaction M5_weak_brakes,CH4,
change,20,55570028,keep_old,5,0.8333333333333334,M1_surface_unaware M2_aeb_unavailable M3_no_speed_cap M4_late_reaction M5_weak_brakes,CH5,
change,20,55570028,full_exact,5,0.8333333333333334,M1_surface_unaware M2_aeb_unavailable M3_no_speed_cap M4_late_reaction M5_weak_brakes,CH5,
change,20,55570028,aware_exact,5,0.8333333333333334,M1_surface_unaware M2_aeb_unavailable M3_no_speed_cap M4_late_reaction M5_weak_brakes,CH5,
change,20,55570028,aware_qaoa,5,0.8333333333333334,M1_surface_unaware M2_aeb_unavailable M3_no_speed_cap M4_late_reaction M5_weak_brakes,CH5,
change,20,55570028,keep_old,5,0.8333333333333334,M1_surface_unaware M2_aeb_unavailable M3_no_speed_cap M4_late_reaction M5_weak_brakes,CH6,
change,20,55570028,full_exact,5,0.8333333333333334,M1_surface_unaware M2_aeb_unavailable M3_no_speed_cap M4_late_reaction M5_weak_brakes,CH6,
change,20,55570028,aware_exact,5,0.8333333333333334,M1_surface_unaware M2_aeb_unavailable M3_no_speed_cap M4_late_reaction M5_weak_brakes,CH6,
change,20,55570028,aware_qaoa,5,0.8333333333333334,M1_surface_unaware M2_aeb_unavailable M3_no_speed_cap M4_late_reaction M5_weak_brakes,CH6,
change,20,55570029,keep_old,5,0.8333333333333334,M1_surface_unaware M2_aeb_unavailable M3_no_speed_cap M4_late_reaction M5_weak_brakes,CH1,
change,20,55570029,full_exact,5,0.8333333333333334,M1_surface_unaware M2_aeb_unavailable M3_no_speed_cap M4_late_reaction M5_weak_brakes,CH1,
change,20,55570029,aware_exact,5,0.8333333333333334,M1_surface_unaware M2_aeb_unavailable M3_no_speed_cap M4_late_reaction M5_weak_brakes,CH1,
change,20,55570029,aware_qaoa,5,0.8333333333333334,M1_surface_unaware M2_aeb_unavailable M3_no_speed_cap M4_late_reaction M5_weak_brakes,CH1,
change,20,55570029,keep_old,5,0.8333333333333334,M1_surface_unaware M2_aeb_unavailable M3_no_speed_cap M4_late_reaction M5_weak_brakes,CH2,
change,20,55570029,full_exact,5,0.8333333333333334,M1_surface_unaware M2_aeb_unavailable M3_no_speed_cap M4_late_reaction M5_weak_brakes,CH2,
change,20,55570029,aware_exact,5,0.8333333333333334,M1_surface_unaware M2_aeb_unavailable M3_no_speed_cap M4_late_reaction M5_weak_brakes,CH2,
change,20,55570029,aware_qaoa,5,0.8333333333333334,M1_surface_unaware M2_aeb_unavailable M3_no_speed_cap M4_late_reaction M5_weak_brakes,CH2,
change,20,55570029,keep_old,5,0.8333333333333334,M1_surface_unaware M2_aeb_unavailable M3_no_speed_cap M4_late_reaction M5_weak_brakes,CH3,
change,20,55570029,full_exact,5,0.8333333333333334,M1_surface_unaware M2_aeb_unavailable M3_no_speed_cap M4_late_reaction M5_weak_brakes,CH3,
change,20,55570029,aware_exact,5,0.8333333333333334,M1_surface_unaware M2_aeb_unavailable M3_no_speed_cap M4_late_reaction M5_weak_brakes,CH3,
change,20,55570029,aware_qaoa,5,0.8333333333333334,M1_surface_unaware M2_aeb_unavailable M3_no_speed_cap M4_late_reaction M5_weak_brakes,CH3,
change,20,55570029,keep_old,5,0.8333333333333334,M1_surface_unaware M2_aeb_unavailable M3_no_speed_cap M4_late_reaction M5_weak_brakes,CH4,
change,20,55570029,full_exact,5,0.8333333333333334,M1_surface_unaware M2_aeb_unavailable M3_no_speed_cap M4_late_reaction M5_weak_brakes,CH4,
change,20,55570029,aware_exact,5,0.8333333333333334,M1_surface_unaware M2_aeb_unavailable M3_no_speed_cap M4_late_reaction M5_weak_brakes,CH4,
change,20,55570029,aware_qaoa,5,0.8333333333333334,M1_surface_unaware M2_aeb_unavailable M3_no_speed_cap M4_late_reaction M5_weak_brakes,CH4,
change,20,55570029,keep_old,5,0.8333333333333334,M1_surface_unaware M2_aeb_unavailable M3_no_speed_cap M4_late_reaction M5_weak_brakes,CH5,
change,20,55570029,full_exact,5,0.8333333333333334,M1_surface_unaware M2_aeb_unavailable M3_no_speed_cap M4_late_reaction M5_weak_brakes,CH5,
change,20,55570029,aware_exact,5,0.8333333333333334,M1_surface_unaware M2_aeb_unavailable M3_no_speed_cap M4_late_reaction M5_weak_brakes,CH5,
change,20,55570029,aware_qaoa,5,0.8333333333333334,M1_surface_unaware M2_aeb_unavailable M3_no_speed_cap M4_late_reaction M5_weak_brakes,CH5,
change,20,55570029,keep_old,5,0.8333333333333334,M1_surface_unaware M2_aeb_unavailable M3_no_speed_cap M4_late_reaction M5_weak_brakes,CH6,
change,20,55570029,full_exact,5,0.8333333333333334,M1_surface_unaware M2_aeb_unavailable M3_no_speed_cap M4_late_reaction M5_weak_brakes,CH6,
change,20,55570029,aware_exact,5,0.8333333333333334,M1_surface_unaware M2_aeb_unavailable M3_no_speed_cap M4_late_reaction M5_weak_brakes,CH6,
change,20,55570029,aware_qaoa,5,0.8333333333333334,M1_surface_unaware M2_aeb_unavailable M3_no_speed_cap M4_late_reaction M5_weak_brakes,CH6,
budget_k3,12,20272927,random,6,1.0,M1_surface_unaware M2_aeb_unavailable M3_no_speed_cap M4_late_reaction M5_weak_brakes M6_visibility_unaware,,0.4019607843137255
budget_k3,12,20272927,greedy,5,0.8333333333333334,M1_surface_unaware M2_aeb_unavailable M3_no_speed_cap M4_late_reaction M5_weak_brakes,,0.4313725490196078
budget_k3,12,20272927,exhaustive,5,0.8333333333333334,M1_surface_unaware M2_aeb_unavailable M3_no_speed_cap M4_late_reaction M5_weak_brakes,,0.4411764705882353
budget_k3,12,20272927,sa,5,0.8333333333333334,M1_surface_unaware M2_aeb_unavailable M3_no_speed_cap M4_late_reaction M5_weak_brakes,,0.4411764705882353
budget_k3,12,20272927,ga,5,0.8333333333333334,M1_surface_unaware M2_aeb_unavailable M3_no_speed_cap M4_late_reaction M5_weak_brakes,,0.4411764705882353
budget_k3,12,20272927,qaoa,5,0.8333333333333334,M1_surface_unaware M2_aeb_unavailable M3_no_speed_cap M4_late_reaction M5_weak_brakes,,0.4411764705882353
budget_k3,12,20272928,random,4,0.6666666666666666,M1_surface_unaware M3_no_speed_cap M4_late_reaction M6_visibility_unaware,,0.3157894736842105
budget_k3,12,20272928,greedy,6,1.0,M1_surface_unaware M2_aeb_unavailable M3_no_speed_cap M4_late_reaction M5_weak_brakes M6_visibility_unaware,,0.3859649122807017
budget_k3,12,20272928,exhaustive,5,0.8333333333333334,M1_surface_unaware M2_aeb_unavailable M3_no_speed_cap M4_late_reaction M5_weak_brakes,,0.3947368421052631
budget_k3,12,20272928,sa,5,0.8333333333333334,M1_surface_unaware M2_aeb_unavailable M3_no_speed_cap M4_late_reaction M5_weak_brakes,,0.3947368421052631
budget_k3,12,20272928,ga,5,0.8333333333333334,M1_surface_unaware M2_aeb_unavailable M3_no_speed_cap M4_late_reaction M5_weak_brakes,,0.3947368421052631
budget_k3,12,20272928,qaoa,5,0.8333333333333334,M1_surface_unaware M2_aeb_unavailable M3_no_speed_cap M4_late_reaction M5_weak_brakes,,0.3947368421052631
budget_k3,12,20272929,random,5,0.8333333333333334,M1_surface_unaware M2_aeb_unavailable M3_no_speed_cap M4_late_reaction M5_weak_brakes,,0.3831775700934579
budget_k3,12,20272929,greedy,6,1.0,M1_surface_unaware M2_aeb_unavailable M3_no_speed_cap M4_late_reaction M5_weak_brakes M6_visibility_unaware,,0.4205607476635514
budget_k3,12,20272929,exhaustive,6,1.0,M1_surface_unaware M2_aeb_unavailable M3_no_speed_cap M4_late_reaction M5_weak_brakes M6_visibility_unaware,,0.4205607476635514
budget_k3,12,20272929,sa,5,0.8333333333333334,M1_surface_unaware M2_aeb_unavailable M3_no_speed_cap M4_late_reaction M5_weak_brakes,,0.4205607476635514
budget_k3,12,20272929,ga,5,0.8333333333333334,M1_surface_unaware M2_aeb_unavailable M3_no_speed_cap M4_late_reaction M5_weak_brakes,,0.4205607476635514
budget_k3,12,20272929,qaoa,6,1.0,M1_surface_unaware M2_aeb_unavailable M3_no_speed_cap M4_late_reaction M5_weak_brakes M6_visibility_unaware,,0.4205607476635514
budget_k3,12,20272930,random,3,0.5,M2_aeb_unavailable M4_late_reaction M5_weak_brakes,,0.3873873873873873
budget_k3,12,20272930,greedy,4,0.6666666666666666,M1_surface_unaware M2_aeb_unavailable M4_late_reaction M5_weak_brakes,,0.3963963963963964
budget_k3,12,20272930,exhaustive,4,0.6666666666666666,M1_surface_unaware M2_aeb_unavailable M3_no_speed_cap M4_late_reaction,,0.4054054054054054
budget_k3,12,20272930,sa,5,0.8333333333333334,M1_surface_unaware M2_aeb_unavailable M3_no_speed_cap M4_late_reaction M5_weak_brakes,,0.4054054054054054
budget_k3,12,20272930,ga,5,0.8333333333333334,M1_surface_unaware M2_aeb_unavailable M3_no_speed_cap M4_late_reaction M5_weak_brakes,,0.4054054054054054
budget_k3,12,20272930,qaoa,4,0.6666666666666666,M1_surface_unaware M2_aeb_unavailable M4_late_reaction M5_weak_brakes,,0.4054054054054054
budget_k3,12,20272931,random,5,0.8333333333333334,M1_surface_unaware M2_aeb_unavailable M3_no_speed_cap M4_late_reaction M5_weak_brakes,,0.3360655737704918
budget_k3,12,20272931,greedy,3,0.5,M1_surface_unaware M3_no_speed_cap M4_late_reaction,,0.3688524590163934
budget_k3,12,20272931,exhaustive,3,0.5,M1_surface_unaware M3_no_speed_cap M4_late_reaction,,0.3688524590163934
budget_k3,12,20272931,sa,3,0.5,M1_surface_unaware M3_no_speed_cap M4_late_reaction,,0.3688524590163934
budget_k3,12,20272931,ga,4,0.6666666666666666,M1_surface_unaware M2_aeb_unavailable M4_late_reaction M5_weak_brakes,,0.3688524590163934
budget_k3,12,20272931,qaoa,5,0.8333333333333334,M1_surface_unaware M2_aeb_unavailable M3_no_speed_cap M4_late_reaction M5_weak_brakes,,0.3688524590163934
budget_k3,12,20272932,random,5,0.8333333333333334,M1_surface_unaware M2_aeb_unavailable M3_no_speed_cap M4_late_reaction M5_weak_brakes,,0.3669724770642202
budget_k3,12,20272932,greedy,5,0.8333333333333334,M1_surface_unaware M2_aeb_unavailable M3_no_speed_cap M4_late_reaction M5_weak_brakes,,0.4128440366972477
budget_k3,12,20272932,exhaustive,5,0.8333333333333334,M1_surface_unaware M2_aeb_unavailable M3_no_speed_cap M4_late_reaction M5_weak_brakes,,0.4128440366972477
budget_k3,12,20272932,sa,4,0.6666666666666666,M1_surface_unaware M2_aeb_unavailable M4_late_reaction M5_weak_brakes,,0.4128440366972477
budget_k3,12,20272932,ga,4,0.6666666666666666,M1_surface_unaware M2_aeb_unavailable M3_no_speed_cap M4_late_reaction,,0.4128440366972477
budget_k3,12,20272932,qaoa,5,0.8333333333333334,M1_surface_unaware M2_aeb_unavailable M3_no_speed_cap M4_late_reaction M5_weak_brakes,,0.4128440366972477
budget_k3,12,20272933,random,5,0.8333333333333334,M1_surface_unaware M2_aeb_unavailable M4_late_reaction M5_weak_brakes M6_visibility_unaware,,0.396039603960396
budget_k3,12,20272933,greedy,5,0.8333333333333334,M1_surface_unaware M2_aeb_unavailable M4_late_reaction M5_weak_brakes M6_visibility_unaware,,0.4455445544554455
budget_k3,12,20272933,exhaustive,5,0.8333333333333334,M1_surface_unaware M2_aeb_unavailable M4_late_reaction M5_weak_brakes M6_visibility_unaware,,0.4455445544554455
budget_k3,12,20272933,sa,5,0.8333333333333334,M1_surface_unaware M2_aeb_unavailable M4_late_reaction M5_weak_brakes M6_visibility_unaware,,0.4455445544554455
budget_k3,12,20272933,ga,4,0.6666666666666666,M1_surface_unaware M2_aeb_unavailable M4_late_reaction M5_weak_brakes,,0.4455445544554455
budget_k3,12,20272933,qaoa,5,0.8333333333333334,M1_surface_unaware M2_aeb_unavailable M4_late_reaction M5_weak_brakes M6_visibility_unaware,,0.4455445544554455
budget_k3,12,20272934,random,5,0.8333333333333334,M1_surface_unaware M2_aeb_unavailable M3_no_speed_cap M4_late_reaction M5_weak_brakes,,0.3333333333333333
budget_k3,12,20272934,greedy,5,0.8333333333333334,M1_surface_unaware M2_aeb_unavailable M3_no_speed_cap M4_late_reaction M5_weak_brakes,,0.3947368421052631
budget_k3,12,20272934,exhaustive,5,0.8333333333333334,M1_surface_unaware M2_aeb_unavailable M3_no_speed_cap M4_late_reaction M5_weak_brakes,,0.3947368421052631
budget_k3,12,20272934,sa,5,0.8333333333333334,M1_surface_unaware M2_aeb_unavailable M3_no_speed_cap M4_late_reaction M5_weak_brakes,,0.3947368421052631
budget_k3,12,20272934,ga,5,0.8333333333333334,M1_surface_unaware M2_aeb_unavailable M3_no_speed_cap M4_late_reaction M5_weak_brakes,,0.3947368421052631
budget_k3,12,20272934,qaoa,4,0.6666666666666666,M1_surface_unaware M2_aeb_unavailable M4_late_reaction M5_weak_brakes,,0.3947368421052631
budget_k3,12,20272935,random,5,0.8333333333333334,M1_surface_unaware M2_aeb_unavailable M3_no_speed_cap M4_late_reaction M5_weak_brakes,,0.4
budget_k3,12,20272935,greedy,6,1.0,M1_surface_unaware M2_aeb_unavailable M3_no_speed_cap M4_late_reaction M5_weak_brakes M6_visibility_unaware,,0.4090909090909091
budget_k3,12,20272935,exhaustive,6,1.0,M1_surface_unaware M2_aeb_unavailable M3_no_speed_cap M4_late_reaction M5_weak_brakes M6_visibility_unaware,,0.4090909090909091
budget_k3,12,20272935,sa,6,1.0,M1_surface_unaware M2_aeb_unavailable M3_no_speed_cap M4_late_reaction M5_weak_brakes M6_visibility_unaware,,0.4090909090909091
budget_k3,12,20272935,ga,6,1.0,M1_surface_unaware M2_aeb_unavailable M3_no_speed_cap M4_late_reaction M5_weak_brakes M6_visibility_unaware,,0.4090909090909091
budget_k3,12,20272935,qaoa,6,1.0,M1_surface_unaware M2_aeb_unavailable M3_no_speed_cap M4_late_reaction M5_weak_brakes M6_visibility_unaware,,0.4090909090909091
budget_k3,12,20272936,random,4,0.6666666666666666,M1_surface_unaware M2_aeb_unavailable M4_late_reaction M5_weak_brakes,,0.3909090909090909
budget_k3,12,20272936,greedy,4,0.6666666666666666,M1_surface_unaware M2_aeb_unavailable M3_no_speed_cap M4_late_reaction,,0.4090909090909091
budget_k3,12,20272936,exhaustive,5,0.8333333333333334,M1_surface_unaware M2_aeb_unavailable M3_no_speed_cap M4_late_reaction M5_weak_brakes,,0.4090909090909091
budget_k3,12,20272936,sa,4,0.6666666666666666,M1_surface_unaware M2_aeb_unavailable M4_late_reaction M5_weak_brakes,,0.4090909090909091
budget_k3,12,20272936,ga,4,0.6666666666666666,M1_surface_unaware M2_aeb_unavailable M4_late_reaction M5_weak_brakes,,0.4090909090909091
budget_k3,12,20272936,qaoa,4,0.6666666666666666,M1_surface_unaware M2_aeb_unavailable M4_late_reaction M5_weak_brakes,,0.4090909090909091
budget_k3,12,20272937,random,5,0.8333333333333334,M1_surface_unaware M2_aeb_unavailable M3_no_speed_cap M4_late_reaction M5_weak_brakes,,0.3831775700934579
budget_k3,12,20272937,greedy,4,0.6666666666666666,M1_surface_unaware M2_aeb_unavailable M4_late_reaction M5_weak_brakes,,0.411214953271028
budget_k3,12,20272937,exhaustive,4,0.6666666666666666,M1_surface_unaware M2_aeb_unavailable M4_late_reaction M5_weak_brakes,,0.4205607476635514
budget_k3,12,20272937,sa,4,0.6666666666666666,M1_surface_unaware M2_aeb_unavailable M4_late_reaction M5_weak_brakes,,0.4205607476635514
budget_k3,12,20272937,ga,4,0.6666666666666666,M1_surface_unaware M2_aeb_unavailable M4_late_reaction M5_weak_brakes,,0.4205607476635514
budget_k3,12,20272937,qaoa,5,0.8333333333333334,M1_surface_unaware M2_aeb_unavailable M3_no_speed_cap M4_late_reaction M5_weak_brakes,,0.4205607476635514
budget_k3,12,20272938,random,6,1.0,M1_surface_unaware M2_aeb_unavailable M3_no_speed_cap M4_late_reaction M5_weak_brakes M6_visibility_unaware,,0.3826086956521739
budget_k3,12,20272938,greedy,4,0.6666666666666666,M1_surface_unaware M2_aeb_unavailable M3_no_speed_cap M4_late_reaction,,0.391304347826087
budget_k3,12,20272938,exhaustive,5,0.8333333333333334,M1_surface_unaware M2_aeb_unavailable M3_no_speed_cap M4_late_reaction M5_weak_brakes,,0.391304347826087
budget_k3,12,20272938,sa,5,0.8333333333333334,M1_surface_unaware M2_aeb_unavailable M3_no_speed_cap M4_late_reaction M5_weak_brakes,,0.391304347826087
budget_k3,12,20272938,ga,5,0.8333333333333334,M1_surface_unaware M2_aeb_unavailable M3_no_speed_cap M4_late_reaction M5_weak_brakes,,0.391304347826087
budget_k3,12,20272938,qaoa,5,0.8333333333333334,M1_surface_unaware M2_aeb_unavailable M3_no_speed_cap M4_late_reaction M5_weak_brakes,,0.391304347826087
budget_k3,12,20272939,random,5,0.8333333333333334,M1_surface_unaware M2_aeb_unavailable M3_no_speed_cap M4_late_reaction M5_weak_brakes,,0.3486238532110092
budget_k3,12,20272939,greedy,4,0.6666666666666666,M1_surface_unaware M3_no_speed_cap M4_late_reaction M6_visibility_unaware,,0.4128440366972477
budget_k3,12,20272939,exhaustive,4,0.6666666666666666,M1_surface_unaware M2_aeb_unavailable M4_late_reaction M6_visibility_unaware,,0.4128440366972477
budget_k3,12,20272939,sa,5,0.8333333333333334,M1_surface_unaware M2_aeb_unavailable M3_no_speed_cap M4_late_reaction M5_weak_brakes,,0.4128440366972477
budget_k3,12,20272939,ga,4,0.6666666666666666,M1_surface_unaware M2_aeb_unavailable M4_late_reaction M6_visibility_unaware,,0.4128440366972477
budget_k3,12,20272939,qaoa,3,0.5,M1_surface_unaware M3_no_speed_cap M4_late_reaction,,0.4128440366972477
budget_k3,12,20272940,random,5,0.8333333333333334,M1_surface_unaware M2_aeb_unavailable M3_no_speed_cap M4_late_reaction M5_weak_brakes,,0.3773584905660377
budget_k3,12,20272940,greedy,6,1.0,M1_surface_unaware M2_aeb_unavailable M3_no_speed_cap M4_late_reaction M5_weak_brakes M6_visibility_unaware,,0.4245283018867924
budget_k3,12,20272940,exhaustive,6,1.0,M1_surface_unaware M2_aeb_unavailable M3_no_speed_cap M4_late_reaction M5_weak_brakes M6_visibility_unaware,,0.4245283018867924
budget_k3,12,20272940,sa,5,0.8333333333333334,M1_surface_unaware M2_aeb_unavailable M4_late_reaction M5_weak_brakes M6_visibility_unaware,,0.4245283018867924
budget_k3,12,20272940,ga,6,1.0,M1_surface_unaware M2_aeb_unavailable M3_no_speed_cap M4_late_reaction M5_weak_brakes M6_visibility_unaware,,0.4245283018867924
budget_k3,12,20272940,qaoa,4,0.6666666666666666,M1_surface_unaware M2_aeb_unavailable M4_late_reaction M5_weak_brakes,,0.4245283018867924
budget_k3,12,20272941,random,5,0.8333333333333334,M1_surface_unaware M2_aeb_unavailable M3_no_speed_cap M4_late_reaction M5_weak_brakes,,0.4166666666666667
budget_k3,12,20272941,greedy,5,0.8333333333333334,M1_surface_unaware M2_aeb_unavailable M3_no_speed_cap M4_late_reaction M5_weak_brakes,,0.4166666666666667
budget_k3,12,20272941,exhaustive,5,0.8333333333333334,M1_surface_unaware M2_aeb_unavailable M3_no_speed_cap M4_late_reaction M5_weak_brakes,,0.4166666666666667
budget_k3,12,20272941,sa,5,0.8333333333333334,M1_surface_unaware M2_aeb_unavailable M3_no_speed_cap M4_late_reaction M5_weak_brakes,,0.4166666666666667
budget_k3,12,20272941,ga,5,0.8333333333333334,M1_surface_unaware M2_aeb_unavailable M3_no_speed_cap M4_late_reaction M5_weak_brakes,,0.4166666666666667
budget_k3,12,20272941,qaoa,5,0.8333333333333334,M1_surface_unaware M2_aeb_unavailable M3_no_speed_cap M4_late_reaction M5_weak_brakes,,0.4166666666666667
budget_k3,12,20272942,random,4,0.6666666666666666,M1_surface_unaware M2_aeb_unavailable M3_no_speed_cap M4_late_reaction,,0.3703703703703703
budget_k3,12,20272942,greedy,4,0.6666666666666666,M1_surface_unaware M2_aeb_unavailable M4_late_reaction M5_weak_brakes,,0.4166666666666667
budget_k3,12,20272942,exhaustive,4,0.6666666666666666,M1_surface_unaware M2_aeb_unavailable M3_no_speed_cap M4_late_reaction,,0.4166666666666667
budget_k3,12,20272942,sa,4,0.6666666666666666,M1_surface_unaware M2_aeb_unavailable M3_no_speed_cap M4_late_reaction,,0.4166666666666667
budget_k3,12,20272942,ga,5,0.8333333333333334,M1_surface_unaware M2_aeb_unavailable M3_no_speed_cap M4_late_reaction M5_weak_brakes,,0.4166666666666667
budget_k3,12,20272942,qaoa,4,0.6666666666666666,M1_surface_unaware M2_aeb_unavailable M4_late_reaction M5_weak_brakes,,0.4166666666666667
budget_k3,12,20272943,random,4,0.6666666666666666,M1_surface_unaware M2_aeb_unavailable M4_late_reaction M6_visibility_unaware,,0.3423423423423423
budget_k3,12,20272943,greedy,4,0.6666666666666666,M1_surface_unaware M2_aeb_unavailable M4_late_reaction M5_weak_brakes,,0.4054054054054054
budget_k3,12,20272943,exhaustive,5,0.8333333333333334,M1_surface_unaware M2_aeb_unavailable M4_late_reaction M5_weak_brakes M6_visibility_unaware,,0.4054054054054054
budget_k3,12,20272943,sa,4,0.6666666666666666,M1_surface_unaware M2_aeb_unavailable M4_late_reaction M6_visibility_unaware,,0.4054054054054054
budget_k3,12,20272943,ga,2,0.3333333333333333,M1_surface_unaware M4_late_reaction,,0.4054054054054054
budget_k3,12,20272943,qaoa,5,0.8333333333333334,M1_surface_unaware M2_aeb_unavailable M3_no_speed_cap M4_late_reaction M5_weak_brakes,,0.4054054054054054
budget_k3,12,20272944,random,3,0.5,M1_surface_unaware M3_no_speed_cap M4_late_reaction,,0.3557692307692308
budget_k3,12,20272944,greedy,3,0.5,M1_surface_unaware M3_no_speed_cap M4_late_reaction,,0.4326923076923077
budget_k3,12,20272944,exhaustive,3,0.5,M1_surface_unaware M3_no_speed_cap M4_late_reaction,,0.4326923076923077
budget_k3,12,20272944,sa,3,0.5,M1_surface_unaware M3_no_speed_cap M4_late_reaction,,0.4326923076923077
budget_k3,12,20272944,ga,3,0.5,M1_surface_unaware M3_no_speed_cap M4_late_reaction,,0.4326923076923077
budget_k3,12,20272944,qaoa,3,0.5,M1_surface_unaware M3_no_speed_cap M4_late_reaction,,0.4326923076923077
budget_k3,12,20272945,random,2,0.3333333333333333,M1_surface_unaware M4_late_reaction,,0.3805309734513274
budget_k3,12,20272945,greedy,5,0.8333333333333334,M1_surface_unaware M2_aeb_unavailable M3_no_speed_cap M4_late_reaction M5_weak_brakes,,0.3982300884955752
budget_k3,12,20272945,exhaustive,5,0.8333333333333334,M1_surface_unaware M2_aeb_unavailable M3_no_speed_cap M4_late_reaction M5_weak_brakes,,0.3982300884955752
budget_k3,12,20272945,sa,3,0.5,M1_surface_unaware M3_no_speed_cap M4_late_reaction,,0.3982300884955752
budget_k3,12,20272945,ga,5,0.8333333333333334,M1_surface_unaware M2_aeb_unavailable M3_no_speed_cap M4_late_reaction M5_weak_brakes,,0.3982300884955752
budget_k3,12,20272945,qaoa,5,0.8333333333333334,M1_surface_unaware M2_aeb_unavailable M3_no_speed_cap M4_late_reaction M5_weak_brakes,,0.3982300884955752
budget_k3,12,20272946,random,5,0.8333333333333334,M1_surface_unaware M2_aeb_unavailable M3_no_speed_cap M4_late_reaction M6_visibility_unaware,,0.3673469387755102
budget_k3,12,20272946,greedy,6,1.0,M1_surface_unaware M2_aeb_unavailable M3_no_speed_cap M4_late_reaction M5_weak_brakes M6_visibility_unaware,,0.4387755102040816
budget_k3,12,20272946,exhaustive,6,1.0,M1_surface_unaware M2_aeb_unavailable M3_no_speed_cap M4_late_reaction M5_weak_brakes M6_visibility_unaware,,0.4591836734693877
budget_k3,12,20272946,sa,4,0.6666666666666666,M1_surface_unaware M2_aeb_unavailable M4_late_reaction M5_weak_brakes,,0.4489795918367347
budget_k3,12,20272946,ga,5,0.8333333333333334,M1_surface_unaware M2_aeb_unavailable M3_no_speed_cap M4_late_reaction M5_weak_brakes,,0.4591836734693877
budget_k3,12,20272946,qaoa,6,1.0,M1_surface_unaware M2_aeb_unavailable M3_no_speed_cap M4_late_reaction M5_weak_brakes M6_visibility_unaware,,0.4591836734693877
budget_k3,12,20272947,random,5,0.8333333333333334,M1_surface_unaware M2_aeb_unavailable M3_no_speed_cap M4_late_reaction M5_weak_brakes,,0.4271844660194174
budget_k3,12,20272947,greedy,6,1.0,M1_surface_unaware M2_aeb_unavailable M3_no_speed_cap M4_late_reaction M5_weak_brakes M6_visibility_unaware,,0.4271844660194174
budget_k3,12,20272947,exhaustive,5,0.8333333333333334,M1_surface_unaware M2_aeb_unavailable M3_no_speed_cap M4_late_reaction M5_weak_brakes,,0.4368932038834951
budget_k3,12,20272947,sa,5,0.8333333333333334,M1_surface_unaware M2_aeb_unavailable M3_no_speed_cap M4_late_reaction M5_weak_brakes,,0.4368932038834951
budget_k3,12,20272947,ga,5,0.8333333333333334,M1_surface_unaware M2_aeb_unavailable M3_no_speed_cap M4_late_reaction M5_weak_brakes,,0.4368932038834951
budget_k3,12,20272947,qaoa,5,0.8333333333333334,M1_surface_unaware M2_aeb_unavailable M3_no_speed_cap M4_late_reaction M5_weak_brakes,,0.4368932038834951
budget_k3,12,20272948,random,5,0.8333333333333334,M1_surface_unaware M2_aeb_unavailable M3_no_speed_cap M4_late_reaction M5_weak_brakes,,0.4059405940594059
budget_k3,12,20272948,greedy,5,0.8333333333333334,M1_surface_unaware M2_aeb_unavailable M3_no_speed_cap M4_late_reaction M5_weak_brakes,,0.4455445544554455
budget_k3,12,20272948,exhaustive,5,0.8333333333333334,M1_surface_unaware M2_aeb_unavailable M3_no_speed_cap M4_late_reaction M5_weak_brakes,,0.4455445544554455
budget_k3,12,20272948,sa,5,0.8333333333333334,M1_surface_unaware M2_aeb_unavailable M3_no_speed_cap M4_late_reaction M5_weak_brakes,,0.4455445544554455
budget_k3,12,20272948,ga,5,0.8333333333333334,M1_surface_unaware M2_aeb_unavailable M3_no_speed_cap M4_late_reaction M5_weak_brakes,,0.4455445544554455
budget_k3,12,20272948,qaoa,6,1.0,M1_surface_unaware M2_aeb_unavailable M3_no_speed_cap M4_late_reaction M5_weak_brakes M6_visibility_unaware,,0.4455445544554455
budget_k3,12,20272949,random,6,1.0,M1_surface_unaware M2_aeb_unavailable M3_no_speed_cap M4_late_reaction M5_weak_brakes M6_visibility_unaware,,0.4230769230769231
budget_k3,12,20272949,greedy,6,1.0,M1_surface_unaware M2_aeb_unavailable M3_no_speed_cap M4_late_reaction M5_weak_brakes M6_visibility_unaware,,0.4326923076923077
budget_k3,12,20272949,exhaustive,6,1.0,M1_surface_unaware M2_aeb_unavailable M3_no_speed_cap M4_late_reaction M5_weak_brakes M6_visibility_unaware,,0.4326923076923077
budget_k3,12,20272949,sa,6,1.0,M1_surface_unaware M2_aeb_unavailable M3_no_speed_cap M4_late_reaction M5_weak_brakes M6_visibility_unaware,,0.4326923076923077
budget_k3,12,20272949,ga,6,1.0,M1_surface_unaware M2_aeb_unavailable M3_no_speed_cap M4_late_reaction M5_weak_brakes M6_visibility_unaware,,0.4326923076923077
budget_k3,12,20272949,qaoa,5,0.8333333333333334,M1_surface_unaware M2_aeb_unavailable M3_no_speed_cap M4_late_reaction M5_weak_brakes,,0.4326923076923077
budget_k3,12,20272950,random,4,0.6666666666666666,M1_surface_unaware M2_aeb_unavailable M4_late_reaction M5_weak_brakes,,0.3771929824561403
budget_k3,12,20272950,greedy,5,0.8333333333333334,M1_surface_unaware M2_aeb_unavailable M3_no_speed_cap M4_late_reaction M5_weak_brakes,,0.3859649122807017
budget_k3,12,20272950,exhaustive,3,0.5,M1_surface_unaware M3_no_speed_cap M4_late_reaction,,0.3947368421052631
budget_k3,12,20272950,sa,5,0.8333333333333334,M1_surface_unaware M2_aeb_unavailable M3_no_speed_cap M4_late_reaction M5_weak_brakes,,0.3947368421052631
budget_k3,12,20272950,ga,5,0.8333333333333334,M1_surface_unaware M2_aeb_unavailable M3_no_speed_cap M4_late_reaction M5_weak_brakes,,0.3947368421052631
budget_k3,12,20272950,qaoa,3,0.5,M1_surface_unaware M3_no_speed_cap M4_late_reaction,,0.3947368421052631
budget_k3,12,20272951,random,3,0.5,M1_surface_unaware M3_no_speed_cap M4_late_reaction,,0.4565217391304347
budget_k3,12,20272951,greedy,5,0.8333333333333334,M1_surface_unaware M2_aeb_unavailable M3_no_speed_cap M4_late_reaction M5_weak_brakes,,0.4782608695652174
budget_k3,12,20272951,exhaustive,5,0.8333333333333334,M1_surface_unaware M2_aeb_unavailable M3_no_speed_cap M4_late_reaction M5_weak_brakes,,0.4891304347826087
budget_k3,12,20272951,sa,5,0.8333333333333334,M1_surface_unaware M2_aeb_unavailable M3_no_speed_cap M4_late_reaction M5_weak_brakes,,0.4782608695652174
budget_k3,12,20272951,ga,5,0.8333333333333334,M1_surface_unaware M2_aeb_unavailable M3_no_speed_cap M4_late_reaction M5_weak_brakes,,0.4891304347826087
budget_k3,12,20272951,qaoa,5,0.8333333333333334,M1_surface_unaware M2_aeb_unavailable M3_no_speed_cap M4_late_reaction M5_weak_brakes,,0.4891304347826087
budget_k3,12,20272952,random,5,0.8333333333333334,M1_surface_unaware M2_aeb_unavailable M3_no_speed_cap M4_late_reaction M5_weak_brakes,,0.4
budget_k3,12,20272952,greedy,4,0.6666666666666666,M1_surface_unaware M2_aeb_unavailable M4_late_reaction M5_weak_brakes,,0.4285714285714285
budget_k3,12,20272952,exhaustive,4,0.6666666666666666,M1_surface_unaware M2_aeb_unavailable M4_late_reaction M5_weak_brakes,,0.4285714285714285
budget_k3,12,20272952,sa,5,0.8333333333333334,M1_surface_unaware M2_aeb_unavailable M3_no_speed_cap M4_late_reaction M5_weak_brakes,,0.4285714285714285
budget_k3,12,20272952,ga,5,0.8333333333333334,M1_surface_unaware M2_aeb_unavailable M3_no_speed_cap M4_late_reaction M5_weak_brakes,,0.4285714285714285
budget_k3,12,20272952,qaoa,5,0.8333333333333334,M1_surface_unaware M2_aeb_unavailable M3_no_speed_cap M4_late_reaction M5_weak_brakes,,0.4285714285714285
budget_k3,12,20272953,random,5,0.8333333333333334,M1_surface_unaware M2_aeb_unavailable M3_no_speed_cap M4_late_reaction M5_weak_brakes,,0.3482142857142857
budget_k3,12,20272953,greedy,5,0.8333333333333334,M1_surface_unaware M2_aeb_unavailable M4_late_reaction M5_weak_brakes M6_visibility_unaware,,0.4017857142857143
budget_k3,12,20272953,exhaustive,5,0.8333333333333334,M1_surface_unaware M2_aeb_unavailable M4_late_reaction M5_weak_brakes M6_visibility_unaware,,0.4017857142857143
budget_k3,12,20272953,sa,4,0.6666666666666666,M1_surface_unaware M2_aeb_unavailable M4_late_reaction M5_weak_brakes,,0.4017857142857143
budget_k3,12,20272953,ga,6,1.0,M1_surface_unaware M2_aeb_unavailable M3_no_speed_cap M4_late_reaction M5_weak_brakes M6_visibility_unaware,,0.4017857142857143
budget_k3,12,20272953,qaoa,6,1.0,M1_surface_unaware M2_aeb_unavailable M3_no_speed_cap M4_late_reaction M5_weak_brakes M6_visibility_unaware,,0.4017857142857143
budget_k3,12,20272954,random,5,0.8333333333333334,M1_surface_unaware M2_aeb_unavailable M4_late_reaction M5_weak_brakes M6_visibility_unaware,,0.3153153153153153
budget_k3,12,20272954,greedy,6,1.0,M1_surface_unaware M2_aeb_unavailable M3_no_speed_cap M4_late_reaction M5_weak_brakes M6_visibility_unaware,,0.3963963963963964
budget_k3,12,20272954,exhaustive,4,0.6666666666666666,M1_surface_unaware M2_aeb_unavailable M4_late_reaction M5_weak_brakes,,0.4054054054054054
budget_k3,12,20272954,sa,4,0.6666666666666666,M1_surface_unaware M2_aeb_unavailable M3_no_speed_cap M4_late_reaction,,0.4054054054054054
budget_k3,12,20272954,ga,4,0.6666666666666666,M1_surface_unaware M2_aeb_unavailable M4_late_reaction M5_weak_brakes,,0.4054054054054054
budget_k3,12,20272954,qaoa,5,0.8333333333333334,M1_surface_unaware M2_aeb_unavailable M3_no_speed_cap M4_late_reaction M5_weak_brakes,,0.4054054054054054
budget_k3,12,20272955,random,4,0.6666666666666666,M1_surface_unaware M2_aeb_unavailable M4_late_reaction M5_weak_brakes,,0.3963963963963964
budget_k3,12,20272955,greedy,3,0.5,M1_surface_unaware M2_aeb_unavailable M4_late_reaction,,0.3963963963963964
budget_k3,12,20272955,exhaustive,4,0.6666666666666666,M1_surface_unaware M2_aeb_unavailable M4_late_reaction M5_weak_brakes,,0.4054054054054054
budget_k3,12,20272955,sa,4,0.6666666666666666,M1_surface_unaware M2_aeb_unavailable M4_late_reaction M5_weak_brakes,,0.4054054054054054
budget_k3,12,20272955,ga,5,0.8333333333333334,M1_surface_unaware M2_aeb_unavailable M3_no_speed_cap M4_late_reaction M5_weak_brakes,,0.4054054054054054
budget_k3,12,20272955,qaoa,5,0.8333333333333334,M1_surface_unaware M2_aeb_unavailable M3_no_speed_cap M4_late_reaction M5_weak_brakes,,0.4054054054054054
budget_k3,12,20272956,random,5,0.8333333333333334,M1_surface_unaware M2_aeb_unavailable M3_no_speed_cap M4_late_reaction M5_weak_brakes,,0.4036697247706422
budget_k3,12,20272956,greedy,5,0.8333333333333334,M1_surface_unaware M2_aeb_unavailable M3_no_speed_cap M4_late_reaction M5_weak_brakes,,0.4128440366972477
budget_k3,12,20272956,exhaustive,5,0.8333333333333334,M1_surface_unaware M2_aeb_unavailable M3_no_speed_cap M4_late_reaction M5_weak_brakes,,0.4128440366972477
budget_k3,12,20272956,sa,5,0.8333333333333334,M1_surface_unaware M2_aeb_unavailable M3_no_speed_cap M4_late_reaction M5_weak_brakes,,0.4128440366972477
budget_k3,12,20272956,ga,5,0.8333333333333334,M1_surface_unaware M2_aeb_unavailable M3_no_speed_cap M4_late_reaction M5_weak_brakes,,0.4128440366972477
budget_k3,12,20272956,qaoa,5,0.8333333333333334,M1_surface_unaware M2_aeb_unavailable M3_no_speed_cap M4_late_reaction M5_weak_brakes,,0.4128440366972477
budget_k3,16,20276927,random,4,0.6666666666666666,M1_surface_unaware M2_aeb_unavailable M4_late_reaction M5_weak_brakes,,0.2786885245901639
budget_k3,16,20276927,greedy,3,0.5,M1_surface_unaware M3_no_speed_cap M4_late_reaction,,0.3688524590163934
budget_k3,16,20276927,exhaustive,6,1.0,M1_surface_unaware M2_aeb_unavailable M3_no_speed_cap M4_late_reaction M5_weak_brakes M6_visibility_unaware,,0.3688524590163934
budget_k3,16,20276927,sa,6,1.0,M1_surface_unaware M2_aeb_unavailable M3_no_speed_cap M4_late_reaction M5_weak_brakes M6_visibility_unaware,,0.3688524590163934
budget_k3,16,20276927,ga,6,1.0,M1_surface_unaware M2_aeb_unavailable M3_no_speed_cap M4_late_reaction M5_weak_brakes M6_visibility_unaware,,0.3688524590163934
budget_k3,16,20276927,qaoa,3,0.5,M1_surface_unaware M3_no_speed_cap M4_late_reaction,,0.3688524590163934
budget_k3,16,20276928,random,3,0.5,M1_surface_unaware M2_aeb_unavailable M4_late_reaction,,0.3534482758620689
budget_k3,16,20276928,greedy,6,1.0,M1_surface_unaware M2_aeb_unavailable M3_no_speed_cap M4_late_reaction M5_weak_brakes M6_visibility_unaware,,0.3793103448275862
budget_k3,16,20276928,exhaustive,5,0.8333333333333334,M1_surface_unaware M2_aeb_unavailable M3_no_speed_cap M4_late_reaction M6_visibility_unaware,,0.3879310344827586
budget_k3,16,20276928,sa,4,0.6666666666666666,M1_surface_unaware M2_aeb_unavailable M4_late_reaction M5_weak_brakes,,0.3879310344827586
budget_k3,16,20276928,ga,5,0.8333333333333334,M1_surface_unaware M2_aeb_unavailable M3_no_speed_cap M4_late_reaction M5_weak_brakes,,0.3879310344827586
budget_k3,16,20276928,qaoa,5,0.8333333333333334,M1_surface_unaware M2_aeb_unavailable M3_no_speed_cap M4_late_reaction M5_weak_brakes,,0.3879310344827586
budget_k3,16,20276929,random,5,0.8333333333333334,M1_surface_unaware M2_aeb_unavailable M3_no_speed_cap M4_late_reaction M6_visibility_unaware,,0.3277310924369748
budget_k3,16,20276929,greedy,6,1.0,M1_surface_unaware M2_aeb_unavailable M3_no_speed_cap M4_late_reaction M5_weak_brakes M6_visibility_unaware,,0.3781512605042016
budget_k3,16,20276929,exhaustive,6,1.0,M1_surface_unaware M2_aeb_unavailable M3_no_speed_cap M4_late_reaction M5_weak_brakes M6_visibility_unaware,,0.3781512605042016
budget_k3,16,20276929,sa,5,0.8333333333333334,M1_surface_unaware M2_aeb_unavailable M3_no_speed_cap M4_late_reaction M5_weak_brakes,,0.3781512605042016
budget_k3,16,20276929,ga,5,0.8333333333333334,M1_surface_unaware M2_aeb_unavailable M3_no_speed_cap M4_late_reaction M5_weak_brakes,,0.3781512605042016
budget_k3,16,20276929,qaoa,5,0.8333333333333334,M1_surface_unaware M2_aeb_unavailable M3_no_speed_cap M4_late_reaction M5_weak_brakes,,0.3781512605042016
budget_k3,16,20276930,random,5,0.8333333333333334,M1_surface_unaware M2_aeb_unavailable M3_no_speed_cap M4_late_reaction M5_weak_brakes,,0.375
budget_k3,16,20276930,greedy,6,1.0,M1_surface_unaware M2_aeb_unavailable M3_no_speed_cap M4_late_reaction M5_weak_brakes M6_visibility_unaware,,0.375
budget_k3,16,20276930,exhaustive,5,0.8333333333333334,M1_surface_unaware M2_aeb_unavailable M3_no_speed_cap M4_late_reaction M5_weak_brakes,,0.375
budget_k3,16,20276930,sa,5,0.8333333333333334,M1_surface_unaware M2_aeb_unavailable M3_no_speed_cap M4_late_reaction M5_weak_brakes,,0.375
budget_k3,16,20276930,ga,5,0.8333333333333334,M1_surface_unaware M2_aeb_unavailable M3_no_speed_cap M4_late_reaction M5_weak_brakes,,0.375
budget_k3,16,20276930,qaoa,5,0.8333333333333334,M1_surface_unaware M2_aeb_unavailable M3_no_speed_cap M4_late_reaction M5_weak_brakes,,0.375
budget_k3,16,20276931,random,3,0.5,M1_surface_unaware M2_aeb_unavailable M4_late_reaction,,0.3174603174603174
budget_k3,16,20276931,greedy,4,0.6666666666666666,M1_surface_unaware M2_aeb_unavailable M4_late_reaction M5_weak_brakes,,0.3492063492063492
budget_k3,16,20276931,exhaustive,6,1.0,M1_surface_unaware M2_aeb_unavailable M3_no_speed_cap M4_late_reaction M5_weak_brakes M6_visibility_unaware,,0.3571428571428571
budget_k3,16,20276931,sa,4,0.6666666666666666,M1_surface_unaware M2_aeb_unavailable M3_no_speed_cap M4_late_reaction,,0.3571428571428571
budget_k3,16,20276931,ga,5,0.8333333333333334,M1_surface_unaware M2_aeb_unavailable M3_no_speed_cap M4_late_reaction M5_weak_brakes,,0.3571428571428571
budget_k3,16,20276931,qaoa,5,0.8333333333333334,M1_surface_unaware M2_aeb_unavailable M3_no_speed_cap M4_late_reaction M5_weak_brakes,,0.3571428571428571
budget_k3,16,20276932,random,4,0.6666666666666666,M1_surface_unaware M2_aeb_unavailable M3_no_speed_cap M4_late_reaction,,0.3553719008264462
budget_k3,16,20276932,greedy,5,0.8333333333333334,M1_surface_unaware M2_aeb_unavailable M3_no_speed_cap M4_late_reaction M5_weak_brakes,,0.3636363636363636
budget_k3,16,20276932,exhaustive,5,0.8333333333333334,M1_surface_unaware M2_aeb_unavailable M3_no_speed_cap M4_late_reaction M5_weak_brakes,,0.371900826446281
budget_k3,16,20276932,sa,5,0.8333333333333334,M1_surface_unaware M2_aeb_unavailable M3_no_speed_cap M4_late_reaction M5_weak_brakes,,0.371900826446281
budget_k3,16,20276932,ga,5,0.8333333333333334,M1_surface_unaware M2_aeb_unavailable M3_no_speed_cap M4_late_reaction M5_weak_brakes,,0.371900826446281
budget_k3,16,20276932,qaoa,5,0.8333333333333334,M1_surface_unaware M2_aeb_unavailable M3_no_speed_cap M4_late_reaction M5_weak_brakes,,0.371900826446281
budget_k3,16,20276933,random,4,0.6666666666666666,M1_surface_unaware M3_no_speed_cap M4_late_reaction M6_visibility_unaware,,0.3362068965517241
budget_k3,16,20276933,greedy,3,0.5,M1_surface_unaware M3_no_speed_cap M4_late_reaction,,0.3793103448275862
budget_k3,16,20276933,exhaustive,5,0.8333333333333334,M1_surface_unaware M2_aeb_unavailable M3_no_speed_cap M4_late_reaction M5_weak_brakes,,0.3879310344827586
budget_k3,16,20276933,sa,5,0.8333333333333334,M1_surface_unaware M2_aeb_unavailable M3_no_speed_cap M4_late_reaction M5_weak_brakes,,0.3879310344827586
budget_k3,16,20276933,ga,5,0.8333333333333334,M1_surface_unaware M2_aeb_unavailable M3_no_speed_cap M4_late_reaction M5_weak_brakes,,0.3879310344827586
budget_k3,16,20276933,qaoa,3,0.5,M1_surface_unaware M3_no_speed_cap M4_late_reaction,,0.3879310344827586
budget_k3,16,20276934,random,4,0.6666666666666666,M1_surface_unaware M2_aeb_unavailable M4_late_reaction M5_weak_brakes,,0.3666666666666666
budget_k3,16,20276934,greedy,6,1.0,M1_surface_unaware M2_aeb_unavailable M3_no_speed_cap M4_late_reaction M5_weak_brakes M6_visibility_unaware,,0.375
budget_k3,16,20276934,exhaustive,6,1.0,M1_surface_unaware M2_aeb_unavailable M3_no_speed_cap M4_late_reaction M5_weak_brakes M6_visibility_unaware,,0.375
budget_k3,16,20276934,sa,6,1.0,M1_surface_unaware M2_aeb_unavailable M3_no_speed_cap M4_late_reaction M5_weak_brakes M6_visibility_unaware,,0.375
budget_k3,16,20276934,ga,4,0.6666666666666666,M1_surface_unaware M2_aeb_unavailable M4_late_reaction M5_weak_brakes,,0.375
budget_k3,16,20276934,qaoa,6,1.0,M1_surface_unaware M2_aeb_unavailable M3_no_speed_cap M4_late_reaction M5_weak_brakes M6_visibility_unaware,,0.375
budget_k3,16,20276935,random,5,0.8333333333333334,M1_surface_unaware M2_aeb_unavailable M3_no_speed_cap M4_late_reaction M5_weak_brakes,,0.3206106870229007
budget_k3,16,20276935,greedy,4,0.6666666666666666,M1_surface_unaware M2_aeb_unavailable M3_no_speed_cap M4_late_reaction,,0.3435114503816794
budget_k3,16,20276935,exhaustive,4,0.6666666666666666,M1_surface_unaware M2_aeb_unavailable M3_no_speed_cap M4_late_reaction,,0.3435114503816794
budget_k3,16,20276935,sa,5,0.8333333333333334,M1_surface_unaware M2_aeb_unavailable M3_no_speed_cap M4_late_reaction M5_weak_brakes,,0.3435114503816794
budget_k3,16,20276935,ga,5,0.8333333333333334,M1_surface_unaware M2_aeb_unavailable M3_no_speed_cap M4_late_reaction M5_weak_brakes,,0.3435114503816794
budget_k3,16,20276935,qaoa,5,0.8333333333333334,M1_surface_unaware M2_aeb_unavailable M3_no_speed_cap M4_late_reaction M5_weak_brakes,,0.3435114503816794
budget_k3,16,20276936,random,6,1.0,M1_surface_unaware M2_aeb_unavailable M3_no_speed_cap M4_late_reaction M5_weak_brakes M6_visibility_unaware,,0.2635658914728682
budget_k3,16,20276936,greedy,5,0.8333333333333334,M1_surface_unaware M2_aeb_unavailable M3_no_speed_cap M4_late_reaction M6_visibility_unaware,,0.3488372093023256
budget_k3,16,20276936,exhaustive,5,0.8333333333333334,M1_surface_unaware M2_aeb_unavailable M3_no_speed_cap M4_late_reaction M6_visibility_unaware,,0.3488372093023256
budget_k3,16,20276936,sa,4,0.6666666666666666,M1_surface_unaware M2_aeb_unavailable M4_late_reaction M5_weak_brakes,,0.3488372093023256
budget_k3,16,20276936,ga,5,0.8333333333333334,M1_surface_unaware M2_aeb_unavailable M3_no_speed_cap M4_late_reaction M5_weak_brakes,,0.3488372093023256
budget_k3,16,20276936,qaoa,6,1.0,M1_surface_unaware M2_aeb_unavailable M3_no_speed_cap M4_late_reaction M5_weak_brakes M6_visibility_unaware,,0.3488372093023256
budget_k3,16,20276937,random,6,1.0,M1_surface_unaware M2_aeb_unavailable M3_no_speed_cap M4_late_reaction M5_weak_brakes M6_visibility_unaware,,0.3553719008264462
budget_k3,16,20276937,greedy,5,0.8333333333333334,M1_surface_unaware M2_aeb_unavailable M3_no_speed_cap M4_late_reaction M5_weak_brakes,,0.371900826446281
budget_k3,16,20276937,exhaustive,5,0.8333333333333334,M1_surface_unaware M2_aeb_unavailable M3_no_speed_cap M4_late_reaction M5_weak_brakes,,0.371900826446281
budget_k3,16,20276937,sa,4,0.6666666666666666,M1_surface_unaware M2_aeb_unavailable M4_late_reaction M5_weak_brakes,,0.371900826446281
budget_k3,16,20276937,ga,5,0.8333333333333334,M1_surface_unaware M2_aeb_unavailable M3_no_speed_cap M4_late_reaction M5_weak_brakes,,0.371900826446281
budget_k3,16,20276937,qaoa,5,0.8333333333333334,M1_surface_unaware M2_aeb_unavailable M3_no_speed_cap M4_late_reaction M5_weak_brakes,,0.371900826446281
budget_k3,16,20276938,random,4,0.6666666666666666,M1_surface_unaware M2_aeb_unavailable M4_late_reaction M5_weak_brakes,,0.3548387096774194
budget_k3,16,20276938,greedy,3,0.5,M1_surface_unaware M2_aeb_unavailable M4_late_reaction,,0.3629032258064516
budget_k3,16,20276938,exhaustive,5,0.8333333333333334,M1_surface_unaware M2_aeb_unavailable M3_no_speed_cap M4_late_reaction M5_weak_brakes,,0.3629032258064516
budget_k3,16,20276938,sa,5,0.8333333333333334,M1_surface_unaware M2_aeb_unavailable M3_no_speed_cap M4_late_reaction M5_weak_brakes,,0.3629032258064516
budget_k3,16,20276938,ga,5,0.8333333333333334,M1_surface_unaware M2_aeb_unavailable M3_no_speed_cap M4_late_reaction M5_weak_brakes,,0.3629032258064516
budget_k3,16,20276938,qaoa,5,0.8333333333333334,M1_surface_unaware M2_aeb_unavailable M3_no_speed_cap M4_late_reaction M5_weak_brakes,,0.3629032258064516
budget_k3,16,20276939,random,4,0.6666666666666666,M1_surface_unaware M2_aeb_unavailable M4_late_reaction M5_weak_brakes,,0.314516129032258
budget_k3,16,20276939,greedy,5,0.8333333333333334,M1_surface_unaware M2_aeb_unavailable M3_no_speed_cap M4_late_reaction M5_weak_brakes,,0.3629032258064516
budget_k3,16,20276939,exhaustive,5,0.8333333333333334,M1_surface_unaware M2_aeb_unavailable M3_no_speed_cap M4_late_reaction M5_weak_brakes,,0.3629032258064516
budget_k3,16,20276939,sa,5,0.8333333333333334,M1_surface_unaware M2_aeb_unavailable M3_no_speed_cap M4_late_reaction M5_weak_brakes,,0.3548387096774194
budget_k3,16,20276939,ga,4,0.6666666666666666,M1_surface_unaware M2_aeb_unavailable M4_late_reaction M5_weak_brakes,,0.3629032258064516
budget_k3,16,20276939,qaoa,4,0.6666666666666666,M1_surface_unaware M2_aeb_unavailable M4_late_reaction M5_weak_brakes,,0.3629032258064516
budget_k3,16,20276940,random,5,0.8333333333333334,M1_surface_unaware M2_aeb_unavailable M3_no_speed_cap M4_late_reaction M5_weak_brakes,,0.3359375
budget_k3,16,20276940,greedy,5,0.8333333333333334,M1_surface_unaware M2_aeb_unavailable M3_no_speed_cap M4_late_reaction M5_weak_brakes,,0.3515625
budget_k3,16,20276940,exhaustive,5,0.8333333333333334,M1_surface_unaware M2_aeb_unavailable M3_no_speed_cap M4_late_reaction M5_weak_brakes,,0.3515625
budget_k3,16,20276940,sa,3,0.5,M1_surface_unaware M3_no_speed_cap M4_late_reaction,,0.3515625
budget_k3,16,20276940,ga,5,0.8333333333333334,M1_surface_unaware M2_aeb_unavailable M3_no_speed_cap M4_late_reaction M5_weak_brakes,,0.3515625
budget_k3,16,20276940,qaoa,3,0.5,M1_surface_unaware M3_no_speed_cap M4_late_reaction,,0.3515625
budget_k3,16,20276941,random,5,0.8333333333333334,M1_surface_unaware M2_aeb_unavailable M3_no_speed_cap M4_late_reaction M5_weak_brakes,,0.3492063492063492
budget_k3,16,20276941,greedy,4,0.6666666666666666,M1_surface_unaware M3_no_speed_cap M4_late_reaction M6_visibility_unaware,,0.3492063492063492
budget_k3,16,20276941,exhaustive,6,1.0,M1_surface_unaware M2_aeb_unavailable M3_no_speed_cap M4_late_reaction M5_weak_brakes M6_visibility_unaware,,0.3571428571428571
budget_k3,16,20276941,sa,6,1.0,M1_surface_unaware M2_aeb_unavailable M3_no_speed_cap M4_late_reaction M5_weak_brakes M6_visibility_unaware,,0.3571428571428571
budget_k3,16,20276941,ga,6,1.0,M1_surface_unaware M2_aeb_unavailable M3_no_speed_cap M4_late_reaction M5_weak_brakes M6_visibility_unaware,,0.3571428571428571
budget_k3,16,20276941,qaoa,5,0.8333333333333334,M1_surface_unaware M2_aeb_unavailable M3_no_speed_cap M4_late_reaction M5_weak_brakes,,0.3571428571428571
budget_k3,16,20276942,random,5,0.8333333333333334,M1_surface_unaware M2_aeb_unavailable M3_no_speed_cap M4_late_reaction M5_weak_brakes,,0.361344537815126
budget_k3,16,20276942,greedy,5,0.8333333333333334,M1_surface_unaware M2_aeb_unavailable M3_no_speed_cap M4_late_reaction M6_visibility_unaware,,0.3781512605042016
budget_k3,16,20276942,exhaustive,4,0.6666666666666666,M1_surface_unaware M2_aeb_unavailable M3_no_speed_cap M4_late_reaction,,0.3781512605042016
budget_k3,16,20276942,sa,3,0.5,M1_surface_unaware M3_no_speed_cap M4_late_reaction,,0.3781512605042016
budget_k3,16,20276942,ga,3,0.5,M1_surface_unaware M3_no_speed_cap M4_late_reaction,,0.3781512605042016
budget_k3,16,20276942,qaoa,3,0.5,M1_surface_unaware M3_no_speed_cap M4_late_reaction,,0.3781512605042016
budget_k3,16,20276943,random,3,0.5,M1_surface_unaware M4_late_reaction M6_visibility_unaware,,0.3109243697478991
budget_k3,16,20276943,greedy,6,1.0,M1_surface_unaware M2_aeb_unavailable M3_no_speed_cap M4_late_reaction M5_weak_brakes M6_visibility_unaware,,0.3781512605042016
budget_k3,16,20276943,exhaustive,3,0.5,M1_surface_unaware M3_no_speed_cap M4_late_reaction,,0.3781512605042016
budget_k3,16,20276943,sa,5,0.8333333333333334,M1_surface_unaware M2_aeb_unavailable M3_no_speed_cap M4_late_reaction M5_weak_brakes,,0.3781512605042016
budget_k3,16,20276943,ga,5,0.8333333333333334,M1_surface_unaware M2_aeb_unavailable M3_no_speed_cap M4_late_reaction M5_weak_brakes,,0.3781512605042016
budget_k3,16,20276943,qaoa,4,0.6666666666666666,M1_surface_unaware M3_no_speed_cap M4_late_reaction M6_visibility_unaware,,0.3781512605042016
budget_k3,16,20276944,random,5,0.8333333333333334,M1_surface_unaware M2_aeb_unavailable M3_no_speed_cap M4_late_reaction M5_weak_brakes,,0.3548387096774194
budget_k3,16,20276944,greedy,5,0.8333333333333334,M1_surface_unaware M2_aeb_unavailable M3_no_speed_cap M4_late_reaction M5_weak_brakes,,0.3629032258064516
budget_k3,16,20276944,exhaustive,4,0.6666666666666666,M1_surface_unaware M2_aeb_unavailable M4_late_reaction M5_weak_brakes,,0.3629032258064516
budget_k3,16,20276944,sa,5,0.8333333333333334,M1_surface_unaware M2_aeb_unavailable M3_no_speed_cap M4_late_reaction M5_weak_brakes,,0.3629032258064516
budget_k3,16,20276944,ga,2,0.3333333333333333,M1_surface_unaware M4_late_reaction,,0.3629032258064516
budget_k3,16,20276944,qaoa,5,0.8333333333333334,M1_surface_unaware M2_aeb_unavailable M3_no_speed_cap M4_late_reaction M5_weak_brakes,,0.3629032258064516
budget_k3,16,20276945,random,5,0.8333333333333334,M1_surface_unaware M2_aeb_unavailable M3_no_speed_cap M4_late_reaction M5_weak_brakes,,0.3534482758620689
budget_k3,16,20276945,greedy,5,0.8333333333333334,M1_surface_unaware M2_aeb_unavailable M3_no_speed_cap M4_late_reaction M5_weak_brakes,,0.3879310344827586
budget_k3,16,20276945,exhaustive,5,0.8333333333333334,M1_surface_unaware M2_aeb_unavailable M3_no_speed_cap M4_late_reaction M5_weak_brakes,,0.3879310344827586
budget_k3,16,20276945,sa,5,0.8333333333333334,M1_surface_unaware M2_aeb_unavailable M3_no_speed_cap M4_late_reaction M5_weak_brakes,,0.3879310344827586
budget_k3,16,20276945,ga,4,0.6666666666666666,M1_surface_unaware M2_aeb_unavailable M3_no_speed_cap M4_late_reaction,,0.3879310344827586
budget_k3,16,20276945,qaoa,5,0.8333333333333334,M1_surface_unaware M2_aeb_unavailable M3_no_speed_cap M4_late_reaction M5_weak_brakes,,0.3879310344827586
budget_k3,16,20276946,random,5,0.8333333333333334,M1_surface_unaware M2_aeb_unavailable M3_no_speed_cap M4_late_reaction M5_weak_brakes,,0.3362068965517241
budget_k3,16,20276946,greedy,3,0.5,M1_surface_unaware M2_aeb_unavailable M4_late_reaction,,0.3879310344827586
budget_k3,16,20276946,exhaustive,5,0.8333333333333334,M1_surface_unaware M2_aeb_unavailable M3_no_speed_cap M4_late_reaction M5_weak_brakes,,0.3879310344827586
budget_k3,16,20276946,sa,4,0.6666666666666666,M1_surface_unaware M2_aeb_unavailable M4_late_reaction M5_weak_brakes,,0.3879310344827586
budget_k3,16,20276946,ga,4,0.6666666666666666,M1_surface_unaware M2_aeb_unavailable M4_late_reaction M6_visibility_unaware,,0.3879310344827586
budget_k3,16,20276946,qaoa,5,0.8333333333333334,M1_surface_unaware M2_aeb_unavailable M3_no_speed_cap M4_late_reaction M5_weak_brakes,,0.3879310344827586
budget_k3,16,20276947,random,4,0.6666666666666666,M1_surface_unaware M2_aeb_unavailable M4_late_reaction M5_weak_brakes,,0.2666666666666666
budget_k3,16,20276947,greedy,4,0.6666666666666666,M1_surface_unaware M3_no_speed_cap M4_late_reaction M6_visibility_unaware,,0.3666666666666666
budget_k3,16,20276947,exhaustive,5,0.8333333333333334,M1_surface_unaware M2_aeb_unavailable M3_no_speed_cap M4_late_reaction M5_weak_brakes,,0.375
budget_k3,16,20276947,sa,5,0.8333333333333334,M1_surface_unaware M2_aeb_unavailable M3_no_speed_cap M4_late_reaction M5_weak_brakes,,0.375
budget_k3,16,20276947,ga,3,0.5,M1_surface_unaware M3_no_speed_cap M4_late_reaction,,0.375
budget_k3,16,20276947,qaoa,5,0.8333333333333334,M1_surface_unaware M2_aeb_unavailable M3_no_speed_cap M4_late_reaction M5_weak_brakes,,0.375
budget_k3,16,20276948,random,5,0.8333333333333334,M1_surface_unaware M2_aeb_unavailable M3_no_speed_cap M4_late_reaction M5_weak_brakes,,0.314516129032258
budget_k3,16,20276948,greedy,6,1.0,M1_surface_unaware M2_aeb_unavailable M3_no_speed_cap M4_late_reaction M5_weak_brakes M6_visibility_unaware,,0.3629032258064516
budget_k3,16,20276948,exhaustive,6,1.0,M1_surface_unaware M2_aeb_unavailable M3_no_speed_cap M4_late_reaction M5_weak_brakes M6_visibility_unaware,,0.3629032258064516
budget_k3,16,20276948,sa,6,1.0,M1_surface_unaware M2_aeb_unavailable M3_no_speed_cap M4_late_reaction M5_weak_brakes M6_visibility_unaware,,0.3629032258064516
budget_k3,16,20276948,ga,4,0.6666666666666666,M1_surface_unaware M2_aeb_unavailable M4_late_reaction M5_weak_brakes,,0.3629032258064516
budget_k3,16,20276948,qaoa,5,0.8333333333333334,M1_surface_unaware M2_aeb_unavailable M3_no_speed_cap M4_late_reaction M5_weak_brakes,,0.3629032258064516
budget_k3,16,20276949,random,5,0.8333333333333334,M1_surface_unaware M2_aeb_unavailable M3_no_speed_cap M4_late_reaction M5_weak_brakes,,0.3471074380165289
budget_k3,16,20276949,greedy,6,1.0,M1_surface_unaware M2_aeb_unavailable M3_no_speed_cap M4_late_reaction M5_weak_brakes M6_visibility_unaware,,0.371900826446281
budget_k3,16,20276949,exhaustive,5,0.8333333333333334,M1_surface_unaware M2_aeb_unavailable M3_no_speed_cap M4_late_reaction M5_weak_brakes,,0.371900826446281
budget_k3,16,20276949,sa,5,0.8333333333333334,M1_surface_unaware M2_aeb_unavailable M3_no_speed_cap M4_late_reaction M5_weak_brakes,,0.371900826446281
budget_k3,16,20276949,ga,5,0.8333333333333334,M1_surface_unaware M2_aeb_unavailable M3_no_speed_cap M4_late_reaction M5_weak_brakes,,0.371900826446281
budget_k3,16,20276949,qaoa,5,0.8333333333333334,M1_surface_unaware M2_aeb_unavailable M3_no_speed_cap M4_late_reaction M5_weak_brakes,,0.371900826446281
budget_k3,16,20276950,random,4,0.6666666666666666,M1_surface_unaware M2_aeb_unavailable M3_no_speed_cap M4_late_reaction,,0.3474576271186441
budget_k3,16,20276950,greedy,3,0.5,M1_surface_unaware M3_no_speed_cap M4_late_reaction,,0.3813559322033898
budget_k3,16,20276950,exhaustive,3,0.5,M1_surface_unaware M3_no_speed_cap M4_late_reaction,,0.3813559322033898
budget_k3,16,20276950,sa,3,0.5,M1_surface_unaware M3_no_speed_cap M4_late_reaction,,0.3813559322033898
budget_k3,16,20276950,ga,3,0.5,M1_surface_unaware M3_no_speed_cap M4_late_reaction,,0.3813559322033898
budget_k3,16,20276950,qaoa,3,0.5,M1_surface_unaware M3_no_speed_cap M4_late_reaction,,0.3813559322033898
budget_k3,16,20276951,random,5,0.8333333333333334,M1_surface_unaware M2_aeb_unavailable M3_no_speed_cap M4_late_reaction M5_weak_brakes,,0.3495934959349593
budget_k3,16,20276951,greedy,5,0.8333333333333334,M1_surface_unaware M2_aeb_unavailable M3_no_speed_cap M4_late_reaction M5_weak_brakes,,0.3658536585365853
budget_k3,16,20276951,exhaustive,5,0.8333333333333334,M1_surface_unaware M2_aeb_unavailable M3_no_speed_cap M4_late_reaction M5_weak_brakes,,0.3658536585365853
budget_k3,16,20276951,sa,5,0.8333333333333334,M1_surface_unaware M2_aeb_unavailable M3_no_speed_cap M4_late_reaction M5_weak_brakes,,0.3658536585365853
budget_k3,16,20276951,ga,5,0.8333333333333334,M1_surface_unaware M2_aeb_unavailable M3_no_speed_cap M4_late_reaction M5_weak_brakes,,0.3658536585365853
budget_k3,16,20276951,qaoa,5,0.8333333333333334,M1_surface_unaware M2_aeb_unavailable M3_no_speed_cap M4_late_reaction M5_weak_brakes,,0.3658536585365853
budget_k3,16,20276952,random,4,0.6666666666666666,M1_surface_unaware M2_aeb_unavailable M3_no_speed_cap M4_late_reaction,,0.3928571428571428
budget_k3,16,20276952,greedy,5,0.8333333333333334,M1_surface_unaware M2_aeb_unavailable M3_no_speed_cap M4_late_reaction M6_visibility_unaware,,0.4017857142857143
budget_k3,16,20276952,exhaustive,4,0.6666666666666666,M1_surface_unaware M2_aeb_unavailable M4_late_reaction M5_weak_brakes,,0.4017857142857143
budget_k3,16,20276952,sa,5,0.8333333333333334,M1_surface_unaware M2_aeb_unavailable M3_no_speed_cap M4_late_reaction M5_weak_brakes,,0.4017857142857143
budget_k3,16,20276952,ga,4,0.6666666666666666,M1_surface_unaware M2_aeb_unavailable M3_no_speed_cap M4_late_reaction,,0.4017857142857143
budget_k3,16,20276952,qaoa,4,0.6666666666666666,M1_surface_unaware M3_no_speed_cap M4_late_reaction M6_visibility_unaware,,0.4017857142857143
budget_k3,16,20276953,random,5,0.8333333333333334,M1_surface_unaware M2_aeb_unavailable M3_no_speed_cap M4_late_reaction M5_weak_brakes,,0.3203125
budget_k3,16,20276953,greedy,6,1.0,M1_surface_unaware M2_aeb_unavailable M3_no_speed_cap M4_late_reaction M5_weak_brakes M6_visibility_unaware,,0.3515625
budget_k3,16,20276953,exhaustive,5,0.8333333333333334,M1_surface_unaware M2_aeb_unavailable M3_no_speed_cap M4_late_reaction M5_weak_brakes,,0.3515625
budget_k3,16,20276953,sa,5,0.8333333333333334,M1_surface_unaware M2_aeb_unavailable M3_no_speed_cap M4_late_reaction M5_weak_brakes,,0.3515625
budget_k3,16,20276953,ga,5,0.8333333333333334,M1_surface_unaware M2_aeb_unavailable M3_no_speed_cap M4_late_reaction M5_weak_brakes,,0.3515625
budget_k3,16,20276953,qaoa,6,1.0,M1_surface_unaware M2_aeb_unavailable M3_no_speed_cap M4_late_reaction M5_weak_brakes M6_visibility_unaware,,0.3515625
budget_k3,16,20276954,random,3,0.5,M1_surface_unaware M3_no_speed_cap M4_late_reaction,,0.3304347826086956
budget_k3,16,20276954,greedy,6,1.0,M1_surface_unaware M2_aeb_unavailable M3_no_speed_cap M4_late_reaction M5_weak_brakes M6_visibility_unaware,,0.391304347826087
budget_k3,16,20276954,exhaustive,5,0.8333333333333334,M1_surface_unaware M2_aeb_unavailable M3_no_speed_cap M4_late_reaction M6_visibility_unaware,,0.391304347826087
budget_k3,16,20276954,sa,5,0.8333333333333334,M1_surface_unaware M2_aeb_unavailable M3_no_speed_cap M4_late_reaction M5_weak_brakes,,0.391304347826087
budget_k3,16,20276954,ga,5,0.8333333333333334,M1_surface_unaware M2_aeb_unavailable M3_no_speed_cap M4_late_reaction M5_weak_brakes,,0.391304347826087
budget_k3,16,20276954,qaoa,5,0.8333333333333334,M1_surface_unaware M2_aeb_unavailable M3_no_speed_cap M4_late_reaction M5_weak_brakes,,0.391304347826087
budget_k3,16,20276955,random,5,0.8333333333333334,M1_surface_unaware M2_aeb_unavailable M3_no_speed_cap M4_late_reaction M5_weak_brakes,,0.360655737704918
budget_k3,16,20276955,greedy,5,0.8333333333333334,M1_surface_unaware M2_aeb_unavailable M3_no_speed_cap M4_late_reaction M5_weak_brakes,,0.3688524590163934
budget_k3,16,20276955,exhaustive,5,0.8333333333333334,M1_surface_unaware M2_aeb_unavailable M3_no_speed_cap M4_late_reaction M5_weak_brakes,,0.3688524590163934
budget_k3,16,20276955,sa,5,0.8333333333333334,M1_surface_unaware M2_aeb_unavailable M3_no_speed_cap M4_late_reaction M5_weak_brakes,,0.3688524590163934
budget_k3,16,20276955,ga,6,1.0,M1_surface_unaware M2_aeb_unavailable M3_no_speed_cap M4_late_reaction M5_weak_brakes M6_visibility_unaware,,0.3688524590163934
budget_k3,16,20276955,qaoa,5,0.8333333333333334,M1_surface_unaware M2_aeb_unavailable M3_no_speed_cap M4_late_reaction M5_weak_brakes,,0.3688524590163934
budget_k3,16,20276956,random,4,0.6666666666666666,M2_aeb_unavailable M3_no_speed_cap M4_late_reaction M5_weak_brakes,,0.2941176470588235
budget_k3,16,20276956,greedy,4,0.6666666666666666,M1_surface_unaware M2_aeb_unavailable M4_late_reaction M5_weak_brakes,,0.3781512605042016
budget_k3,16,20276956,exhaustive,4,0.6666666666666666,M1_surface_unaware M2_aeb_unavailable M4_late_reaction M5_weak_brakes,,0.3781512605042016
budget_k3,16,20276956,sa,5,0.8333333333333334,M1_surface_unaware M2_aeb_unavailable M3_no_speed_cap M4_late_reaction M5_weak_brakes,,0.3781512605042016
budget_k3,16,20276956,ga,4,0.6666666666666666,M1_surface_unaware M2_aeb_unavailable M3_no_speed_cap M4_late_reaction,,0.3781512605042016
budget_k3,16,20276956,qaoa,4,0.6666666666666666,M1_surface_unaware M2_aeb_unavailable M4_late_reaction M5_weak_brakes,,0.3781512605042016
budget_k7,12,20272927,random,6,1.0,M1_surface_unaware M2_aeb_unavailable M3_no_speed_cap M4_late_reaction M5_weak_brakes M6_visibility_unaware,,0.7549019607843137
budget_k7,12,20272927,greedy,6,1.0,M1_surface_unaware M2_aeb_unavailable M3_no_speed_cap M4_late_reaction M5_weak_brakes M6_visibility_unaware,,0.8333333333333334
budget_k7,12,20272927,exhaustive,6,1.0,M1_surface_unaware M2_aeb_unavailable M3_no_speed_cap M4_late_reaction M5_weak_brakes M6_visibility_unaware,,0.8529411764705882
budget_k7,12,20272927,sa,6,1.0,M1_surface_unaware M2_aeb_unavailable M3_no_speed_cap M4_late_reaction M5_weak_brakes M6_visibility_unaware,,0.8333333333333334
budget_k7,12,20272927,ga,6,1.0,M1_surface_unaware M2_aeb_unavailable M3_no_speed_cap M4_late_reaction M5_weak_brakes M6_visibility_unaware,,0.8529411764705882
budget_k7,12,20272927,qaoa,6,1.0,M1_surface_unaware M2_aeb_unavailable M3_no_speed_cap M4_late_reaction M5_weak_brakes M6_visibility_unaware,,0.8235294117647058
budget_k7,12,20272928,random,5,0.8333333333333334,M1_surface_unaware M2_aeb_unavailable M3_no_speed_cap M4_late_reaction M5_weak_brakes,,0.7543859649122807
budget_k7,12,20272928,greedy,6,1.0,M1_surface_unaware M2_aeb_unavailable M3_no_speed_cap M4_late_reaction M5_weak_brakes M6_visibility_unaware,,0.7719298245614035
budget_k7,12,20272928,exhaustive,5,0.8333333333333334,M1_surface_unaware M2_aeb_unavailable M3_no_speed_cap M4_late_reaction M5_weak_brakes,,0.7982456140350878
budget_k7,12,20272928,sa,5,0.8333333333333334,M1_surface_unaware M2_aeb_unavailable M3_no_speed_cap M4_late_reaction M5_weak_brakes,,0.7719298245614035
budget_k7,12,20272928,ga,5,0.8333333333333334,M1_surface_unaware M2_aeb_unavailable M3_no_speed_cap M4_late_reaction M5_weak_brakes,,0.7982456140350878
budget_k7,12,20272928,qaoa,5,0.8333333333333334,M1_surface_unaware M2_aeb_unavailable M3_no_speed_cap M4_late_reaction M5_weak_brakes,,0.7982456140350878
budget_k7,12,20272929,random,5,0.8333333333333334,M1_surface_unaware M2_aeb_unavailable M3_no_speed_cap M4_late_reaction M5_weak_brakes,,0.7850467289719626
budget_k7,12,20272929,greedy,6,1.0,M1_surface_unaware M2_aeb_unavailable M3_no_speed_cap M4_late_reaction M5_weak_brakes M6_visibility_unaware,,0.822429906542056
budget_k7,12,20272929,exhaustive,6,1.0,M1_surface_unaware M2_aeb_unavailable M3_no_speed_cap M4_late_reaction M5_weak_brakes M6_visibility_unaware,,0.8317757009345794
budget_k7,12,20272929,sa,6,1.0,M1_surface_unaware M2_aeb_unavailable M3_no_speed_cap M4_late_reaction M5_weak_brakes M6_visibility_unaware,,0.8317757009345794
budget_k7,12,20272929,ga,6,1.0,M1_surface_unaware M2_aeb_unavailable M3_no_speed_cap M4_late_reaction M5_weak_brakes M6_visibility_unaware,,0.8317757009345794
budget_k7,12,20272929,qaoa,6,1.0,M1_surface_unaware M2_aeb_unavailable M3_no_speed_cap M4_late_reaction M5_weak_brakes M6_visibility_unaware,,0.8317757009345794
budget_k7,12,20272930,random,5,0.8333333333333334,M1_surface_unaware M2_aeb_unavailable M3_no_speed_cap M4_late_reaction M5_weak_brakes,,0.7117117117117117
budget_k7,12,20272930,greedy,5,0.8333333333333334,M1_surface_unaware M2_aeb_unavailable M3_no_speed_cap M4_late_reaction M5_weak_brakes,,0.8108108108108109
budget_k7,12,20272930,exhaustive,5,0.8333333333333334,M1_surface_unaware M2_aeb_unavailable M3_no_speed_cap M4_late_reaction M5_weak_brakes,,0.8288288288288288
budget_k7,12,20272930,sa,5,0.8333333333333334,M1_surface_unaware M2_aeb_unavailable M3_no_speed_cap M4_late_reaction M5_weak_brakes,,0.8198198198198198
budget_k7,12,20272930,ga,5,0.8333333333333334,M1_surface_unaware M2_aeb_unavailable M3_no_speed_cap M4_late_reaction M5_weak_brakes,,0.8288288288288288
budget_k7,12,20272930,qaoa,5,0.8333333333333334,M1_surface_unaware M2_aeb_unavailable M3_no_speed_cap M4_late_reaction M5_weak_brakes,,0.8198198198198198
budget_k7,12,20272931,random,4,0.6666666666666666,M1_surface_unaware M2_aeb_unavailable M4_late_reaction M5_weak_brakes,,0.6967213114754098
budget_k7,12,20272931,greedy,5,0.8333333333333334,M1_surface_unaware M2_aeb_unavailable M3_no_speed_cap M4_late_reaction M5_weak_brakes,,0.7622950819672131
budget_k7,12,20272931,exhaustive,5,0.8333333333333334,M1_surface_unaware M2_aeb_unavailable M3_no_speed_cap M4_late_reaction M5_weak_brakes,,0.7622950819672131
budget_k7,12,20272931,sa,5,0.8333333333333334,M1_surface_unaware M2_aeb_unavailable M3_no_speed_cap M4_late_reaction M5_weak_brakes,,0.7622950819672131
budget_k7,12,20272931,ga,5,0.8333333333333334,M1_surface_unaware M2_aeb_unavailable M3_no_speed_cap M4_late_reaction M5_weak_brakes,,0.7622950819672131
budget_k7,12,20272931,qaoa,5,0.8333333333333334,M1_surface_unaware M2_aeb_unavailable M3_no_speed_cap M4_late_reaction M5_weak_brakes,,0.7622950819672131
budget_k7,12,20272932,random,5,0.8333333333333334,M1_surface_unaware M2_aeb_unavailable M3_no_speed_cap M4_late_reaction M5_weak_brakes,,0.7522935779816514
budget_k7,12,20272932,greedy,5,0.8333333333333334,M1_surface_unaware M2_aeb_unavailable M3_no_speed_cap M4_late_reaction M5_weak_brakes,,0.7889908256880734
budget_k7,12,20272932,exhaustive,5,0.8333333333333334,M1_surface_unaware M2_aeb_unavailable M3_no_speed_cap M4_late_reaction M5_weak_brakes,,0.8165137614678899
budget_k7,12,20272932,sa,5,0.8333333333333334,M1_surface_unaware M2_aeb_unavailable M3_no_speed_cap M4_late_reaction M5_weak_brakes,,0.7981651376146789
budget_k7,12,20272932,ga,5,0.8333333333333334,M1_surface_unaware M2_aeb_unavailable M3_no_speed_cap M4_late_reaction M5_weak_brakes,,0.8165137614678899
budget_k7,12,20272932,qaoa,5,0.8333333333333334,M1_surface_unaware M2_aeb_unavailable M3_no_speed_cap M4_late_reaction M5_weak_brakes,,0.8165137614678899
budget_k7,12,20272933,random,5,0.8333333333333334,M1_surface_unaware M2_aeb_unavailable M4_late_reaction M5_weak_brakes M6_visibility_unaware,,0.7821782178217822
budget_k7,12,20272933,greedy,6,1.0,M1_surface_unaware M2_aeb_unavailable M3_no_speed_cap M4_late_reaction M5_weak_brakes M6_visibility_unaware,,0.8316831683168316
budget_k7,12,20272933,exhaustive,5,0.8333333333333334,M1_surface_unaware M2_aeb_unavailable M3_no_speed_cap M4_late_reaction M5_weak_brakes,,0.8514851485148515
budget_k7,12,20272933,sa,5,0.8333333333333334,M1_surface_unaware M2_aeb_unavailable M3_no_speed_cap M4_late_reaction M5_weak_brakes,,0.8514851485148515
budget_k7,12,20272933,ga,5,0.8333333333333334,M1_surface_unaware M2_aeb_unavailable M3_no_speed_cap M4_late_reaction M5_weak_brakes,,0.8514851485148515
budget_k7,12,20272933,qaoa,5,0.8333333333333334,M1_surface_unaware M2_aeb_unavailable M3_no_speed_cap M4_late_reaction M5_weak_brakes,,0.8514851485148515
budget_k7,12,20272934,random,5,0.8333333333333334,M1_surface_unaware M2_aeb_unavailable M3_no_speed_cap M4_late_reaction M5_weak_brakes,,0.7368421052631579
budget_k7,12,20272934,greedy,5,0.8333333333333334,M1_surface_unaware M2_aeb_unavailable M3_no_speed_cap M4_late_reaction M5_weak_brakes,,0.8070175438596491
budget_k7,12,20272934,exhaustive,5,0.8333333333333334,M1_surface_unaware M2_aeb_unavailable M3_no_speed_cap M4_late_reaction M5_weak_brakes,,0.8157894736842105
budget_k7,12,20272934,sa,5,0.8333333333333334,M1_surface_unaware M2_aeb_unavailable M3_no_speed_cap M4_late_reaction M5_weak_brakes,,0.8070175438596491
budget_k7,12,20272934,ga,5,0.8333333333333334,M1_surface_unaware M2_aeb_unavailable M3_no_speed_cap M4_late_reaction M5_weak_brakes,,0.8157894736842105
budget_k7,12,20272934,qaoa,5,0.8333333333333334,M1_surface_unaware M2_aeb_unavailable M3_no_speed_cap M4_late_reaction M5_weak_brakes,,0.8157894736842105
budget_k7,12,20272935,random,6,1.0,M1_surface_unaware M2_aeb_unavailable M3_no_speed_cap M4_late_reaction M5_weak_brakes M6_visibility_unaware,,0.6909090909090909
budget_k7,12,20272935,greedy,6,1.0,M1_surface_unaware M2_aeb_unavailable M3_no_speed_cap M4_late_reaction M5_weak_brakes M6_visibility_unaware,,0.8181818181818182
budget_k7,12,20272935,exhaustive,6,1.0,M1_surface_unaware M2_aeb_unavailable M3_no_speed_cap M4_late_reaction M5_weak_brakes M6_visibility_unaware,,0.8090909090909091
budget_k7,12,20272935,sa,6,1.0,M1_surface_unaware M2_aeb_unavailable M3_no_speed_cap M4_late_reaction M5_weak_brakes M6_visibility_unaware,,0.8090909090909091
budget_k7,12,20272935,ga,6,1.0,M1_surface_unaware M2_aeb_unavailable M3_no_speed_cap M4_late_reaction M5_weak_brakes M6_visibility_unaware,,0.8090909090909091
budget_k7,12,20272935,qaoa,6,1.0,M1_surface_unaware M2_aeb_unavailable M3_no_speed_cap M4_late_reaction M5_weak_brakes M6_visibility_unaware,,0.8090909090909091
budget_k7,12,20272936,random,5,0.8333333333333334,M1_surface_unaware M2_aeb_unavailable M3_no_speed_cap M4_late_reaction M5_weak_brakes,,0.6636363636363637
budget_k7,12,20272936,greedy,5,0.8333333333333334,M1_surface_unaware M2_aeb_unavailable M3_no_speed_cap M4_late_reaction M5_weak_brakes,,0.8272727272727273
budget_k7,12,20272936,exhaustive,5,0.8333333333333334,M1_surface_unaware M2_aeb_unavailable M3_no_speed_cap M4_late_reaction M5_weak_brakes,,0.8272727272727273
budget_k7,12,20272936,sa,5,0.8333333333333334,M1_surface_unaware M2_aeb_unavailable M3_no_speed_cap M4_late_reaction M5_weak_brakes,,0.8272727272727273
budget_k7,12,20272936,ga,5,0.8333333333333334,M1_surface_unaware M2_aeb_unavailable M3_no_speed_cap M4_late_reaction M5_weak_brakes,,0.8272727272727273
budget_k7,12,20272936,qaoa,5,0.8333333333333334,M1_surface_unaware M2_aeb_unavailable M3_no_speed_cap M4_late_reaction M5_weak_brakes,,0.8272727272727273
budget_k7,12,20272937,random,5,0.8333333333333334,M1_surface_unaware M2_aeb_unavailable M3_no_speed_cap M4_late_reaction M5_weak_brakes,,0.6915887850467289
budget_k7,12,20272937,greedy,5,0.8333333333333334,M1_surface_unaware M2_aeb_unavailable M3_no_speed_cap M4_late_reaction M5_weak_brakes,,0.8317757009345794
budget_k7,12,20272937,exhaustive,5,0.8333333333333334,M1_surface_unaware M2_aeb_unavailable M3_no_speed_cap M4_late_reaction M5_weak_brakes,,0.8317757009345794
budget_k7,12,20272937,sa,5,0.8333333333333334,M1_surface_unaware M2_aeb_unavailable M3_no_speed_cap M4_late_reaction M5_weak_brakes,,0.8317757009345794
budget_k7,12,20272937,ga,5,0.8333333333333334,M1_surface_unaware M2_aeb_unavailable M3_no_speed_cap M4_late_reaction M5_weak_brakes,,0.8317757009345794
budget_k7,12,20272937,qaoa,5,0.8333333333333334,M1_surface_unaware M2_aeb_unavailable M3_no_speed_cap M4_late_reaction M5_weak_brakes,,0.8317757009345794
budget_k7,12,20272938,random,6,1.0,M1_surface_unaware M2_aeb_unavailable M3_no_speed_cap M4_late_reaction M5_weak_brakes M6_visibility_unaware,,0.6869565217391305
budget_k7,12,20272938,greedy,6,1.0,M1_surface_unaware M2_aeb_unavailable M3_no_speed_cap M4_late_reaction M5_weak_brakes M6_visibility_unaware,,0.808695652173913
budget_k7,12,20272938,exhaustive,6,1.0,M1_surface_unaware M2_aeb_unavailable M3_no_speed_cap M4_late_reaction M5_weak_brakes M6_visibility_unaware,,0.8173913043478261
budget_k7,12,20272938,sa,6,1.0,M1_surface_unaware M2_aeb_unavailable M3_no_speed_cap M4_late_reaction M5_weak_brakes M6_visibility_unaware,,0.808695652173913
budget_k7,12,20272938,ga,6,1.0,M1_surface_unaware M2_aeb_unavailable M3_no_speed_cap M4_late_reaction M5_weak_brakes M6_visibility_unaware,,0.8173913043478261
budget_k7,12,20272938,qaoa,6,1.0,M1_surface_unaware M2_aeb_unavailable M3_no_speed_cap M4_late_reaction M5_weak_brakes M6_visibility_unaware,,0.8173913043478261
budget_k7,12,20272939,random,6,1.0,M1_surface_unaware M2_aeb_unavailable M3_no_speed_cap M4_late_reaction M5_weak_brakes M6_visibility_unaware,,0.6697247706422018
budget_k7,12,20272939,greedy,6,1.0,M1_surface_unaware M2_aeb_unavailable M3_no_speed_cap M4_late_reaction M5_weak_brakes M6_visibility_unaware,,0.8073394495412844
budget_k7,12,20272939,exhaustive,6,1.0,M1_surface_unaware M2_aeb_unavailable M3_no_speed_cap M4_late_reaction M5_weak_brakes M6_visibility_unaware,,0.8073394495412844
budget_k7,12,20272939,sa,6,1.0,M1_surface_unaware M2_aeb_unavailable M3_no_speed_cap M4_late_reaction M5_weak_brakes M6_visibility_unaware,,0.7981651376146789
budget_k7,12,20272939,ga,6,1.0,M1_surface_unaware M2_aeb_unavailable M3_no_speed_cap M4_late_reaction M5_weak_brakes M6_visibility_unaware,,0.8073394495412844
budget_k7,12,20272939,qaoa,5,0.8333333333333334,M1_surface_unaware M2_aeb_unavailable M3_no_speed_cap M4_late_reaction M5_weak_brakes,,0.7981651376146789
budget_k7,12,20272940,random,6,1.0,M1_surface_unaware M2_aeb_unavailable M3_no_speed_cap M4_late_reaction M5_weak_brakes M6_visibility_unaware,,0.7075471698113207
budget_k7,12,20272940,greedy,6,1.0,M1_surface_unaware M2_aeb_unavailable M3_no_speed_cap M4_late_reaction M5_weak_brakes M6_visibility_unaware,,0.8301886792452831
budget_k7,12,20272940,exhaustive,6,1.0,M1_surface_unaware M2_aeb_unavailable M3_no_speed_cap M4_late_reaction M5_weak_brakes M6_visibility_unaware,,0.839622641509434
budget_k7,12,20272940,sa,6,1.0,M1_surface_unaware M2_aeb_unavailable M3_no_speed_cap M4_late_reaction M5_weak_brakes M6_visibility_unaware,,0.839622641509434
budget_k7,12,20272940,ga,6,1.0,M1_surface_unaware M2_aeb_unavailable M3_no_speed_cap M4_late_reaction M5_weak_brakes M6_visibility_unaware,,0.839622641509434
budget_k7,12,20272940,qaoa,6,1.0,M1_surface_unaware M2_aeb_unavailable M3_no_speed_cap M4_late_reaction M5_weak_brakes M6_visibility_unaware,,0.839622641509434
budget_k7,12,20272941,random,6,1.0,M1_surface_unaware M2_aeb_unavailable M3_no_speed_cap M4_late_reaction M5_weak_brakes M6_visibility_unaware,,0.7037037037037037
budget_k7,12,20272941,greedy,6,1.0,M1_surface_unaware M2_aeb_unavailable M3_no_speed_cap M4_late_reaction M5_weak_brakes M6_visibility_unaware,,0.8425925925925926
budget_k7,12,20272941,exhaustive,6,1.0,M1_surface_unaware M2_aeb_unavailable M3_no_speed_cap M4_late_reaction M5_weak_brakes M6_visibility_unaware,,0.8425925925925926
budget_k7,12,20272941,sa,6,1.0,M1_surface_unaware M2_aeb_unavailable M3_no_speed_cap M4_late_reaction M5_weak_brakes M6_visibility_unaware,,0.8333333333333334
budget_k7,12,20272941,ga,6,1.0,M1_surface_unaware M2_aeb_unavailable M3_no_speed_cap M4_late_reaction M5_weak_brakes M6_visibility_unaware,,0.8425925925925926
budget_k7,12,20272941,qaoa,6,1.0,M1_surface_unaware M2_aeb_unavailable M3_no_speed_cap M4_late_reaction M5_weak_brakes M6_visibility_unaware,,0.8240740740740741
budget_k7,12,20272942,random,4,0.6666666666666666,M1_surface_unaware M2_aeb_unavailable M3_no_speed_cap M4_late_reaction,,0.6666666666666666
budget_k7,12,20272942,greedy,5,0.8333333333333334,M1_surface_unaware M2_aeb_unavailable M3_no_speed_cap M4_late_reaction M5_weak_brakes,,0.8518518518518519
budget_k7,12,20272942,exhaustive,5,0.8333333333333334,M1_surface_unaware M2_aeb_unavailable M3_no_speed_cap M4_late_reaction M5_weak_brakes,,0.8518518518518519
budget_k7,12,20272942,sa,5,0.8333333333333334,M1_surface_unaware M2_aeb_unavailable M3_no_speed_cap M4_late_reaction M5_weak_brakes,,0.8333333333333334
budget_k7,12,20272942,ga,5,0.8333333333333334,M1_surface_unaware M2_aeb_unavailable M3_no_speed_cap M4_late_reaction M5_weak_brakes,,0.8518518518518519
budget_k7,12,20272942,qaoa,5,0.8333333333333334,M1_surface_unaware M2_aeb_unavailable M3_no_speed_cap M4_late_reaction M5_weak_brakes,,0.8518518518518519
budget_k7,12,20272943,random,5,0.8333333333333334,M1_surface_unaware M2_aeb_unavailable M4_late_reaction M5_weak_brakes M6_visibility_unaware,,0.6756756756756757
budget_k7,12,20272943,greedy,5,0.8333333333333334,M1_surface_unaware M2_aeb_unavailable M3_no_speed_cap M4_late_reaction M5_weak_brakes,,0.8018018018018018
budget_k7,12,20272943,exhaustive,5,0.8333333333333334,M1_surface_unaware M2_aeb_unavailable M3_no_speed_cap M4_late_reaction M5_weak_brakes,,0.8018018018018018
budget_k7,12,20272943,sa,5,0.8333333333333334,M1_surface_unaware M2_aeb_unavailable M3_no_speed_cap M4_late_reaction M5_weak_brakes,,0.8018018018018018
budget_k7,12,20272943,ga,5,0.8333333333333334,M1_surface_unaware M2_aeb_unavailable M3_no_speed_cap M4_late_reaction M5_weak_brakes,,0.8018018018018018
budget_k7,12,20272943,qaoa,5,0.8333333333333334,M1_surface_unaware M2_aeb_unavailable M3_no_speed_cap M4_late_reaction M5_weak_brakes,,0.7927927927927928
budget_k7,12,20272944,random,5,0.8333333333333334,M1_surface_unaware M2_aeb_unavailable M3_no_speed_cap M4_late_reaction M5_weak_brakes,,0.7596153846153846
budget_k7,12,20272944,greedy,3,0.5,M1_surface_unaware M3_no_speed_cap M4_late_reaction,,0.8269230769230769
budget_k7,12,20272944,exhaustive,5,0.8333333333333334,M1_surface_unaware M2_aeb_unavailable M3_no_speed_cap M4_late_reaction M5_weak_brakes,,0.8269230769230769
budget_k7,12,20272944,sa,5,0.8333333333333334,M1_surface_unaware M2_aeb_unavailable M3_no_speed_cap M4_late_reaction M5_weak_brakes,,0.8269230769230769
budget_k7,12,20272944,ga,5,0.8333333333333334,M1_surface_unaware M2_aeb_unavailable M3_no_speed_cap M4_late_reaction M5_weak_brakes,,0.8269230769230769
budget_k7,12,20272944,qaoa,5,0.8333333333333334,M1_surface_unaware M2_aeb_unavailable M3_no_speed_cap M4_late_reaction M5_weak_brakes,,0.8269230769230769
budget_k7,12,20272945,random,5,0.8333333333333334,M1_surface_unaware M2_aeb_unavailable M3_no_speed_cap M4_late_reaction M5_weak_brakes,,0.6902654867256637
budget_k7,12,20272945,greedy,5,0.8333333333333334,M1_surface_unaware M2_aeb_unavailable M3_no_speed_cap M4_late_reaction M5_weak_brakes,,0.7876106194690266
budget_k7,12,20272945,exhaustive,5,0.8333333333333334,M1_surface_unaware M2_aeb_unavailable M3_no_speed_cap M4_late_reaction M5_weak_brakes,,0.8230088495575221
budget_k7,12,20272945,sa,5,0.8333333333333334,M1_surface_unaware M2_aeb_unavailable M3_no_speed_cap M4_late_reaction M5_weak_brakes,,0.8053097345132744
budget_k7,12,20272945,ga,5,0.8333333333333334,M1_surface_unaware M2_aeb_unavailable M3_no_speed_cap M4_late_reaction M5_weak_brakes,,0.8230088495575221
budget_k7,12,20272945,qaoa,5,0.8333333333333334,M1_surface_unaware M2_aeb_unavailable M3_no_speed_cap M4_late_reaction M5_weak_brakes,,0.8230088495575221
budget_k7,12,20272946,random,6,1.0,M1_surface_unaware M2_aeb_unavailable M3_no_speed_cap M4_late_reaction M5_weak_brakes M6_visibility_unaware,,0.7551020408163265
budget_k7,12,20272946,greedy,6,1.0,M1_surface_unaware M2_aeb_unavailable M3_no_speed_cap M4_late_reaction M5_weak_brakes M6_visibility_unaware,,0.8673469387755102
budget_k7,12,20272946,exhaustive,6,1.0,M1_surface_unaware M2_aeb_unavailable M3_no_speed_cap M4_late_reaction M5_weak_brakes M6_visibility_unaware,,0.8673469387755102
budget_k7,12,20272946,sa,6,1.0,M1_surface_unaware M2_aeb_unavailable M3_no_speed_cap M4_late_reaction M5_weak_brakes M6_visibility_unaware,,0.8673469387755102
budget_k7,12,20272946,ga,6,1.0,M1_surface_unaware M2_aeb_unavailable M3_no_speed_cap M4_late_reaction M5_weak_brakes M6_visibility_unaware,,0.8673469387755102
budget_k7,12,20272946,qaoa,6,1.0,M1_surface_unaware M2_aeb_unavailable M3_no_speed_cap M4_late_reaction M5_weak_brakes M6_visibility_unaware,,0.8673469387755102
budget_k7,12,20272947,random,6,1.0,M1_surface_unaware M2_aeb_unavailable M3_no_speed_cap M4_late_reaction M5_weak_brakes M6_visibility_unaware,,0.7572815533980582
budget_k7,12,20272947,greedy,6,1.0,M1_surface_unaware M2_aeb_unavailable M3_no_speed_cap M4_late_reaction M5_weak_brakes M6_visibility_unaware,,0.8252427184466019
budget_k7,12,20272947,exhaustive,6,1.0,M1_surface_unaware M2_aeb_unavailable M3_no_speed_cap M4_late_reaction M5_weak_brakes M6_visibility_unaware,,0.8446601941747572
budget_k7,12,20272947,sa,6,1.0,M1_surface_unaware M2_aeb_unavailable M3_no_speed_cap M4_late_reaction M5_weak_brakes M6_visibility_unaware,,0.8349514563106796
budget_k7,12,20272947,ga,6,1.0,M1_surface_unaware M2_aeb_unavailable M3_no_speed_cap M4_late_reaction M5_weak_brakes M6_visibility_unaware,,0.8446601941747572
budget_k7,12,20272947,qaoa,6,1.0,M1_surface_unaware M2_aeb_unavailable M3_no_speed_cap M4_late_reaction M5_weak_brakes M6_visibility_unaware,,0.8446601941747572
budget_k7,12,20272948,random,4,0.6666666666666666,M1_surface_unaware M2_aeb_unavailable M4_late_reaction M5_weak_brakes,,0.7722772277227723
budget_k7,12,20272948,greedy,6,1.0,M1_surface_unaware M2_aeb_unavailable M3_no_speed_cap M4_late_reaction M5_weak_brakes M6_visibility_unaware,,0.8514851485148515
budget_k7,12,20272948,exhaustive,6,1.0,M1_surface_unaware M2_aeb_unavailable M3_no_speed_cap M4_late_reaction M5_weak_brakes M6_visibility_unaware,,0.8712871287128713
budget_k7,12,20272948,sa,6,1.0,M1_surface_unaware M2_aeb_unavailable M3_no_speed_cap M4_late_reaction M5_weak_brakes M6_visibility_unaware,,0.8712871287128713
budget_k7,12,20272948,ga,6,1.0,M1_surface_unaware M2_aeb_unavailable M3_no_speed_cap M4_late_reaction M5_weak_brakes M6_visibility_unaware,,0.8712871287128713
budget_k7,12,20272948,qaoa,6,1.0,M1_surface_unaware M2_aeb_unavailable M3_no_speed_cap M4_late_reaction M5_weak_brakes M6_visibility_unaware,,0.8712871287128713
budget_k7,12,20272949,random,6,1.0,M1_surface_unaware M2_aeb_unavailable M3_no_speed_cap M4_late_reaction M5_weak_brakes M6_visibility_unaware,,0.7403846153846154
budget_k7,12,20272949,greedy,6,1.0,M1_surface_unaware M2_aeb_unavailable M3_no_speed_cap M4_late_reaction M5_weak_brakes M6_visibility_unaware,,0.8076923076923077
budget_k7,12,20272949,exhaustive,6,1.0,M1_surface_unaware M2_aeb_unavailable M3_no_speed_cap M4_late_reaction M5_weak_brakes M6_visibility_unaware,,0.8076923076923077
budget_k7,12,20272949,sa,6,1.0,M1_surface_unaware M2_aeb_unavailable M3_no_speed_cap M4_late_reaction M5_weak_brakes M6_visibility_unaware,,0.8076923076923077
budget_k7,12,20272949,ga,6,1.0,M1_surface_unaware M2_aeb_unavailable M3_no_speed_cap M4_late_reaction M5_weak_brakes M6_visibility_unaware,,0.8173076923076923
budget_k7,12,20272949,qaoa,6,1.0,M1_surface_unaware M2_aeb_unavailable M3_no_speed_cap M4_late_reaction M5_weak_brakes M6_visibility_unaware,,0.8173076923076923
budget_k7,12,20272950,random,5,0.8333333333333334,M1_surface_unaware M2_aeb_unavailable M3_no_speed_cap M4_late_reaction M5_weak_brakes,,0.6491228070175439
budget_k7,12,20272950,greedy,5,0.8333333333333334,M1_surface_unaware M2_aeb_unavailable M3_no_speed_cap M4_late_reaction M5_weak_brakes,,0.7719298245614035
budget_k7,12,20272950,exhaustive,5,0.8333333333333334,M1_surface_unaware M2_aeb_unavailable M3_no_speed_cap M4_late_reaction M5_weak_brakes,,0.8070175438596491
budget_k7,12,20272950,sa,5,0.8333333333333334,M1_surface_unaware M2_aeb_unavailable M3_no_speed_cap M4_late_reaction M5_weak_brakes,,0.7894736842105263
budget_k7,12,20272950,ga,5,0.8333333333333334,M1_surface_unaware M2_aeb_unavailable M3_no_speed_cap M4_late_reaction M5_weak_brakes,,0.8070175438596491
budget_k7,12,20272950,qaoa,5,0.8333333333333334,M1_surface_unaware M2_aeb_unavailable M3_no_speed_cap M4_late_reaction M5_weak_brakes,,0.8070175438596491
budget_k7,12,20272951,random,5,0.8333333333333334,M1_surface_unaware M2_aeb_unavailable M3_no_speed_cap M4_late_reaction M5_weak_brakes,,0.6086956521739131
budget_k7,12,20272951,greedy,5,0.8333333333333334,M1_surface_unaware M2_aeb_unavailable M3_no_speed_cap M4_late_reaction M5_weak_brakes,,0.8913043478260869
budget_k7,12,20272951,exhaustive,5,0.8333333333333334,M1_surface_unaware M2_aeb_unavailable M3_no_speed_cap M4_late_reaction M5_weak_brakes,,0.8913043478260869
budget_k7,12,20272951,sa,5,0.8333333333333334,M1_surface_unaware M2_aeb_unavailable M3_no_speed_cap M4_late_reaction M5_weak_brakes,,0.8913043478260869
budget_k7,12,20272951,ga,5,0.8333333333333334,M1_surface_unaware M2_aeb_unavailable M3_no_speed_cap M4_late_reaction M5_weak_brakes,,0.8913043478260869
budget_k7,12,20272951,qaoa,5,0.8333333333333334,M1_surface_unaware M2_aeb_unavailable M3_no_speed_cap M4_late_reaction M5_weak_brakes,,0.8913043478260869
budget_k7,12,20272952,random,5,0.8333333333333334,M1_surface_unaware M2_aeb_unavailable M3_no_speed_cap M4_late_reaction M5_weak_brakes,,0.7714285714285715
budget_k7,12,20272952,greedy,5,0.8333333333333334,M1_surface_unaware M2_aeb_unavailable M3_no_speed_cap M4_late_reaction M5_weak_brakes,,0.8380952380952381
budget_k7,12,20272952,exhaustive,5,0.8333333333333334,M1_surface_unaware M2_aeb_unavailable M3_no_speed_cap M4_late_reaction M5_weak_brakes,,0.8476190476190476
budget_k7,12,20272952,sa,5,0.8333333333333334,M1_surface_unaware M2_aeb_unavailable M3_no_speed_cap M4_late_reaction M5_weak_brakes,,0.8476190476190476
budget_k7,12,20272952,ga,5,0.8333333333333334,M1_surface_unaware M2_aeb_unavailable M3_no_speed_cap M4_late_reaction M5_weak_brakes,,0.8476190476190476
budget_k7,12,20272952,qaoa,5,0.8333333333333334,M1_surface_unaware M2_aeb_unavailable M3_no_speed_cap M4_late_reaction M5_weak_brakes,,0.8285714285714286
budget_k7,12,20272953,random,5,0.8333333333333334,M1_surface_unaware M2_aeb_unavailable M3_no_speed_cap M4_late_reaction M5_weak_brakes,,0.75
budget_k7,12,20272953,greedy,6,1.0,M1_surface_unaware M2_aeb_unavailable M3_no_speed_cap M4_late_reaction M5_weak_brakes M6_visibility_unaware,,0.8035714285714286
budget_k7,12,20272953,exhaustive,5,0.8333333333333334,M1_surface_unaware M2_aeb_unavailable M3_no_speed_cap M4_late_reaction M5_weak_brakes,,0.8303571428571429
budget_k7,12,20272953,sa,5,0.8333333333333334,M1_surface_unaware M2_aeb_unavailable M3_no_speed_cap M4_late_reaction M5_weak_brakes,,0.8125
budget_k7,12,20272953,ga,5,0.8333333333333334,M1_surface_unaware M2_aeb_unavailable M3_no_speed_cap M4_late_reaction M5_weak_brakes,,0.8303571428571429
budget_k7,12,20272953,qaoa,5,0.8333333333333334,M1_surface_unaware M2_aeb_unavailable M3_no_speed_cap M4_late_reaction M5_weak_brakes,,0.8303571428571429
budget_k7,12,20272954,random,5,0.8333333333333334,M1_surface_unaware M2_aeb_unavailable M3_no_speed_cap M4_late_reaction M5_weak_brakes,,0.7387387387387387
budget_k7,12,20272954,greedy,6,1.0,M1_surface_unaware M2_aeb_unavailable M3_no_speed_cap M4_late_reaction M5_weak_brakes M6_visibility_unaware,,0.8288288288288288
budget_k7,12,20272954,exhaustive,5,0.8333333333333334,M1_surface_unaware M2_aeb_unavailable M3_no_speed_cap M4_late_reaction M5_weak_brakes,,0.8468468468468469
budget_k7,12,20272954,sa,5,0.8333333333333334,M1_surface_unaware M2_aeb_unavailable M3_no_speed_cap M4_late_reaction M5_weak_brakes,,0.8378378378378378
budget_k7,12,20272954,ga,5,0.8333333333333334,M1_surface_unaware M2_aeb_unavailable M3_no_speed_cap M4_late_reaction M5_weak_brakes,,0.8468468468468469
budget_k7,12,20272954,qaoa,5,0.8333333333333334,M1_surface_unaware M2_aeb_unavailable M3_no_speed_cap M4_late_reaction M5_weak_brakes,,0.8468468468468469
budget_k7,12,20272955,random,5,0.8333333333333334,M1_surface_unaware M2_aeb_unavailable M3_no_speed_cap M4_late_reaction M5_weak_brakes,,0.6936936936936937
budget_k7,12,20272955,greedy,5,0.8333333333333334,M1_surface_unaware M2_aeb_unavailable M3_no_speed_cap M4_late_reaction M5_weak_brakes,,0.8108108108108109
budget_k7,12,20272955,exhaustive,5,0.8333333333333334,M1_surface_unaware M2_aeb_unavailable M3_no_speed_cap M4_late_reaction M5_weak_brakes,,0.8018018018018018
budget_k7,12,20272955,sa,5,0.8333333333333334,M1_surface_unaware M2_aeb_unavailable M3_no_speed_cap M4_late_reaction M5_weak_brakes,,0.8108108108108109
budget_k7,12,20272955,ga,5,0.8333333333333334,M1_surface_unaware M2_aeb_unavailable M3_no_speed_cap M4_late_reaction M5_weak_brakes,,0.8108108108108109
budget_k7,12,20272955,qaoa,5,0.8333333333333334,M1_surface_unaware M2_aeb_unavailable M3_no_speed_cap M4_late_reaction M5_weak_brakes,,0.8108108108108109
budget_k7,12,20272956,random,5,0.8333333333333334,M1_surface_unaware M2_aeb_unavailable M3_no_speed_cap M4_late_reaction M5_weak_brakes,,0.7064220183486238
budget_k7,12,20272956,greedy,5,0.8333333333333334,M1_surface_unaware M2_aeb_unavailable M3_no_speed_cap M4_late_reaction M5_weak_brakes,,0.7981651376146789
budget_k7,12,20272956,exhaustive,5,0.8333333333333334,M1_surface_unaware M2_aeb_unavailable M3_no_speed_cap M4_late_reaction M5_weak_brakes,,0.8165137614678899
budget_k7,12,20272956,sa,5,0.8333333333333334,M1_surface_unaware M2_aeb_unavailable M3_no_speed_cap M4_late_reaction M5_weak_brakes,,0.7981651376146789
budget_k7,12,20272956,ga,5,0.8333333333333334,M1_surface_unaware M2_aeb_unavailable M3_no_speed_cap M4_late_reaction M5_weak_brakes,,0.8165137614678899
budget_k7,12,20272956,qaoa,5,0.8333333333333334,M1_surface_unaware M2_aeb_unavailable M3_no_speed_cap M4_late_reaction M5_weak_brakes,,0.8165137614678899
budget_k7,16,20276927,random,6,1.0,M1_surface_unaware M2_aeb_unavailable M3_no_speed_cap M4_late_reaction M5_weak_brakes M6_visibility_unaware,,0.5819672131147541
budget_k7,16,20276927,greedy,5,0.8333333333333334,M1_surface_unaware M2_aeb_unavailable M3_no_speed_cap M4_late_reaction M5_weak_brakes,,0.7540983606557377
budget_k7,16,20276927,exhaustive,5,0.8333333333333334,M1_surface_unaware M2_aeb_unavailable M3_no_speed_cap M4_late_reaction M5_weak_brakes,,0.7540983606557377
budget_k7,16,20276927,sa,6,1.0,M1_surface_unaware M2_aeb_unavailable M3_no_speed_cap M4_late_reaction M5_weak_brakes M6_visibility_unaware,,0.7213114754098361
budget_k7,16,20276927,ga,5,0.8333333333333334,M1_surface_unaware M2_aeb_unavailable M3_no_speed_cap M4_late_reaction M5_weak_brakes,,0.7540983606557377
budget_k7,16,20276927,qaoa,6,1.0,M1_surface_unaware M2_aeb_unavailable M3_no_speed_cap M4_late_reaction M5_weak_brakes M6_visibility_unaware,,0.7213114754098361
budget_k7,16,20276928,random,6,1.0,M1_surface_unaware M2_aeb_unavailable M3_no_speed_cap M4_late_reaction M5_weak_brakes M6_visibility_unaware,,0.646551724137931
budget_k7,16,20276928,greedy,6,1.0,M1_surface_unaware M2_aeb_unavailable M3_no_speed_cap M4_late_reaction M5_weak_brakes M6_visibility_unaware,,0.75
budget_k7,16,20276928,exhaustive,6,1.0,M1_surface_unaware M2_aeb_unavailable M3_no_speed_cap M4_late_reaction M5_weak_brakes M6_visibility_unaware,,0.7931034482758621
budget_k7,16,20276928,sa,5,0.8333333333333334,M1_surface_unaware M2_aeb_unavailable M3_no_speed_cap M4_late_reaction M5_weak_brakes,,0.7586206896551724
budget_k7,16,20276928,ga,5,0.8333333333333334,M1_surface_unaware M2_aeb_unavailable M3_no_speed_cap M4_late_reaction M5_weak_brakes,,0.7844827586206896
budget_k7,16,20276928,qaoa,6,1.0,M1_surface_unaware M2_aeb_unavailable M3_no_speed_cap M4_late_reaction M5_weak_brakes M6_visibility_unaware,,0.7586206896551724
budget_k7,16,20276929,random,5,0.8333333333333334,M1_surface_unaware M2_aeb_unavailable M3_no_speed_cap M4_late_reaction M5_weak_brakes,,0.7310924369747899
budget_k7,16,20276929,greedy,6,1.0,M1_surface_unaware M2_aeb_unavailable M3_no_speed_cap M4_late_reaction M5_weak_brakes M6_visibility_unaware,,0.773109243697479
budget_k7,16,20276929,exhaustive,6,1.0,M1_surface_unaware M2_aeb_unavailable M3_no_speed_cap M4_late_reaction M5_weak_brakes M6_visibility_unaware,,0.773109243697479
budget_k7,16,20276929,sa,6,1.0,M1_surface_unaware M2_aeb_unavailable M3_no_speed_cap M4_late_reaction M5_weak_brakes M6_visibility_unaware,,0.7478991596638656
budget_k7,16,20276929,ga,6,1.0,M1_surface_unaware M2_aeb_unavailable M3_no_speed_cap M4_late_reaction M5_weak_brakes M6_visibility_unaware,,0.7647058823529411
budget_k7,16,20276929,qaoa,6,1.0,M1_surface_unaware M2_aeb_unavailable M3_no_speed_cap M4_late_reaction M5_weak_brakes M6_visibility_unaware,,0.7647058823529411
budget_k7,16,20276930,random,5,0.8333333333333334,M1_surface_unaware M2_aeb_unavailable M3_no_speed_cap M4_late_reaction M5_weak_brakes,,0.6166666666666667
budget_k7,16,20276930,greedy,6,1.0,M1_surface_unaware M2_aeb_unavailable M3_no_speed_cap M4_late_reaction M5_weak_brakes M6_visibility_unaware,,0.7666666666666667
budget_k7,16,20276930,exhaustive,6,1.0,M1_surface_unaware M2_aeb_unavailable M3_no_speed_cap M4_late_reaction M5_weak_brakes M6_visibility_unaware,,0.8
budget_k7,16,20276930,sa,6,1.0,M1_surface_unaware M2_aeb_unavailable M3_no_speed_cap M4_late_reaction M5_weak_brakes M6_visibility_unaware,,0.7666666666666667
budget_k7,16,20276930,ga,6,1.0,M1_surface_unaware M2_aeb_unavailable M3_no_speed_cap M4_late_reaction M5_weak_brakes M6_visibility_unaware,,0.8
budget_k7,16,20276930,qaoa,5,0.8333333333333334,M1_surface_unaware M2_aeb_unavailable M3_no_speed_cap M4_late_reaction M5_weak_brakes,,0.7416666666666667
budget_k7,16,20276931,random,5,0.8333333333333334,M1_surface_unaware M2_aeb_unavailable M3_no_speed_cap M4_late_reaction M5_weak_brakes,,0.6111111111111112
budget_k7,16,20276931,greedy,6,1.0,M1_surface_unaware M2_aeb_unavailable M3_no_speed_cap M4_late_reaction M5_weak_brakes M6_visibility_unaware,,0.7222222222222222
budget_k7,16,20276931,exhaustive,6,1.0,M1_surface_unaware M2_aeb_unavailable M3_no_speed_cap M4_late_reaction M5_weak_brakes M6_visibility_unaware,,0.746031746031746
budget_k7,16,20276931,sa,6,1.0,M1_surface_unaware M2_aeb_unavailable M3_no_speed_cap M4_late_reaction M5_weak_brakes M6_visibility_unaware,,0.746031746031746
budget_k7,16,20276931,ga,6,1.0,M1_surface_unaware M2_aeb_unavailable M3_no_speed_cap M4_late_reaction M5_weak_brakes M6_visibility_unaware,,0.746031746031746
budget_k7,16,20276931,qaoa,6,1.0,M1_surface_unaware M2_aeb_unavailable M3_no_speed_cap M4_late_reaction M5_weak_brakes M6_visibility_unaware,,0.7301587301587301
budget_k7,16,20276932,random,5,0.8333333333333334,M1_surface_unaware M2_aeb_unavailable M3_no_speed_cap M4_late_reaction M5_weak_brakes,,0.6115702479338843
budget_k7,16,20276932,greedy,5,0.8333333333333334,M1_surface_unaware M2_aeb_unavailable M3_no_speed_cap M4_late_reaction M5_weak_brakes,,0.7272727272727273
budget_k7,16,20276932,exhaustive,5,0.8333333333333334,M1_surface_unaware M2_aeb_unavailable M3_no_speed_cap M4_late_reaction M5_weak_brakes,,0.7768595041322314
budget_k7,16,20276932,sa,5,0.8333333333333334,M1_surface_unaware M2_aeb_unavailable M3_no_speed_cap M4_late_reaction M5_weak_brakes,,0.7272727272727273
budget_k7,16,20276932,ga,5,0.8333333333333334,M1_surface_unaware M2_aeb_unavailable M3_no_speed_cap M4_late_reaction M5_weak_brakes,,0.7768595041322314
budget_k7,16,20276932,qaoa,5,0.8333333333333334,M1_surface_unaware M2_aeb_unavailable M3_no_speed_cap M4_late_reaction M5_weak_brakes,,0.7520661157024794
budget_k7,16,20276933,random,6,1.0,M1_surface_unaware M2_aeb_unavailable M3_no_speed_cap M4_late_reaction M5_weak_brakes M6_visibility_unaware,,0.6896551724137931
budget_k7,16,20276933,greedy,6,1.0,M1_surface_unaware M2_aeb_unavailable M3_no_speed_cap M4_late_reaction M5_weak_brakes M6_visibility_unaware,,0.7672413793103449
budget_k7,16,20276933,exhaustive,6,1.0,M1_surface_unaware M2_aeb_unavailable M3_no_speed_cap M4_late_reaction M5_weak_brakes M6_visibility_unaware,,0.7758620689655172
budget_k7,16,20276933,sa,6,1.0,M1_surface_unaware M2_aeb_unavailable M3_no_speed_cap M4_late_reaction M5_weak_brakes M6_visibility_unaware,,0.7672413793103449
budget_k7,16,20276933,ga,6,1.0,M1_surface_unaware M2_aeb_unavailable M3_no_speed_cap M4_late_reaction M5_weak_brakes M6_visibility_unaware,,0.7758620689655172
budget_k7,16,20276933,qaoa,6,1.0,M1_surface_unaware M2_aeb_unavailable M3_no_speed_cap M4_late_reaction M5_weak_brakes M6_visibility_unaware,,0.7586206896551724
budget_k7,16,20276934,random,6,1.0,M1_surface_unaware M2_aeb_unavailable M3_no_speed_cap M4_late_reaction M5_weak_brakes M6_visibility_unaware,,0.6666666666666666
budget_k7,16,20276934,greedy,6,1.0,M1_surface_unaware M2_aeb_unavailable M3_no_speed_cap M4_late_reaction M5_weak_brakes M6_visibility_unaware,,0.7583333333333333
budget_k7,16,20276934,exhaustive,6,1.0,M1_surface_unaware M2_aeb_unavailable M3_no_speed_cap M4_late_reaction M5_weak_brakes M6_visibility_unaware,,0.7916666666666666
budget_k7,16,20276934,sa,5,0.8333333333333334,M1_surface_unaware M2_aeb_unavailable M3_no_speed_cap M4_late_reaction M5_weak_brakes,,0.7666666666666667
budget_k7,16,20276934,ga,6,1.0,M1_surface_unaware M2_aeb_unavailable M3_no_speed_cap M4_late_reaction M5_weak_brakes M6_visibility_unaware,,0.7916666666666666
budget_k7,16,20276934,qaoa,6,1.0,M1_surface_unaware M2_aeb_unavailable M3_no_speed_cap M4_late_reaction M5_weak_brakes M6_visibility_unaware,,0.75
budget_k7,16,20276935,random,5,0.8333333333333334,M1_surface_unaware M2_aeb_unavailable M3_no_speed_cap M4_late_reaction M5_weak_brakes,,0.648854961832061
budget_k7,16,20276935,greedy,5,0.8333333333333334,M1_surface_unaware M2_aeb_unavailable M3_no_speed_cap M4_late_reaction M5_weak_brakes,,0.732824427480916
budget_k7,16,20276935,exhaustive,5,0.8333333333333334,M1_surface_unaware M2_aeb_unavailable M3_no_speed_cap M4_late_reaction M5_weak_brakes,,0.732824427480916
budget_k7,16,20276935,sa,5,0.8333333333333334,M1_surface_unaware M2_aeb_unavailable M3_no_speed_cap M4_late_reaction M5_weak_brakes,,0.7099236641221374
budget_k7,16,20276935,ga,5,0.8333333333333334,M1_surface_unaware M2_aeb_unavailable M3_no_speed_cap M4_late_reaction M5_weak_brakes,,0.732824427480916
budget_k7,16,20276935,qaoa,5,0.8333333333333334,M1_surface_unaware M2_aeb_unavailable M3_no_speed_cap M4_late_reaction M5_weak_brakes,,0.7404580152671756
budget_k7,16,20276936,random,6,1.0,M1_surface_unaware M2_aeb_unavailable M3_no_speed_cap M4_late_reaction M5_weak_brakes M6_visibility_unaware,,0.6511627906976745
budget_k7,16,20276936,greedy,6,1.0,M1_surface_unaware M2_aeb_unavailable M3_no_speed_cap M4_late_reaction M5_weak_brakes M6_visibility_unaware,,0.689922480620155
budget_k7,16,20276936,exhaustive,5,0.8333333333333334,M1_surface_unaware M2_aeb_unavailable M3_no_speed_cap M4_late_reaction M5_weak_brakes,,0.7286821705426356
budget_k7,16,20276936,sa,6,1.0,M1_surface_unaware M2_aeb_unavailable M3_no_speed_cap M4_late_reaction M5_weak_brakes M6_visibility_unaware,,0.7131782945736435
budget_k7,16,20276936,ga,5,0.8333333333333334,M1_surface_unaware M2_aeb_unavailable M3_no_speed_cap M4_late_reaction M5_weak_brakes,,0.7286821705426356
budget_k7,16,20276936,qaoa,6,1.0,M1_surface_unaware M2_aeb_unavailable M3_no_speed_cap M4_late_reaction M5_weak_brakes M6_visibility_unaware,,0.6976744186046512
budget_k7,16,20276937,random,6,1.0,M1_surface_unaware M2_aeb_unavailable M3_no_speed_cap M4_late_reaction M5_weak_brakes M6_visibility_unaware,,0.5950413223140496
budget_k7,16,20276937,greedy,6,1.0,M1_surface_unaware M2_aeb_unavailable M3_no_speed_cap M4_late_reaction M5_weak_brakes M6_visibility_unaware,,0.743801652892562
budget_k7,16,20276937,exhaustive,6,1.0,M1_surface_unaware M2_aeb_unavailable M3_no_speed_cap M4_late_reaction M5_weak_brakes M6_visibility_unaware,,0.768595041322314
budget_k7,16,20276937,sa,5,0.8333333333333334,M1_surface_unaware M2_aeb_unavailable M3_no_speed_cap M4_late_reaction M5_weak_brakes,,0.71900826446281
budget_k7,16,20276937,ga,5,0.8333333333333334,M1_surface_unaware M2_aeb_unavailable M3_no_speed_cap M4_late_reaction M5_weak_brakes,,0.7603305785123967
budget_k7,16,20276937,qaoa,5,0.8333333333333334,M1_surface_unaware M2_aeb_unavailable M3_no_speed_cap M4_late_reaction M5_weak_brakes,,0.7355371900826446
budget_k7,16,20276938,random,5,0.8333333333333334,M1_surface_unaware M2_aeb_unavailable M3_no_speed_cap M4_late_reaction M5_weak_brakes,,0.5967741935483871
budget_k7,16,20276938,greedy,5,0.8333333333333334,M1_surface_unaware M2_aeb_unavailable M3_no_speed_cap M4_late_reaction M5_weak_brakes,,0.7338709677419355
budget_k7,16,20276938,exhaustive,5,0.8333333333333334,M1_surface_unaware M2_aeb_unavailable M3_no_speed_cap M4_late_reaction M5_weak_brakes,,0.7419354838709677
budget_k7,16,20276938,sa,5,0.8333333333333334,M1_surface_unaware M2_aeb_unavailable M3_no_speed_cap M4_late_reaction M5_weak_brakes,,0.7338709677419355
budget_k7,16,20276938,ga,5,0.8333333333333334,M1_surface_unaware M2_aeb_unavailable M3_no_speed_cap M4_late_reaction M5_weak_brakes,,0.7419354838709677
budget_k7,16,20276938,qaoa,5,0.8333333333333334,M1_surface_unaware M2_aeb_unavailable M3_no_speed_cap M4_late_reaction M5_weak_brakes,,0.7258064516129032
budget_k7,16,20276939,random,5,0.8333333333333334,M1_surface_unaware M2_aeb_unavailable M3_no_speed_cap M4_late_reaction M5_weak_brakes,,0.6693548387096774
budget_k7,16,20276939,greedy,5,0.8333333333333334,M1_surface_unaware M2_aeb_unavailable M3_no_speed_cap M4_late_reaction M5_weak_brakes,,0.7419354838709677
budget_k7,16,20276939,exhaustive,5,0.8333333333333334,M1_surface_unaware M2_aeb_unavailable M3_no_speed_cap M4_late_reaction M5_weak_brakes,,0.7580645161290323
budget_k7,16,20276939,sa,5,0.8333333333333334,M1_surface_unaware M2_aeb_unavailable M3_no_speed_cap M4_late_reaction M5_weak_brakes,,0.7338709677419355
budget_k7,16,20276939,ga,5,0.8333333333333334,M1_surface_unaware M2_aeb_unavailable M3_no_speed_cap M4_late_reaction M5_weak_brakes,,0.7580645161290323
budget_k7,16,20276939,qaoa,5,0.8333333333333334,M1_surface_unaware M2_aeb_unavailable M3_no_speed_cap M4_late_reaction M5_weak_brakes,,0.7580645161290323
budget_k7,16,20276940,random,5,0.8333333333333334,M1_surface_unaware M2_aeb_unavailable M3_no_speed_cap M4_late_reaction M5_weak_brakes,,0.640625
budget_k7,16,20276940,greedy,5,0.8333333333333334,M1_surface_unaware M2_aeb_unavailable M3_no_speed_cap M4_late_reaction M5_weak_brakes,,0.7265625
budget_k7,16,20276940,exhaustive,5,0.8333333333333334,M1_surface_unaware M2_aeb_unavailable M3_no_speed_cap M4_late_reaction M5_weak_brakes,,0.75
budget_k7,16,20276940,sa,5,0.8333333333333334,M1_surface_unaware M2_aeb_unavailable M3_no_speed_cap M4_late_reaction M5_weak_brakes,,0.7265625
budget_k7,16,20276940,ga,5,0.8333333333333334,M1_surface_unaware M2_aeb_unavailable M3_no_speed_cap M4_late_reaction M5_weak_brakes,,0.75
budget_k7,16,20276940,qaoa,5,0.8333333333333334,M1_surface_unaware M2_aeb_unavailable M3_no_speed_cap M4_late_reaction M5_weak_brakes,,0.71875
budget_k7,16,20276941,random,6,1.0,M1_surface_unaware M2_aeb_unavailable M3_no_speed_cap M4_late_reaction M5_weak_brakes M6_visibility_unaware,,0.6349206349206349
budget_k7,16,20276941,greedy,6,1.0,M1_surface_unaware M2_aeb_unavailable M3_no_speed_cap M4_late_reaction M5_weak_brakes M6_visibility_unaware,,0.6984126984126984
budget_k7,16,20276941,exhaustive,6,1.0,M1_surface_unaware M2_aeb_unavailable M3_no_speed_cap M4_late_reaction M5_weak_brakes M6_visibility_unaware,,0.7222222222222222
budget_k7,16,20276941,sa,6,1.0,M1_surface_unaware M2_aeb_unavailable M3_no_speed_cap M4_late_reaction M5_weak_brakes M6_visibility_unaware,,0.7142857142857143
budget_k7,16,20276941,ga,6,1.0,M1_surface_unaware M2_aeb_unavailable M3_no_speed_cap M4_late_reaction M5_weak_brakes M6_visibility_unaware,,0.7222222222222222
budget_k7,16,20276941,qaoa,6,1.0,M1_surface_unaware M2_aeb_unavailable M3_no_speed_cap M4_late_reaction M5_weak_brakes M6_visibility_unaware,,0.7142857142857143
budget_k7,16,20276942,random,5,0.8333333333333334,M1_surface_unaware M2_aeb_unavailable M3_no_speed_cap M4_late_reaction M5_weak_brakes,,0.6974789915966386
budget_k7,16,20276942,greedy,5,0.8333333333333334,M1_surface_unaware M2_aeb_unavailable M3_no_speed_cap M4_late_reaction M6_visibility_unaware,,0.7563025210084033
budget_k7,16,20276942,exhaustive,5,0.8333333333333334,M1_surface_unaware M2_aeb_unavailable M3_no_speed_cap M4_late_reaction M6_visibility_unaware,,0.7563025210084033
budget_k7,16,20276942,sa,5,0.8333333333333334,M1_surface_unaware M2_aeb_unavailable M3_no_speed_cap M4_late_reaction M5_weak_brakes,,0.7478991596638656
budget_k7,16,20276942,ga,5,0.8333333333333334,M1_surface_unaware M2_aeb_unavailable M3_no_speed_cap M4_late_reaction M5_weak_brakes,,0.7563025210084033
budget_k7,16,20276942,qaoa,5,0.8333333333333334,M1_surface_unaware M2_aeb_unavailable M3_no_speed_cap M4_late_reaction M5_weak_brakes,,0.7394957983193278
budget_k7,16,20276943,random,4,0.6666666666666666,M1_surface_unaware M3_no_speed_cap M4_late_reaction M6_visibility_unaware,,0.5714285714285714
budget_k7,16,20276943,greedy,6,1.0,M1_surface_unaware M2_aeb_unavailable M3_no_speed_cap M4_late_reaction M5_weak_brakes M6_visibility_unaware,,0.773109243697479
budget_k7,16,20276943,exhaustive,5,0.8333333333333334,M1_surface_unaware M2_aeb_unavailable M3_no_speed_cap M4_late_reaction M5_weak_brakes,,0.7815126050420168
budget_k7,16,20276943,sa,6,1.0,M1_surface_unaware M2_aeb_unavailable M3_no_speed_cap M4_late_reaction M5_weak_brakes M6_visibility_unaware,,0.773109243697479
budget_k7,16,20276943,ga,6,1.0,M1_surface_unaware M2_aeb_unavailable M3_no_speed_cap M4_late_reaction M5_weak_brakes M6_visibility_unaware,,0.773109243697479
budget_k7,16,20276943,qaoa,5,0.8333333333333334,M1_surface_unaware M2_aeb_unavailable M3_no_speed_cap M4_late_reaction M5_weak_brakes,,0.7478991596638656
budget_k7,16,20276944,random,5,0.8333333333333334,M1_surface_unaware M2_aeb_unavailable M3_no_speed_cap M4_late_reaction M5_weak_brakes,,0.7096774193548387
budget_k7,16,20276944,greedy,5,0.8333333333333334,M1_surface_unaware M2_aeb_unavailable M3_no_speed_cap M4_late_reaction M5_weak_brakes,,0.7419354838709677
budget_k7,16,20276944,exhaustive,5,0.8333333333333334,M1_surface_unaware M2_aeb_unavailable M3_no_speed_cap M4_late_reaction M5_weak_brakes,,0.7580645161290323
budget_k7,16,20276944,sa,5,0.8333333333333334,M1_surface_unaware M2_aeb_unavailable M3_no_speed_cap M4_late_reaction M5_weak_brakes,,0.7338709677419355
budget_k7,16,20276944,ga,5,0.8333333333333334,M1_surface_unaware M2_aeb_unavailable M3_no_speed_cap M4_late_reaction M5_weak_brakes,,0.7580645161290323
budget_k7,16,20276944,qaoa,5,0.8333333333333334,M1_surface_unaware M2_aeb_unavailable M3_no_speed_cap M4_late_reaction M5_weak_brakes,,0.7338709677419355
budget_k7,16,20276945,random,5,0.8333333333333334,M1_surface_unaware M2_aeb_unavailable M3_no_speed_cap M4_late_reaction M5_weak_brakes,,0.6810344827586207
budget_k7,16,20276945,greedy,5,0.8333333333333334,M1_surface_unaware M2_aeb_unavailable M3_no_speed_cap M4_late_reaction M5_weak_brakes,,0.7758620689655172
budget_k7,16,20276945,exhaustive,5,0.8333333333333334,M1_surface_unaware M2_aeb_unavailable M3_no_speed_cap M4_late_reaction M5_weak_brakes,,0.8103448275862069
budget_k7,16,20276945,sa,5,0.8333333333333334,M1_surface_unaware M2_aeb_unavailable M3_no_speed_cap M4_late_reaction M5_weak_brakes,,0.7844827586206896
budget_k7,16,20276945,ga,5,0.8333333333333334,M1_surface_unaware M2_aeb_unavailable M3_no_speed_cap M4_late_reaction M5_weak_brakes,,0.8103448275862069
budget_k7,16,20276945,qaoa,5,0.8333333333333334,M1_surface_unaware M2_aeb_unavailable M3_no_speed_cap M4_late_reaction M5_weak_brakes,,0.7844827586206896
budget_k7,16,20276946,random,6,1.0,M1_surface_unaware M2_aeb_unavailable M3_no_speed_cap M4_late_reaction M5_weak_brakes M6_visibility_unaware,,0.6810344827586207
budget_k7,16,20276946,greedy,5,0.8333333333333334,M1_surface_unaware M2_aeb_unavailable M3_no_speed_cap M4_late_reaction M5_weak_brakes,,0.7758620689655172
budget_k7,16,20276946,exhaustive,5,0.8333333333333334,M1_surface_unaware M2_aeb_unavailable M3_no_speed_cap M4_late_reaction M5_weak_brakes,,0.7758620689655172
budget_k7,16,20276946,sa,5,0.8333333333333334,M1_surface_unaware M2_aeb_unavailable M3_no_speed_cap M4_late_reaction M5_weak_brakes,,0.7413793103448276
budget_k7,16,20276946,ga,5,0.8333333333333334,M1_surface_unaware M2_aeb_unavailable M3_no_speed_cap M4_late_reaction M5_weak_brakes,,0.7758620689655172
budget_k7,16,20276946,qaoa,6,1.0,M1_surface_unaware M2_aeb_unavailable M3_no_speed_cap M4_late_reaction M5_weak_brakes M6_visibility_unaware,,0.7672413793103449
budget_k7,16,20276947,random,6,1.0,M1_surface_unaware M2_aeb_unavailable M3_no_speed_cap M4_late_reaction M5_weak_brakes M6_visibility_unaware,,0.6666666666666666
budget_k7,16,20276947,greedy,6,1.0,M1_surface_unaware M2_aeb_unavailable M3_no_speed_cap M4_late_reaction M5_weak_brakes M6_visibility_unaware,,0.7333333333333333
budget_k7,16,20276947,exhaustive,6,1.0,M1_surface_unaware M2_aeb_unavailable M3_no_speed_cap M4_late_reaction M5_weak_brakes M6_visibility_unaware,,0.7583333333333333
budget_k7,16,20276947,sa,6,1.0,M1_surface_unaware M2_aeb_unavailable M3_no_speed_cap M4_late_reaction M5_weak_brakes M6_visibility_unaware,,0.725
budget_k7,16,20276947,ga,6,1.0,M1_surface_unaware M2_aeb_unavailable M3_no_speed_cap M4_late_reaction M5_weak_brakes M6_visibility_unaware,,0.7583333333333333
budget_k7,16,20276947,qaoa,6,1.0,M1_surface_unaware M2_aeb_unavailable M3_no_speed_cap M4_late_reaction M5_weak_brakes M6_visibility_unaware,,0.7416666666666667
budget_k7,16,20276948,random,6,1.0,M1_surface_unaware M2_aeb_unavailable M3_no_speed_cap M4_late_reaction M5_weak_brakes M6_visibility_unaware,,0.5725806451612904
budget_k7,16,20276948,greedy,6,1.0,M1_surface_unaware M2_aeb_unavailable M3_no_speed_cap M4_late_reaction M5_weak_brakes M6_visibility_unaware,,0.7258064516129032
budget_k7,16,20276948,exhaustive,6,1.0,M1_surface_unaware M2_aeb_unavailable M3_no_speed_cap M4_late_reaction M5_weak_brakes M6_visibility_unaware,,0.7419354838709677
budget_k7,16,20276948,sa,6,1.0,M1_surface_unaware M2_aeb_unavailable M3_no_speed_cap M4_late_reaction M5_weak_brakes M6_visibility_unaware,,0.7338709677419355
budget_k7,16,20276948,ga,6,1.0,M1_surface_unaware M2_aeb_unavailable M3_no_speed_cap M4_late_reaction M5_weak_brakes M6_visibility_unaware,,0.7419354838709677
budget_k7,16,20276948,qaoa,6,1.0,M1_surface_unaware M2_aeb_unavailable M3_no_speed_cap M4_late_reaction M5_weak_brakes M6_visibility_unaware,,0.7258064516129032
budget_k7,16,20276949,random,4,0.6666666666666666,M1_surface_unaware M2_aeb_unavailable M4_late_reaction M5_weak_brakes,,0.6363636363636364
budget_k7,16,20276949,greedy,6,1.0,M1_surface_unaware M2_aeb_unavailable M3_no_speed_cap M4_late_reaction M5_weak_brakes M6_visibility_unaware,,0.7768595041322314
budget_k7,16,20276949,exhaustive,6,1.0,M1_surface_unaware M2_aeb_unavailable M3_no_speed_cap M4_late_reaction M5_weak_brakes M6_visibility_unaware,,0.7768595041322314
budget_k7,16,20276949,sa,6,1.0,M1_surface_unaware M2_aeb_unavailable M3_no_speed_cap M4_late_reaction M5_weak_brakes M6_visibility_unaware,,0.7603305785123967
budget_k7,16,20276949,ga,6,1.0,M1_surface_unaware M2_aeb_unavailable M3_no_speed_cap M4_late_reaction M5_weak_brakes M6_visibility_unaware,,0.7768595041322314
budget_k7,16,20276949,qaoa,6,1.0,M1_surface_unaware M2_aeb_unavailable M3_no_speed_cap M4_late_reaction M5_weak_brakes M6_visibility_unaware,,0.768595041322314
budget_k7,16,20276950,random,5,0.8333333333333334,M1_surface_unaware M2_aeb_unavailable M3_no_speed_cap M4_late_reaction M6_visibility_unaware,,0.576271186440678
budget_k7,16,20276950,greedy,4,0.6666666666666666,M1_surface_unaware M2_aeb_unavailable M3_no_speed_cap M4_late_reaction,,0.7711864406779662
budget_k7,16,20276950,exhaustive,5,0.8333333333333334,M1_surface_unaware M2_aeb_unavailable M3_no_speed_cap M4_late_reaction M6_visibility_unaware,,0.7796610169491526
budget_k7,16,20276950,sa,5,0.8333333333333334,M1_surface_unaware M2_aeb_unavailable M3_no_speed_cap M4_late_reaction M6_visibility_unaware,,0.7627118644067796
budget_k7,16,20276950,ga,5,0.8333333333333334,M1_surface_unaware M2_aeb_unavailable M3_no_speed_cap M4_late_reaction M6_visibility_unaware,,0.7796610169491526
budget_k7,16,20276950,qaoa,5,0.8333333333333334,M1_surface_unaware M2_aeb_unavailable M3_no_speed_cap M4_late_reaction M6_visibility_unaware,,0.7796610169491526
budget_k7,16,20276951,random,6,1.0,M1_surface_unaware M2_aeb_unavailable M3_no_speed_cap M4_late_reaction M5_weak_brakes M6_visibility_unaware,,0.6341463414634146
budget_k7,16,20276951,greedy,6,1.0,M1_surface_unaware M2_aeb_unavailable M3_no_speed_cap M4_late_reaction M5_weak_brakes M6_visibility_unaware,,0.7235772357723578
budget_k7,16,20276951,exhaustive,5,0.8333333333333334,M1_surface_unaware M2_aeb_unavailable M3_no_speed_cap M4_late_reaction M5_weak_brakes,,0.7317073170731707
budget_k7,16,20276951,sa,5,0.8333333333333334,M1_surface_unaware M2_aeb_unavailable M3_no_speed_cap M4_late_reaction M5_weak_brakes,,0.7235772357723578
budget_k7,16,20276951,ga,5,0.8333333333333334,M1_surface_unaware M2_aeb_unavailable M3_no_speed_cap M4_late_reaction M5_weak_brakes,,0.7317073170731707
budget_k7,16,20276951,qaoa,5,0.8333333333333334,M1_surface_unaware M2_aeb_unavailable M3_no_speed_cap M4_late_reaction M5_weak_brakes,,0.7073170731707317
budget_k7,16,20276952,random,5,0.8333333333333334,M1_surface_unaware M2_aeb_unavailable M3_no_speed_cap M4_late_reaction M6_visibility_unaware,,0.6607142857142857
budget_k7,16,20276952,greedy,6,1.0,M1_surface_unaware M2_aeb_unavailable M3_no_speed_cap M4_late_reaction M5_weak_brakes M6_visibility_unaware,,0.8125
budget_k7,16,20276952,exhaustive,6,1.0,M1_surface_unaware M2_aeb_unavailable M3_no_speed_cap M4_late_reaction M5_weak_brakes M6_visibility_unaware,,0.8125
budget_k7,16,20276952,sa,6,1.0,M1_surface_unaware M2_aeb_unavailable M3_no_speed_cap M4_late_reaction M5_weak_brakes M6_visibility_unaware,,0.7857142857142857
budget_k7,16,20276952,ga,6,1.0,M1_surface_unaware M2_aeb_unavailable M3_no_speed_cap M4_late_reaction M5_weak_brakes M6_visibility_unaware,,0.8125
budget_k7,16,20276952,qaoa,6,1.0,M1_surface_unaware M2_aeb_unavailable M3_no_speed_cap M4_late_reaction M5_weak_brakes M6_visibility_unaware,,0.7678571428571429
budget_k7,16,20276953,random,5,0.8333333333333334,M1_surface_unaware M2_aeb_unavailable M3_no_speed_cap M4_late_reaction M5_weak_brakes,,0.5390625
budget_k7,16,20276953,greedy,6,1.0,M1_surface_unaware M2_aeb_unavailable M3_no_speed_cap M4_late_reaction M5_weak_brakes M6_visibility_unaware,,0.71875
budget_k7,16,20276953,exhaustive,6,1.0,M1_surface_unaware M2_aeb_unavailable M3_no_speed_cap M4_late_reaction M5_weak_brakes M6_visibility_unaware,,0.734375
budget_k7,16,20276953,sa,6,1.0,M1_surface_unaware M2_aeb_unavailable M3_no_speed_cap M4_late_reaction M5_weak_brakes M6_visibility_unaware,,0.703125
budget_k7,16,20276953,ga,6,1.0,M1_surface_unaware M2_aeb_unavailable M3_no_speed_cap M4_late_reaction M5_weak_brakes M6_visibility_unaware,,0.734375
budget_k7,16,20276953,qaoa,6,1.0,M1_surface_unaware M2_aeb_unavailable M3_no_speed_cap M4_late_reaction M5_weak_brakes M6_visibility_unaware,,0.71875
budget_k7,16,20276954,random,5,0.8333333333333334,M1_surface_unaware M2_aeb_unavailable M3_no_speed_cap M4_late_reaction M5_weak_brakes,,0.6608695652173913
budget_k7,16,20276954,greedy,6,1.0,M1_surface_unaware M2_aeb_unavailable M3_no_speed_cap M4_late_reaction M5_weak_brakes M6_visibility_unaware,,0.782608695652174
budget_k7,16,20276954,exhaustive,6,1.0,M1_surface_unaware M2_aeb_unavailable M3_no_speed_cap M4_late_reaction M5_weak_brakes M6_visibility_unaware,,0.782608695652174
budget_k7,16,20276954,sa,5,0.8333333333333334,M1_surface_unaware M2_aeb_unavailable M3_no_speed_cap M4_late_reaction M5_weak_brakes,,0.7565217391304347
budget_k7,16,20276954,ga,6,1.0,M1_surface_unaware M2_aeb_unavailable M3_no_speed_cap M4_late_reaction M5_weak_brakes M6_visibility_unaware,,0.782608695652174
budget_k7,16,20276954,qaoa,6,1.0,M1_surface_unaware M2_aeb_unavailable M3_no_speed_cap M4_late_reaction M5_weak_brakes M6_visibility_unaware,,0.7739130434782608
budget_k7,16,20276955,random,5,0.8333333333333334,M1_surface_unaware M2_aeb_unavailable M3_no_speed_cap M4_late_reaction M5_weak_brakes,,0.5163934426229508
budget_k7,16,20276955,greedy,6,1.0,M1_surface_unaware M2_aeb_unavailable M3_no_speed_cap M4_late_reaction M5_weak_brakes M6_visibility_unaware,,0.7704918032786885
budget_k7,16,20276955,exhaustive,6,1.0,M1_surface_unaware M2_aeb_unavailable M3_no_speed_cap M4_late_reaction M5_weak_brakes M6_visibility_unaware,,0.7786885245901639
budget_k7,16,20276955,sa,6,1.0,M1_surface_unaware M2_aeb_unavailable M3_no_speed_cap M4_late_reaction M5_weak_brakes M6_visibility_unaware,,0.7377049180327869
budget_k7,16,20276955,ga,6,1.0,M1_surface_unaware M2_aeb_unavailable M3_no_speed_cap M4_late_reaction M5_weak_brakes M6_visibility_unaware,,0.7786885245901639
budget_k7,16,20276955,qaoa,6,1.0,M1_surface_unaware M2_aeb_unavailable M3_no_speed_cap M4_late_reaction M5_weak_brakes M6_visibility_unaware,,0.7459016393442623
budget_k7,16,20276956,random,5,0.8333333333333334,M1_surface_unaware M2_aeb_unavailable M3_no_speed_cap M4_late_reaction M5_weak_brakes,,0.7647058823529411
budget_k7,16,20276956,greedy,5,0.8333333333333334,M1_surface_unaware M2_aeb_unavailable M3_no_speed_cap M4_late_reaction M5_weak_brakes,,0.7815126050420168
budget_k7,16,20276956,exhaustive,5,0.8333333333333334,M1_surface_unaware M2_aeb_unavailable M3_no_speed_cap M4_late_reaction M5_weak_brakes,,0.8067226890756303
budget_k7,16,20276956,sa,5,0.8333333333333334,M1_surface_unaware M2_aeb_unavailable M3_no_speed_cap M4_late_reaction M5_weak_brakes,,0.7983193277310925
budget_k7,16,20276956,ga,5,0.8333333333333334,M1_surface_unaware M2_aeb_unavailable M3_no_speed_cap M4_late_reaction M5_weak_brakes,,0.8067226890756303
budget_k7,16,20276956,qaoa,5,0.8333333333333334,M1_surface_unaware M2_aeb_unavailable M3_no_speed_cap M4_late_reaction M5_weak_brakes,,0.773109243697479
