precipitation,visibility,speed_kmh,gap_m,ratio,variant,collision,min_gap_m,min_ttc_s,ego_kmh
none,clear,40,7.5,0.5,reference,1,-0.009,0.0,40.0
none,clear,40,7.5,0.5,M1_surface_unaware,1,-0.009,0.0,40.0
none,clear,40,7.5,0.5,M2_aeb_unavailable,1,-0.056,0.0,40.0
none,clear,40,7.5,0.5,M3_no_speed_cap,1,-0.009,0.0,40.0
none,clear,40,7.5,0.5,M4_late_reaction,1,-0.009,0.0,40.0
none,clear,40,7.5,0.5,M5_weak_brakes,1,-0.012,0.0,40.0
none,clear,40,7.5,0.5,M6_visibility_unaware,1,-0.009,0.0,40.0
none,clear,40,7.5,0.75,reference,0,0.593,0.456,40.0
none,clear,40,7.5,0.75,M1_surface_unaware,0,0.593,0.456,40.0
none,clear,40,7.5,0.75,M2_aeb_unavailable,1,-0.032,0.0,40.0
none,clear,40,7.5,0.75,M3_no_speed_cap,0,0.593,0.456,40.0
none,clear,40,7.5,0.75,M4_late_reaction,0,0.533,0.414,40.0
none,clear,40,7.5,0.75,M5_weak_brakes,1,-0.008,0.0,40.0
none,clear,40,7.5,0.75,M6_visibility_unaware,0,0.593,0.456,40.0
none,clear,40,10.0,0.5,reference,0,0.876,0.75,40.0
none,clear,40,10.0,0.5,M1_surface_unaware,0,0.876,0.75,40.0
none,clear,40,10.0,0.5,M2_aeb_unavailable,1,-0.056,0.0,40.0
none,clear,40,10.0,0.5,M3_no_speed_cap,0,0.876,0.75,40.0
none,clear,40,10.0,0.5,M4_late_reaction,0,0.872,0.75,40.0
none,clear,40,10.0,0.5,M5_weak_brakes,1,-0.002,0.0,40.0
none,clear,40,10.0,0.5,M6_visibility_unaware,0,0.876,0.75,40.0
none,clear,40,10.0,0.75,reference,0,0.995,0.52,40.0
none,clear,40,10.0,0.75,M1_surface_unaware,0,0.995,0.52,40.0
none,clear,40,10.0,0.75,M2_aeb_unavailable,1,-0.012,0.0,40.0
none,clear,40,10.0,0.75,M3_no_speed_cap,0,0.995,0.52,40.0
none,clear,40,10.0,0.75,M4_late_reaction,0,0.918,0.491,40.0
none,clear,40,10.0,0.75,M5_weak_brakes,1,-0.005,0.0,40.0
none,clear,40,10.0,0.75,M6_visibility_unaware,0,0.995,0.52,40.0
none,clear,40,12.5,0.5,reference,0,1.562,0.809,40.0
none,clear,40,12.5,0.5,M1_surface_unaware,0,1.562,0.809,40.0
none,clear,40,12.5,0.5,M2_aeb_unavailable,1,-0.009,0.0,40.0
none,clear,40,12.5,0.5,M3_no_speed_cap,0,1.562,0.809,40.0
none,clear,40,12.5,0.5,M4_late_reaction,0,1.525,0.787,40.0
none,clear,40,12.5,0.5,M5_weak_brakes,0,0.052,0.129,40.0
none,clear,40,12.5,0.5,M6_visibility_unaware,0,1.562,0.809,40.0
none,clear,40,12.5,0.75,reference,0,2.384,0.864,40.0
none,clear,40,12.5,0.75,M1_surface_unaware,0,2.384,0.864,40.0
none,clear,40,12.5,0.75,M2_aeb_unavailable,0,2.04,0.763,40.0
none,clear,40,12.5,0.75,M3_no_speed_cap,0,2.384,0.864,40.0
none,clear,40,12.5,0.75,M4_late_reaction,0,1.636,0.644,40.0
none,clear,40,12.5,0.75,M5_weak_brakes,1,-0.005,0.0,40.0
none,clear,40,12.5,0.75,M6_visibility_unaware,0,2.384,0.864,40.0
none,clear,40,15.0,0.5,reference,0,2.013,0.815,40.0
none,clear,40,15.0,0.5,M1_surface_unaware,0,2.013,0.815,40.0
none,clear,40,15.0,0.5,M2_aeb_unavailable,1,-0.005,0.0,40.0
none,clear,40,15.0,0.5,M3_no_speed_cap,0,2.013,0.815,40.0
none,clear,40,15.0,0.5,M4_late_reaction,0,2.018,0.817,40.0
none,clear,40,15.0,0.5,M5_weak_brakes,0,0.086,0.166,40.0
none,clear,40,15.0,0.5,M6_visibility_unaware,0,2.013,0.815,40.0
none,clear,40,15.0,0.75,reference,0,4.59,1.388,40.0
none,clear,40,15.0,0.75,M1_surface_unaware,0,4.59,1.388,40.0
none,clear,40,15.0,0.75,M2_aeb_unavailable,0,4.54,1.369,40.0
none,clear,40,15.0,0.75,M3_no_speed_cap,0,4.59,1.388,40.0
none,clear,40,15.0,0.75,M4_late_reaction,0,2.467,0.786,40.0
none,clear,40,15.0,0.75,M5_weak_brakes,0,1.654,0.75,40.0
none,clear,40,15.0,0.75,M6_visibility_unaware,0,4.59,1.388,40.0
none,clear,40,17.5,0.5,reference,0,2.373,0.807,40.0
none,clear,40,17.5,0.5,M1_surface_unaware,0,2.373,0.807,40.0
none,clear,40,17.5,0.5,M2_aeb_unavailable,1,-0.02,0.0,40.0
none,clear,40,17.5,0.5,M3_no_speed_cap,0,2.373,0.807,40.0
none,clear,40,17.5,0.5,M4_late_reaction,0,2.406,0.816,40.0
none,clear,40,17.5,0.5,M5_weak_brakes,1,-0.001,0.0,40.0
none,clear,40,17.5,0.5,M6_visibility_unaware,0,2.373,0.807,40.0
none,clear,40,17.5,0.75,reference,0,7.04,1.973,40.0
none,clear,40,17.5,0.75,M1_surface_unaware,0,7.04,1.973,40.0
none,clear,40,17.5,0.75,M2_aeb_unavailable,0,7.04,1.973,40.0
none,clear,40,17.5,0.75,M3_no_speed_cap,0,7.04,1.973,40.0
none,clear,40,17.5,0.75,M4_late_reaction,0,3.551,0.947,40.0
none,clear,40,17.5,0.75,M5_weak_brakes,0,3.891,1.17,40.0
none,clear,40,17.5,0.75,M6_visibility_unaware,0,7.04,1.973,40.0
none,clear,40,20.0,0.5,reference,0,3.065,0.889,40.0
none,clear,40,20.0,0.5,M1_surface_unaware,0,3.065,0.889,40.0
none,clear,40,20.0,0.5,M2_aeb_unavailable,0,1.629,0.65,40.0
none,clear,40,20.0,0.5,M3_no_speed_cap,0,3.065,0.889,40.0
none,clear,40,20.0,0.5,M4_late_reaction,0,2.769,0.831,40.0
none,clear,40,20.0,0.5,M5_weak_brakes,0,0.135,0.21,40.0
none,clear,40,20.0,0.5,M6_visibility_unaware,0,3.065,0.889,40.0
none,clear,40,20.0,0.75,reference,0,9.54,2.578,40.0
none,clear,40,20.0,0.75,M1_surface_unaware,0,9.54,2.578,40.0
none,clear,40,20.0,0.75,M2_aeb_unavailable,0,9.54,2.578,40.0
none,clear,40,20.0,0.75,M3_no_speed_cap,0,9.54,2.578,40.0
none,clear,40,20.0,0.75,M4_late_reaction,0,4.885,1.122,40.0
none,clear,40,20.0,0.75,M5_weak_brakes,0,6.022,1.55,40.0
none,clear,40,20.0,0.75,M6_visibility_unaware,0,9.54,2.578,40.0
none,clear,40,22.5,0.5,reference,0,4.566,1.11,40.0
none,clear,40,22.5,0.5,M1_surface_unaware,0,4.566,1.11,40.0
none,clear,40,22.5,0.5,M2_aeb_unavailable,0,4.129,1.053,40.0
none,clear,40,22.5,0.5,M3_no_speed_cap,0,4.566,1.11,40.0
none,clear,40,22.5,0.5,M4_late_reaction,0,3.805,0.976,40.0
none,clear,40,22.5,0.5,M5_weak_brakes,0,1.714,0.764,40.0
none,clear,40,22.5,0.5,M6_visibility_unaware,0,4.566,1.11,40.0
none,clear,40,22.5,0.75,reference,0,12.04,3.183,40.0
none,clear,40,22.5,0.75,M1_surface_unaware,0,12.04,3.183,40.0
none,clear,40,22.5,0.75,M2_aeb_unavailable,0,12.04,3.183,40.0
none,clear,40,22.5,0.75,M3_no_speed_cap,0,12.04,3.183,40.0
none,clear,40,22.5,0.75,M4_late_reaction,0,6.69,1.352,40.0
none,clear,40,22.5,0.75,M5_weak_brakes,0,8.522,1.953,40.0
none,clear,40,22.5,0.75,M6_visibility_unaware,0,12.04,3.183,40.0
none,clear,40,25.0,0.5,reference,0,6.701,1.433,40.0
none,clear,40,25.0,0.5,M1_surface_unaware,0,6.701,1.433,40.0
none,clear,40,25.0,0.5,M2_aeb_unavailable,0,6.629,1.426,40.0
none,clear,40,25.0,0.5,M3_no_speed_cap,0,6.701,1.433,40.0
none,clear,40,25.0,0.5,M4_late_reaction,0,4.834,1.099,40.0
none,clear,40,25.0,0.5,M5_weak_brakes,0,3.763,1.143,40.0
none,clear,40,25.0,0.5,M6_visibility_unaware,0,6.701,1.433,40.0
none,clear,40,25.0,0.75,reference,0,14.54,3.787,40.0
none,clear,40,25.0,0.75,M1_surface_unaware,0,14.54,3.787,40.0
none,clear,40,25.0,0.75,M2_aeb_unavailable,0,14.54,3.787,40.0
none,clear,40,25.0,0.75,M3_no_speed_cap,0,14.54,3.787,40.0
none,clear,40,25.0,0.75,M4_late_reaction,0,8.985,1.654,40.0
none,clear,40,25.0,0.75,M5_weak_brakes,0,11.022,2.357,40.0
none,clear,40,25.0,0.75,M6_visibility_unaware,0,14.54,3.787,40.0
none,clear,40,27.5,0.5,reference,0,9.129,1.798,40.0
none,clear,40,27.5,0.5,M1_surface_unaware,0,9.129,1.798,40.0
none,clear,40,27.5,0.5,M2_aeb_unavailable,0,9.129,1.798,40.0
none,clear,40,27.5,0.5,M3_no_speed_cap,0,9.129,1.798,40.0
none,clear,40,27.5,0.5,M4_late_reaction,0,6.062,1.237,40.0
none,clear,40,27.5,0.5,M5_weak_brakes,0,5.821,1.453,40.0
none,clear,40,27.5,0.5,M6_visibility_unaware,0,9.129,1.798,40.0
none,clear,40,27.5,0.75,reference,0,17.04,4.392,40.0
none,clear,40,27.5,0.75,M1_surface_unaware,0,17.04,4.392,40.0
none,clear,40,27.5,0.75,M2_aeb_unavailable,0,17.04,4.392,40.0
none,clear,40,27.5,0.75,M3_no_speed_cap,0,17.04,4.392,40.0
none,clear,40,27.5,0.75,M4_late_reaction,0,11.485,1.969,40.0
none,clear,40,27.5,0.75,M5_weak_brakes,0,13.522,2.759,40.0
none,clear,40,27.5,0.75,M6_visibility_unaware,0,17.04,4.392,40.0
none,clear,40,30.0,0.5,reference,0,11.629,2.169,40.0
none,clear,40,30.0,0.5,M1_surface_unaware,0,11.629,2.169,40.0
none,clear,40,30.0,0.5,M2_aeb_unavailable,0,11.629,2.169,40.0
none,clear,40,30.0,0.5,M3_no_speed_cap,0,11.629,2.169,40.0
none,clear,40,30.0,0.5,M4_late_reaction,0,7.374,1.375,40.0
none,clear,40,30.0,0.5,M5_weak_brakes,0,8.111,1.761,40.0
none,clear,40,30.0,0.5,M6_visibility_unaware,0,11.629,2.169,40.0
none,clear,40,30.0,0.75,reference,0,19.54,4.996,40.0
none,clear,40,30.0,0.75,M1_surface_unaware,0,19.54,4.996,40.0
none,clear,40,30.0,0.75,M2_aeb_unavailable,0,19.54,4.996,40.0
none,clear,40,30.0,0.75,M3_no_speed_cap,0,19.54,4.996,40.0
none,clear,40,30.0,0.75,M4_late_reaction,0,13.985,2.284,40.0
none,clear,40,30.0,0.75,M5_weak_brakes,0,16.022,3.161,40.0
none,clear,40,30.0,0.75,M6_visibility_unaware,0,19.54,4.996,40.0
none,clear,60,7.5,0.5,reference,1,-0.0,0.0,60.0
none,clear,60,7.5,0.5,M1_surface_unaware,1,-0.0,0.0,60.0
none,clear,60,7.5,0.5,M2_aeb_unavailable,1,-0.0,0.0,60.0
none,clear,60,7.5,0.5,M3_no_speed_cap,1,-0.0,0.0,60.0
none,clear,60,7.5,0.5,M4_late_reaction,1,-0.0,0.0,60.0
none,clear,60,7.5,0.5,M5_weak_brakes,1,-0.0,0.0,60.0
none,clear,60,7.5,0.5,M6_visibility_unaware,1,-0.0,0.0,60.0
none,clear,60,7.5,0.75,reference,1,-0.009,0.0,60.0
none,clear,60,7.5,0.75,M1_surface_unaware,1,-0.009,0.0,60.0
none,clear,60,7.5,0.75,M2_aeb_unavailable,1,-0.0,0.0,60.0
none,clear,60,7.5,0.75,M3_no_speed_cap,1,-0.009,0.0,60.0
none,clear,60,7.5,0.75,M4_late_reaction,1,-0.008,0.0,60.0
none,clear,60,7.5,0.75,M5_weak_brakes,1,-0.022,0.0,60.0
none,clear,60,7.5,0.75,M6_visibility_unaware,1,-0.009,0.0,60.0
none,clear,60,10.0,0.5,reference,1,-0.042,0.0,60.0
none,clear,60,10.0,0.5,M1_surface_unaware,1,-0.042,0.0,60.0
none,clear,60,10.0,0.5,M2_aeb_unavailable,1,-0.0,0.0,60.0
none,clear,60,10.0,0.5,M3_no_speed_cap,1,-0.042,0.0,60.0
none,clear,60,10.0,0.5,M4_late_reaction,1,-0.042,0.0,60.0
none,clear,60,10.0,0.5,M5_weak_brakes,1,-0.004,0.0,60.0
none,clear,60,10.0,0.5,M6_visibility_unaware,1,-0.042,0.0,60.0
none,clear,60,10.0,0.75,reference,1,-0.008,0.0,60.0
none,clear,60,10.0,0.75,M1_surface_unaware,1,-0.008,0.0,60.0
none,clear,60,10.0,0.75,M2_aeb_unavailable,1,-0.005,0.0,60.0
none,clear,60,10.0,0.75,M3_no_speed_cap,1,-0.008,0.0,60.0
none,clear,60,10.0,0.75,M4_late_reaction,1,-0.013,0.0,60.0
none,clear,60,10.0,0.75,M5_weak_brakes,1,-0.013,0.0,60.0
none,clear,60,10.0,0.75,M6_visibility_unaware,1,-0.008,0.0,60.0
none,clear,60,12.5,0.5,reference,1,-0.006,0.0,60.0
none,clear,60,12.5,0.5,M1_surface_unaware,1,-0.006,0.0,60.0
none,clear,60,12.5,0.5,M2_aeb_unavailable,1,-0.0,0.0,60.0
none,clear,60,12.5,0.5,M3_no_speed_cap,1,-0.006,0.0,60.0
none,clear,60,12.5,0.5,M4_late_reaction,1,-0.006,0.0,60.0
none,clear,60,12.5,0.5,M5_weak_brakes,1,-0.035,0.0,60.0
none,clear,60,12.5,0.5,M6_visibility_unaware,1,-0.006,0.0,60.0
none,clear,60,12.5,0.75,reference,1,-0.009,0.0,60.0
none,clear,60,12.5,0.75,M1_surface_unaware,1,-0.009,0.0,60.0
none,clear,60,12.5,0.75,M2_aeb_unavailable,1,-0.047,0.0,60.0
none,clear,60,12.5,0.75,M3_no_speed_cap,1,-0.009,0.0,60.0
none,clear,60,12.5,0.75,M4_late_reaction,1,-0.019,0.0,60.0
none,clear,60,12.5,0.75,M5_weak_brakes,1,-0.021,0.0,60.0
none,clear,60,12.5,0.75,M6_visibility_unaware,1,-0.009,0.0,60.0
none,clear,60,15.0,0.5,reference,0,0.536,0.481,60.0
none,clear,60,15.0,0.5,M1_surface_unaware,0,0.536,0.481,60.0
none,clear,60,15.0,0.5,M2_aeb_unavailable,1,-0.0,0.0,60.0
none,clear,60,15.0,0.5,M3_no_speed_cap,0,0.536,0.481,60.0
none,clear,60,15.0,0.5,M4_late_reaction,0,0.447,0.402,60.0
none,clear,60,15.0,0.5,M5_weak_brakes,1,-0.019,0.0,60.0
none,clear,60,15.0,0.5,M6_visibility_unaware,0,0.536,0.481,60.0
none,clear,60,15.0,0.75,reference,1,-0.039,0.0,60.0
none,clear,60,15.0,0.75,M1_surface_unaware,1,-0.039,0.0,60.0
none,clear,60,15.0,0.75,M2_aeb_unavailable,1,-0.046,0.0,60.0
none,clear,60,15.0,0.75,M3_no_speed_cap,1,-0.039,0.0,60.0
none,clear,60,15.0,0.75,M4_late_reaction,1,-0.036,0.0,60.0
none,clear,60,15.0,0.75,M5_weak_brakes,1,-0.064,0.0,60.0
none,clear,60,15.0,0.75,M6_visibility_unaware,1,-0.039,0.0,60.0
none,clear,60,17.5,0.5,reference,0,0.84,0.471,60.0
none,clear,60,17.5,0.5,M1_surface_unaware,0,0.84,0.471,60.0
none,clear,60,17.5,0.5,M2_aeb_unavailable,1,-0.074,0.0,60.0
none,clear,60,17.5,0.5,M3_no_speed_cap,0,0.84,0.471,60.0
none,clear,60,17.5,0.5,M4_late_reaction,0,0.829,0.466,60.0
none,clear,60,17.5,0.5,M5_weak_brakes,1,-0.007,0.0,60.0
none,clear,60,17.5,0.5,M6_visibility_unaware,0,0.84,0.471,60.0
none,clear,60,17.5,0.75,reference,1,-0.01,0.0,60.0
none,clear,60,17.5,0.75,M1_surface_unaware,1,-0.01,0.0,60.0
none,clear,60,17.5,0.75,M2_aeb_unavailable,1,-0.018,0.0,60.0
none,clear,60,17.5,0.75,M3_no_speed_cap,1,-0.01,0.0,60.0
none,clear,60,17.5,0.75,M4_late_reaction,1,-0.035,0.0,60.0
none,clear,60,17.5,0.75,M5_weak_brakes,1,-0.01,0.0,60.0
none,clear,60,17.5,0.75,M6_visibility_unaware,1,-0.01,0.0,60.0
none,clear,60,20.0,0.5,reference,0,0.923,0.472,60.0
none,clear,60,20.0,0.5,M1_surface_unaware,0,0.923,0.472,60.0
none,clear,60,20.0,0.5,M2_aeb_unavailable,1,-0.025,0.0,60.0
none,clear,60,20.0,0.5,M3_no_speed_cap,0,0.923,0.472,60.0
none,clear,60,20.0,0.5,M4_late_reaction,0,0.844,0.451,60.0
none,clear,60,20.0,0.5,M5_weak_brakes,1,-0.026,0.0,60.0
none,clear,60,20.0,0.5,M6_visibility_unaware,0,0.923,0.472,60.0
none,clear,60,20.0,0.75,reference,0,1.978,0.695,60.0
none,clear,60,20.0,0.75,M1_surface_unaware,0,1.978,0.695,60.0
none,clear,60,20.0,0.75,M2_aeb_unavailable,0,1.355,0.592,60.0
none,clear,60,20.0,0.75,M3_no_speed_cap,0,1.978,0.695,60.0
none,clear,60,20.0,0.75,M4_late_reaction,1,-0.035,0.0,60.0
none,clear,60,20.0,0.75,M5_weak_brakes,1,-0.015,0.0,60.0
none,clear,60,20.0,0.75,M6_visibility_unaware,0,1.978,0.695,60.0
none,clear,60,22.5,0.5,reference,0,0.796,0.438,60.0
none,clear,60,22.5,0.5,M1_surface_unaware,0,0.796,0.438,60.0
none,clear,60,22.5,0.5,M2_aeb_unavailable,1,-0.068,0.0,60.0
none,clear,60,22.5,0.5,M3_no_speed_cap,0,0.796,0.438,60.0
none,clear,60,22.5,0.5,M4_late_reaction,0,0.855,0.454,60.0
none,clear,60,22.5,0.5,M5_weak_brakes,1,-0.033,0.0,60.0
none,clear,60,22.5,0.5,M6_visibility_unaware,0,0.796,0.438,60.0
none,clear,60,22.5,0.75,reference,0,4.16,1.094,60.0
none,clear,60,22.5,0.75,M1_surface_unaware,0,4.16,1.094,60.0
none,clear,60,22.5,0.75,M2_aeb_unavailable,0,3.855,1.043,60.0
none,clear,60,22.5,0.75,M3_no_speed_cap,0,4.16,1.094,60.0
none,clear,60,22.5,0.75,M4_late_reaction,1,-0.012,0.0,60.0
none,clear,60,22.5,0.75,M5_weak_brakes,1,-0.037,0.0,60.0
none,clear,60,22.5,0.75,M6_visibility_unaware,0,4.16,1.094,60.0
none,clear,60,25.0,0.5,reference,0,0.677,0.403,60.0
none,clear,60,25.0,0.5,M1_surface_unaware,0,0.677,0.403,60.0
none,clear,60,25.0,0.5,M2_aeb_unavailable,1,-0.054,0.0,60.0
none,clear,60,25.0,0.5,M3_no_speed_cap,0,0.677,0.403,60.0
none,clear,60,25.0,0.5,M4_late_reaction,0,0.546,0.361,60.0
none,clear,60,25.0,0.5,M5_weak_brakes,1,-0.059,0.0,60.0
none,clear,60,25.0,0.5,M6_visibility_unaware,0,0.677,0.403,60.0
none,clear,60,25.0,0.75,reference,0,6.371,1.479,60.0
none,clear,60,25.0,0.75,M1_surface_unaware,0,6.371,1.479,60.0
none,clear,60,25.0,0.75,M2_aeb_unavailable,0,6.355,1.476,60.0
none,clear,60,25.0,0.75,M3_no_speed_cap,0,6.371,1.479,60.0
none,clear,60,25.0,0.75,M4_late_reaction,0,0.387,0.303,60.0
none,clear,60,25.0,0.75,M5_weak_brakes,1,-0.016,0.0,60.0
none,clear,60,25.0,0.75,M6_visibility_unaware,0,6.371,1.479,60.0
none,clear,60,27.5,0.5,reference,0,0.208,0.221,60.0
none,clear,60,27.5,0.5,M1_surface_unaware,0,0.208,0.221,60.0
none,clear,60,27.5,0.5,M2_aeb_unavailable,1,-0.069,0.0,60.0
none,clear,60,27.5,0.5,M3_no_speed_cap,0,0.208,0.221,60.0
none,clear,60,27.5,0.5,M4_late_reaction,0,0.127,0.172,60.0
none,clear,60,27.5,0.5,M5_weak_brakes,1,-0.048,0.0,60.0
none,clear,60,27.5,0.5,M6_visibility_unaware,0,0.208,0.221,60.0
none,clear,60,27.5,0.75,reference,0,8.855,1.908,60.0
none,clear,60,27.5,0.75,M1_surface_unaware,0,8.855,1.908,60.0
none,clear,60,27.5,0.75,M2_aeb_unavailable,0,8.855,1.908,60.0
none,clear,60,27.5,0.75,M3_no_speed_cap,0,8.855,1.908,60.0
none,clear,60,27.5,0.75,M4_late_reaction,0,1.703,0.643,60.0
none,clear,60,27.5,0.75,M5_weak_brakes,0,2.003,0.827,60.0
none,clear,60,27.5,0.75,M6_visibility_unaware,0,8.855,1.908,60.0
none,clear,60,30.0,0.5,reference,0,0.257,0.246,60.0
none,clear,60,30.0,0.5,M1_surface_unaware,0,0.257,0.246,60.0
none,clear,60,30.0,0.5,M2_aeb_unavailable,1,-0.008,0.0,60.0
none,clear,60,30.0,0.5,M3_no_speed_cap,0,0.257,0.246,60.0
none,clear,60,30.0,0.5,M4_late_reaction,1,-0.013,0.0,60.0
none,clear,60,30.0,0.5,M5_weak_brakes,1,-0.047,0.0,60.0
none,clear,60,30.0,0.5,M6_visibility_unaware,0,0.257,0.246,60.0
none,clear,60,30.0,0.75,reference,0,11.355,2.339,60.0
none,clear,60,30.0,0.75,M1_surface_unaware,0,11.355,2.339,60.0
none,clear,60,30.0,0.75,M2_aeb_unavailable,0,11.355,2.339,60.0
none,clear,60,30.0,0.75,M3_no_speed_cap,0,11.355,2.339,60.0
none,clear,60,30.0,0.75,M4_late_reaction,0,3.797,0.965,60.0
none,clear,60,30.0,0.75,M5_weak_brakes,0,4.223,1.213,60.0
none,clear,60,30.0,0.75,M6_visibility_unaware,0,11.355,2.339,60.0
none,clear,70,7.5,0.5,reference,1,-0.061,0.0,60.0
none,clear,70,7.5,0.5,M1_surface_unaware,1,-0.061,0.0,60.0
none,clear,70,7.5,0.5,M2_aeb_unavailable,1,-0.0,0.0,60.0
none,clear,70,7.5,0.5,M3_no_speed_cap,1,-0.083,0.0,70.0
none,clear,70,7.5,0.5,M4_late_reaction,1,-0.061,0.0,60.0
none,clear,70,7.5,0.5,M5_weak_brakes,1,-0.064,0.0,60.0
none,clear,70,7.5,0.5,M6_visibility_unaware,1,-0.061,0.0,60.0
none,clear,70,7.5,0.75,reference,1,-0.013,0.0,60.0
none,clear,70,7.5,0.75,M1_surface_unaware,1,-0.013,0.0,60.0
none,clear,70,7.5,0.75,M2_aeb_unavailable,1,-0.019,0.0,60.0
none,clear,70,7.5,0.75,M3_no_speed_cap,1,-0.004,0.0,70.0
none,clear,70,7.5,0.75,M4_late_reaction,1,-0.013,0.0,60.0
none,clear,70,7.5,0.75,M5_weak_brakes,1,-0.014,0.0,60.0
none,clear,70,7.5,0.75,M6_visibility_unaware,1,-0.013,0.0,60.0
none,clear,70,10.0,0.5,reference,1,-0.007,0.0,60.0
none,clear,70,10.0,0.5,M1_surface_unaware,1,-0.007,0.0,60.0
none,clear,70,10.0,0.5,M2_aeb_unavailable,1,-0.0,0.0,60.0
none,clear,70,10.0,0.5,M3_no_speed_cap,1,-0.014,0.0,70.0
none,clear,70,10.0,0.5,M4_late_reaction,1,-0.007,0.0,60.0
none,clear,70,10.0,0.5,M5_weak_brakes,1,-0.02,0.0,60.0
none,clear,70,10.0,0.5,M6_visibility_unaware,1,-0.007,0.0,60.0
none,clear,70,10.0,0.75,reference,1,-0.007,0.0,60.0
none,clear,70,10.0,0.75,M1_surface_unaware,1,-0.007,0.0,60.0
none,clear,70,10.0,0.75,M2_aeb_unavailable,1,-0.018,0.0,60.0
none,clear,70,10.0,0.75,M3_no_speed_cap,1,-0.012,0.0,70.0
none,clear,70,10.0,0.75,M4_late_reaction,1,-0.004,0.0,60.0
none,clear,70,10.0,0.75,M5_weak_brakes,1,-0.043,0.0,60.0
none,clear,70,10.0,0.75,M6_visibility_unaware,1,-0.007,0.0,60.0
none,clear,70,12.5,0.5,reference,0,0.318,0.319,60.0
none,clear,70,12.5,0.5,M1_surface_unaware,0,0.318,0.319,60.0
none,clear,70,12.5,0.5,M2_aeb_unavailable,1,-0.0,0.0,60.0
none,clear,70,12.5,0.5,M3_no_speed_cap,1,-0.026,0.0,70.0
none,clear,70,12.5,0.5,M4_late_reaction,0,0.213,0.235,60.0
none,clear,70,12.5,0.5,M5_weak_brakes,1,-0.017,0.0,60.0
none,clear,70,12.5,0.5,M6_visibility_unaware,0,0.318,0.319,60.0
none,clear,70,12.5,0.75,reference,0,1.869,0.751,60.0
none,clear,70,12.5,0.75,M1_surface_unaware,0,1.869,0.751,60.0
none,clear,70,12.5,0.75,M2_aeb_unavailable,0,1.476,0.632,60.0
none,clear,70,12.5,0.75,M3_no_speed_cap,1,-0.001,0.0,70.0
none,clear,70,12.5,0.75,M4_late_reaction,1,-0.024,0.0,60.0
none,clear,70,12.5,0.75,M5_weak_brakes,1,-0.043,0.0,60.0
none,clear,70,12.5,0.75,M6_visibility_unaware,0,1.869,0.751,60.0
none,clear,70,15.0,0.5,reference,0,0.362,0.293,60.0
none,clear,70,15.0,0.5,M1_surface_unaware,0,0.362,0.293,60.0
none,clear,70,15.0,0.5,M2_aeb_unavailable,1,-0.012,0.0,60.0
none,clear,70,15.0,0.5,M3_no_speed_cap,1,-0.03,0.0,70.0
none,clear,70,15.0,0.5,M4_late_reaction,0,0.343,0.285,60.0
none,clear,70,15.0,0.5,M5_weak_brakes,1,-0.025,0.0,60.0
none,clear,70,15.0,0.5,M6_visibility_unaware,0,0.362,0.293,60.0
none,clear,70,15.0,0.75,reference,0,4.056,1.316,60.0
none,clear,70,15.0,0.75,M1_surface_unaware,0,4.056,1.316,60.0
none,clear,70,15.0,0.75,M2_aeb_unavailable,0,3.976,1.279,60.0
none,clear,70,15.0,0.75,M3_no_speed_cap,1,-0.015,0.0,70.0
none,clear,70,15.0,0.75,M4_late_reaction,1,-0.036,0.0,60.0
none,clear,70,15.0,0.75,M5_weak_brakes,1,-0.018,0.0,60.0
none,clear,70,15.0,0.75,M6_visibility_unaware,0,4.056,1.316,60.0
none,clear,70,17.5,0.5,reference,0,0.316,0.274,60.0
none,clear,70,17.5,0.5,M1_surface_unaware,0,0.316,0.274,60.0
none,clear,70,17.5,0.5,M2_aeb_unavailable,1,-0.018,0.0,60.0
none,clear,70,17.5,0.5,M3_no_speed_cap,1,-0.0,0.0,70.0
none,clear,70,17.5,0.5,M4_late_reaction,0,0.217,0.226,60.0
none,clear,70,17.5,0.5,M5_weak_brakes,1,-0.0,0.0,60.0
none,clear,70,17.5,0.5,M6_visibility_unaware,0,0.316,0.274,60.0
none,clear,70,17.5,0.75,reference,0,6.476,1.926,60.0
none,clear,70,17.5,0.75,M1_surface_unaware,0,6.476,1.926,60.0
none,clear,70,17.5,0.75,M2_aeb_unavailable,0,6.476,1.926,60.0
none,clear,70,17.5,0.75,M3_no_speed_cap,1,-0.024,0.0,70.0
none,clear,70,17.5,0.75,M4_late_reaction,1,-0.011,0.0,60.0
none,clear,70,17.5,0.75,M5_weak_brakes,1,-0.019,0.0,60.0
none,clear,70,17.5,0.75,M6_visibility_unaware,0,6.476,1.926,60.0
none,clear,70,20.0,0.5,reference,0,0.091,0.144,60.0
none,clear,70,20.0,0.5,M1_surface_unaware,0,0.091,0.144,60.0
none,clear,70,20.0,0.5,M2_aeb_unavailable,1,-0.027,0.0,60.0
none,clear,70,20.0,0.5,M3_no_speed_cap,0,0.377,0.299,70.0
none,clear,70,20.0,0.5,M4_late_reaction,0,0.021,0.067,60.0
none,clear,70,20.0,0.5,M5_weak_brakes,1,-0.028,0.0,60.0
none,clear,70,20.0,0.5,M6_visibility_unaware,0,0.091,0.144,60.0
none,clear,70,20.0,0.75,reference,0,8.976,2.573,60.0
none,clear,70,20.0,0.75,M1_surface_unaware,0,8.976,2.573,60.0
none,clear,70,20.0,0.75,M2_aeb_unavailable,0,8.976,2.573,60.0
none,clear,70,20.0,0.75,M3_no_speed_cap,1,-0.009,0.0,70.0
none,clear,70,20.0,0.75,M4_late_reaction,0,1.514,0.606,60.0
none,clear,70,20.0,0.75,M5_weak_brakes,0,1.927,0.811,60.0
none,clear,70,20.0,0.75,M6_visibility_unaware,0,8.976,2.573,60.0
none,clear,70,22.5,0.5,reference,1,-0.002,0.0,60.0
none,clear,70,22.5,0.5,M1_surface_unaware,1,-0.002,0.0,60.0
none,clear,70,22.5,0.5,M2_aeb_unavailable,1,-0.005,0.0,60.0
none,clear,70,22.5,0.5,M3_no_speed_cap,0,0.185,0.208,70.0
none,clear,70,22.5,0.5,M4_late_reaction,1,-0.013,0.0,60.0
none,clear,70,22.5,0.5,M5_weak_brakes,1,-0.047,0.0,60.0
none,clear,70,22.5,0.5,M6_visibility_unaware,1,-0.002,0.0,60.0
none,clear,70,22.5,0.75,reference,0,11.476,3.22,60.0
none,clear,70,22.5,0.75,M1_surface_unaware,0,11.476,3.22,60.0
none,clear,70,22.5,0.75,M2_aeb_unavailable,0,11.476,3.22,60.0
none,clear,70,22.5,0.75,M3_no_speed_cap,0,0.057,0.114,70.0
none,clear,70,22.5,0.75,M4_late_reaction,0,3.723,0.958,60.0
none,clear,70,22.5,0.75,M5_weak_brakes,0,4.145,1.202,60.0
none,clear,70,22.5,0.75,M6_visibility_unaware,0,11.476,3.22,60.0
none,clear,70,25.0,0.5,reference,1,-0.007,0.0,60.0
none,clear,70,25.0,0.5,M1_surface_unaware,1,-0.007,0.0,60.0
none,clear,70,25.0,0.5,M2_aeb_unavailable,1,-0.004,0.0,60.0
none,clear,70,25.0,0.5,M3_no_speed_cap,1,-0.002,0.0,70.0
none,clear,70,25.0,0.5,M4_late_reaction,1,-0.015,0.0,60.0
none,clear,70,25.0,0.5,M5_weak_brakes,1,-0.074,0.0,60.0
none,clear,70,25.0,0.5,M6_visibility_unaware,1,-0.007,0.0,60.0
none,clear,70,25.0,0.75,reference,0,13.976,3.867,60.0
none,clear,70,25.0,0.75,M1_surface_unaware,0,13.976,3.867,60.0
none,clear,70,25.0,0.75,M2_aeb_unavailable,0,13.976,3.867,60.0
none,clear,70,25.0,0.75,M3_no_speed_cap,0,2.212,0.734,70.0
none,clear,70,25.0,0.75,M4_late_reaction,0,5.924,1.26,60.0
none,clear,70,25.0,0.75,M5_weak_brakes,0,6.102,1.512,60.0
none,clear,70,25.0,0.75,M6_visibility_unaware,0,13.976,3.867,60.0
none,clear,70,27.5,0.5,reference,0,0.789,0.435,60.0
none,clear,70,27.5,0.5,M1_surface_unaware,0,0.789,0.435,60.0
none,clear,70,27.5,0.5,M2_aeb_unavailable,1,-0.026,0.0,60.0
none,clear,70,27.5,0.5,M3_no_speed_cap,1,-0.018,0.0,70.0
none,clear,70,27.5,0.5,M4_late_reaction,1,-0.019,0.0,60.0
none,clear,70,27.5,0.5,M5_weak_brakes,1,-0.006,0.0,60.0
none,clear,70,27.5,0.5,M6_visibility_unaware,0,0.789,0.435,60.0
none,clear,70,27.5,0.75,reference,0,16.476,4.515,60.0
none,clear,70,27.5,0.75,M1_surface_unaware,0,16.476,4.515,60.0
none,clear,70,27.5,0.75,M2_aeb_unavailable,0,16.476,4.515,60.0
none,clear,70,27.5,0.75,M3_no_speed_cap,0,4.409,1.085,70.0
none,clear,70,27.5,0.75,M4_late_reaction,0,8.142,1.563,60.0
none,clear,70,27.5,0.75,M5_weak_brakes,0,8.602,1.838,60.0
none,clear,70,27.5,0.75,M6_visibility_unaware,0,16.476,4.515,60.0
none,clear,70,30.0,0.5,reference,0,2.799,0.827,60.0
none,clear,70,30.0,0.5,M1_surface_unaware,0,2.799,0.827,60.0
none,clear,70,30.0,0.5,M2_aeb_unavailable,0,2.022,0.725,60.0
none,clear,70,30.0,0.5,M3_no_speed_cap,1,-0.003,0.0,70.0
none,clear,70,30.0,0.5,M4_late_reaction,0,0.226,0.231,60.0
none,clear,70,30.0,0.5,M5_weak_brakes,1,-0.002,0.0,60.0
none,clear,70,30.0,0.5,M6_visibility_unaware,0,2.799,0.827,60.0
none,clear,70,30.0,0.75,reference,0,18.976,5.162,60.0
none,clear,70,30.0,0.75,M1_surface_unaware,0,18.976,5.162,60.0
none,clear,70,30.0,0.75,M2_aeb_unavailable,0,18.976,5.162,60.0
none,clear,70,30.0,0.75,M3_no_speed_cap,0,6.612,1.426,70.0
none,clear,70,30.0,0.75,M4_late_reaction,0,10.642,1.89,60.0
none,clear,70,30.0,0.75,M5_weak_brakes,0,11.102,2.163,60.0
none,clear,70,30.0,0.75,M6_visibility_unaware,0,18.976,5.162,60.0
none,mist,40,7.5,0.5,reference,1,-0.009,0.0,40.0
none,mist,40,7.5,0.5,M1_surface_unaware,1,-0.009,0.0,40.0
none,mist,40,7.5,0.5,M2_aeb_unavailable,1,-0.056,0.0,40.0
none,mist,40,7.5,0.5,M3_no_speed_cap,1,-0.009,0.0,40.0
none,mist,40,7.5,0.5,M4_late_reaction,1,-0.009,0.0,40.0
none,mist,40,7.5,0.5,M5_weak_brakes,1,-0.012,0.0,40.0
none,mist,40,7.5,0.5,M6_visibility_unaware,1,-0.009,0.0,40.0
none,mist,40,7.5,0.75,reference,0,0.593,0.456,40.0
none,mist,40,7.5,0.75,M1_surface_unaware,0,0.593,0.456,40.0
none,mist,40,7.5,0.75,M2_aeb_unavailable,1,-0.032,0.0,40.0
none,mist,40,7.5,0.75,M3_no_speed_cap,0,0.593,0.456,40.0
none,mist,40,7.5,0.75,M4_late_reaction,0,0.533,0.414,40.0
none,mist,40,7.5,0.75,M5_weak_brakes,1,-0.008,0.0,40.0
none,mist,40,7.5,0.75,M6_visibility_unaware,0,0.593,0.456,40.0
none,mist,40,10.0,0.5,reference,0,0.876,0.75,40.0
none,mist,40,10.0,0.5,M1_surface_unaware,0,0.876,0.75,40.0
none,mist,40,10.0,0.5,M2_aeb_unavailable,1,-0.056,0.0,40.0
none,mist,40,10.0,0.5,M3_no_speed_cap,0,0.876,0.75,40.0
none,mist,40,10.0,0.5,M4_late_reaction,0,0.872,0.75,40.0
none,mist,40,10.0,0.5,M5_weak_brakes,1,-0.002,0.0,40.0
none,mist,40,10.0,0.5,M6_visibility_unaware,0,0.876,0.75,40.0
none,mist,40,10.0,0.75,reference,0,0.995,0.52,40.0
none,mist,40,10.0,0.75,M1_surface_unaware,0,0.995,0.52,40.0
none,mist,40,10.0,0.75,M2_aeb_unavailable,1,-0.012,0.0,40.0
none,mist,40,10.0,0.75,M3_no_speed_cap,0,0.995,0.52,40.0
none,mist,40,10.0,0.75,M4_late_reaction,0,0.918,0.491,40.0
none,mist,40,10.0,0.75,M5_weak_brakes,1,-0.005,0.0,40.0
none,mist,40,10.0,0.75,M6_visibility_unaware,0,0.995,0.52,40.0
none,mist,40,12.5,0.5,reference,0,1.562,0.809,40.0
none,mist,40,12.5,0.5,M1_surface_unaware,0,1.562,0.809,40.0
none,mist,40,12.5,0.5,M2_aeb_unavailable,1,-0.009,0.0,40.0
none,mist,40,12.5,0.5,M3_no_speed_cap,0,1.562,0.809,40.0
none,mist,40,12.5,0.5,M4_late_reaction,0,1.525,0.787,40.0
none,mist,40,12.5,0.5,M5_weak_brakes,0,0.052,0.129,40.0
none,mist,40,12.5,0.5,M6_visibility_unaware,0,1.562,0.809,40.0
none,mist,40,12.5,0.75,reference,0,2.384,0.864,40.0
none,mist,40,12.5,0.75,M1_surface_unaware,0,2.384,0.864,40.0
none,mist,40,12.5,0.75,M2_aeb_unavailable,0,2.04,0.763,40.0
none,mist,40,12.5,0.75,M3_no_speed_cap,0,2.384,0.864,40.0
none,mist,40,12.5,0.75,M4_late_reaction,0,1.636,0.644,40.0
none,mist,40,12.5,0.75,M5_weak_brakes,1,-0.005,0.0,40.0
none,mist,40,12.5,0.75,M6_visibility_unaware,0,2.384,0.864,40.0
none,mist,40,15.0,0.5,reference,0,2.013,0.815,40.0
none,mist,40,15.0,0.5,M1_surface_unaware,0,2.013,0.815,40.0
none,mist,40,15.0,0.5,M2_aeb_unavailable,1,-0.005,0.0,40.0
none,mist,40,15.0,0.5,M3_no_speed_cap,0,2.013,0.815,40.0
none,mist,40,15.0,0.5,M4_late_reaction,0,2.018,0.817,40.0
none,mist,40,15.0,0.5,M5_weak_brakes,0,0.086,0.166,40.0
none,mist,40,15.0,0.5,M6_visibility_unaware,0,2.013,0.815,40.0
none,mist,40,15.0,0.75,reference,0,4.59,1.388,40.0
none,mist,40,15.0,0.75,M1_surface_unaware,0,4.59,1.388,40.0
none,mist,40,15.0,0.75,M2_aeb_unavailable,0,4.54,1.369,40.0
none,mist,40,15.0,0.75,M3_no_speed_cap,0,4.59,1.388,40.0
none,mist,40,15.0,0.75,M4_late_reaction,0,2.467,0.786,40.0
none,mist,40,15.0,0.75,M5_weak_brakes,0,1.654,0.75,40.0
none,mist,40,15.0,0.75,M6_visibility_unaware,0,4.59,1.388,40.0
none,mist,40,17.5,0.5,reference,0,2.373,0.807,40.0
none,mist,40,17.5,0.5,M1_surface_unaware,0,2.373,0.807,40.0
none,mist,40,17.5,0.5,M2_aeb_unavailable,1,-0.02,0.0,40.0
none,mist,40,17.5,0.5,M3_no_speed_cap,0,2.373,0.807,40.0
none,mist,40,17.5,0.5,M4_late_reaction,0,2.406,0.816,40.0
none,mist,40,17.5,0.5,M5_weak_brakes,1,-0.001,0.0,40.0
none,mist,40,17.5,0.5,M6_visibility_unaware,0,2.373,0.807,40.0
none,mist,40,17.5,0.75,reference,0,7.04,1.973,40.0
none,mist,40,17.5,0.75,M1_surface_unaware,0,7.04,1.973,40.0
none,mist,40,17.5,0.75,M2_aeb_unavailable,0,7.04,1.973,40.0
none,mist,40,17.5,0.75,M3_no_speed_cap,0,7.04,1.973,40.0
none,mist,40,17.5,0.75,M4_late_reaction,0,3.551,0.947,40.0
none,mist,40,17.5,0.75,M5_weak_brakes,0,3.891,1.17,40.0
none,mist,40,17.5,0.75,M6_visibility_unaware,0,7.04,1.973,40.0
none,mist,40,20.0,0.5,reference,0,3.065,0.889,40.0
none,mist,40,20.0,0.5,M1_surface_unaware,0,3.065,0.889,40.0
none,mist,40,20.0,0.5,M2_aeb_unavailable,0,1.629,0.65,40.0
none,mist,40,20.0,0.5,M3_no_speed_cap,0,3.065,0.889,40.0
none,mist,40,20.0,0.5,M4_late_reaction,0,2.769,0.831,40.0
none,mist,40,20.0,0.5,M5_weak_brakes,0,0.135,0.21,40.0
none,mist,40,20.0,0.5,M6_visibility_unaware,0,3.065,0.889,40.0
none,mist,40,20.0,0.75,reference,0,9.54,2.578,40.0
none,mist,40,20.0,0.75,M1_surface_unaware,0,9.54,2.578,40.0
none,mist,40,20.0,0.75,M2_aeb_unavailable,0,9.54,2.578,40.0
none,mist,40,20.0,0.75,M3_no_speed_cap,0,9.54,2.578,40.0
none,mist,40,20.0,0.75,M4_late_reaction,0,4.885,1.122,40.0
none,mist,40,20.0,0.75,M5_weak_brakes,0,6.022,1.55,40.0
none,mist,40,20.0,0.75,M6_visibility_unaware,0,9.54,2.578,40.0
none,mist,40,22.5,0.5,reference,0,4.566,1.11,40.0
none,mist,40,22.5,0.5,M1_surface_unaware,0,4.566,1.11,40.0
none,mist,40,22.5,0.5,M2_aeb_unavailable,0,4.129,1.053,40.0
none,mist,40,22.5,0.5,M3_no_speed_cap,0,4.566,1.11,40.0
none,mist,40,22.5,0.5,M4_late_reaction,0,3.805,0.976,40.0
none,mist,40,22.5,0.5,M5_weak_brakes,0,1.714,0.764,40.0
none,mist,40,22.5,0.5,M6_visibility_unaware,0,4.566,1.11,40.0
none,mist,40,22.5,0.75,reference,0,12.04,3.183,40.0
none,mist,40,22.5,0.75,M1_surface_unaware,0,12.04,3.183,40.0
none,mist,40,22.5,0.75,M2_aeb_unavailable,0,12.04,3.183,40.0
none,mist,40,22.5,0.75,M3_no_speed_cap,0,12.04,3.183,40.0
none,mist,40,22.5,0.75,M4_late_reaction,0,6.69,1.352,40.0
none,mist,40,22.5,0.75,M5_weak_brakes,0,8.522,1.953,40.0
none,mist,40,22.5,0.75,M6_visibility_unaware,0,12.04,3.183,40.0
none,mist,40,25.0,0.5,reference,0,6.701,1.433,40.0
none,mist,40,25.0,0.5,M1_surface_unaware,0,6.701,1.433,40.0
none,mist,40,25.0,0.5,M2_aeb_unavailable,0,6.629,1.426,40.0
none,mist,40,25.0,0.5,M3_no_speed_cap,0,6.701,1.433,40.0
none,mist,40,25.0,0.5,M4_late_reaction,0,4.834,1.099,40.0
none,mist,40,25.0,0.5,M5_weak_brakes,0,3.763,1.143,40.0
none,mist,40,25.0,0.5,M6_visibility_unaware,0,6.701,1.433,40.0
none,mist,40,25.0,0.75,reference,0,14.54,3.787,40.0
none,mist,40,25.0,0.75,M1_surface_unaware,0,14.54,3.787,40.0
none,mist,40,25.0,0.75,M2_aeb_unavailable,0,14.54,3.787,40.0
none,mist,40,25.0,0.75,M3_no_speed_cap,0,14.54,3.787,40.0
none,mist,40,25.0,0.75,M4_late_reaction,0,8.985,1.654,40.0
none,mist,40,25.0,0.75,M5_weak_brakes,0,11.022,2.357,40.0
none,mist,40,25.0,0.75,M6_visibility_unaware,0,14.54,3.787,40.0
none,mist,40,27.5,0.5,reference,0,9.129,1.798,40.0
none,mist,40,27.5,0.5,M1_surface_unaware,0,9.129,1.798,40.0
none,mist,40,27.5,0.5,M2_aeb_unavailable,0,9.129,1.798,40.0
none,mist,40,27.5,0.5,M3_no_speed_cap,0,9.129,1.798,40.0
none,mist,40,27.5,0.5,M4_late_reaction,0,6.062,1.237,40.0
none,mist,40,27.5,0.5,M5_weak_brakes,0,5.821,1.453,40.0
none,mist,40,27.5,0.5,M6_visibility_unaware,0,9.129,1.798,40.0
none,mist,40,27.5,0.75,reference,0,17.04,4.392,40.0
none,mist,40,27.5,0.75,M1_surface_unaware,0,17.04,4.392,40.0
none,mist,40,27.5,0.75,M2_aeb_unavailable,0,17.04,4.392,40.0
none,mist,40,27.5,0.75,M3_no_speed_cap,0,17.04,4.392,40.0
none,mist,40,27.5,0.75,M4_late_reaction,0,11.485,1.969,40.0
none,mist,40,27.5,0.75,M5_weak_brakes,0,13.522,2.759,40.0
none,mist,40,27.5,0.75,M6_visibility_unaware,0,17.04,4.392,40.0
none,mist,40,30.0,0.5,reference,0,11.629,2.169,40.0
none,mist,40,30.0,0.5,M1_surface_unaware,0,11.629,2.169,40.0
none,mist,40,30.0,0.5,M2_aeb_unavailable,0,11.629,2.169,40.0
none,mist,40,30.0,0.5,M3_no_speed_cap,0,11.629,2.169,40.0
none,mist,40,30.0,0.5,M4_late_reaction,0,7.374,1.375,40.0
none,mist,40,30.0,0.5,M5_weak_brakes,0,8.111,1.761,40.0
none,mist,40,30.0,0.5,M6_visibility_unaware,0,11.629,2.169,40.0
none,mist,40,30.0,0.75,reference,0,19.54,4.996,40.0
none,mist,40,30.0,0.75,M1_surface_unaware,0,19.54,4.996,40.0
none,mist,40,30.0,0.75,M2_aeb_unavailable,0,19.54,4.996,40.0
none,mist,40,30.0,0.75,M3_no_speed_cap,0,19.54,4.996,40.0
none,mist,40,30.0,0.75,M4_late_reaction,0,13.985,2.284,40.0
none,mist,40,30.0,0.75,M5_weak_brakes,0,16.022,3.161,40.0
none,mist,40,30.0,0.75,M6_visibility_unaware,0,19.54,4.996,40.0
none,mist,60,7.5,0.5,reference,1,-0.0,0.0,60.0
none,mist,60,7.5,0.5,M1_surface_unaware,1,-0.0,0.0,60.0
none,mist,60,7.5,0.5,M2_aeb_unavailable,1,-0.0,0.0,60.0
none,mist,60,7.5,0.5,M3_no_speed_cap,1,-0.0,0.0,60.0
none,mist,60,7.5,0.5,M4_late_reaction,1,-0.0,0.0,60.0
none,mist,60,7.5,0.5,M5_weak_brakes,1,-0.0,0.0,60.0
none,mist,60,7.5,0.5,M6_visibility_unaware,1,-0.0,0.0,60.0
none,mist,60,7.5,0.75,reference,1,-0.009,0.0,60.0
none,mist,60,7.5,0.75,M1_surface_unaware,1,-0.009,0.0,60.0
none,mist,60,7.5,0.75,M2_aeb_unavailable,1,-0.0,0.0,60.0
none,mist,60,7.5,0.75,M3_no_speed_cap,1,-0.009,0.0,60.0
none,mist,60,7.5,0.75,M4_late_reaction,1,-0.008,0.0,60.0
none,mist,60,7.5,0.75,M5_weak_brakes,1,-0.022,0.0,60.0
none,mist,60,7.5,0.75,M6_visibility_unaware,1,-0.009,0.0,60.0
none,mist,60,10.0,0.5,reference,1,-0.042,0.0,60.0
none,mist,60,10.0,0.5,M1_surface_unaware,1,-0.042,0.0,60.0
none,mist,60,10.0,0.5,M2_aeb_unavailable,1,-0.0,0.0,60.0
none,mist,60,10.0,0.5,M3_no_speed_cap,1,-0.042,0.0,60.0
none,mist,60,10.0,0.5,M4_late_reaction,1,-0.042,0.0,60.0
none,mist,60,10.0,0.5,M5_weak_brakes,1,-0.004,0.0,60.0
none,mist,60,10.0,0.5,M6_visibility_unaware,1,-0.042,0.0,60.0
none,mist,60,10.0,0.75,reference,1,-0.008,0.0,60.0
none,mist,60,10.0,0.75,M1_surface_unaware,1,-0.008,0.0,60.0
none,mist,60,10.0,0.75,M2_aeb_unavailable,1,-0.005,0.0,60.0
none,mist,60,10.0,0.75,M3_no_speed_cap,1,-0.008,0.0,60.0
none,mist,60,10.0,0.75,M4_late_reaction,1,-0.013,0.0,60.0
none,mist,60,10.0,0.75,M5_weak_brakes,1,-0.013,0.0,60.0
none,mist,60,10.0,0.75,M6_visibility_unaware,1,-0.008,0.0,60.0
none,mist,60,12.5,0.5,reference,1,-0.006,0.0,60.0
none,mist,60,12.5,0.5,M1_surface_unaware,1,-0.006,0.0,60.0
none,mist,60,12.5,0.5,M2_aeb_unavailable,1,-0.0,0.0,60.0
none,mist,60,12.5,0.5,M3_no_speed_cap,1,-0.006,0.0,60.0
none,mist,60,12.5,0.5,M4_late_reaction,1,-0.006,0.0,60.0
none,mist,60,12.5,0.5,M5_weak_brakes,1,-0.035,0.0,60.0
none,mist,60,12.5,0.5,M6_visibility_unaware,1,-0.006,0.0,60.0
none,mist,60,12.5,0.75,reference,1,-0.009,0.0,60.0
none,mist,60,12.5,0.75,M1_surface_unaware,1,-0.009,0.0,60.0
none,mist,60,12.5,0.75,M2_aeb_unavailable,1,-0.047,0.0,60.0
none,mist,60,12.5,0.75,M3_no_speed_cap,1,-0.009,0.0,60.0
none,mist,60,12.5,0.75,M4_late_reaction,1,-0.019,0.0,60.0
none,mist,60,12.5,0.75,M5_weak_brakes,1,-0.021,0.0,60.0
none,mist,60,12.5,0.75,M6_visibility_unaware,1,-0.009,0.0,60.0
none,mist,60,15.0,0.5,reference,0,0.536,0.481,60.0
none,mist,60,15.0,0.5,M1_surface_unaware,0,0.536,0.481,60.0
none,mist,60,15.0,0.5,M2_aeb_unavailable,1,-0.0,0.0,60.0
none,mist,60,15.0,0.5,M3_no_speed_cap,0,0.536,0.481,60.0
none,mist,60,15.0,0.5,M4_late_reaction,0,0.447,0.402,60.0
none,mist,60,15.0,0.5,M5_weak_brakes,1,-0.019,0.0,60.0
none,mist,60,15.0,0.5,M6_visibility_unaware,0,0.536,0.481,60.0
none,mist,60,15.0,0.75,reference,1,-0.039,0.0,60.0
none,mist,60,15.0,0.75,M1_surface_unaware,1,-0.039,0.0,60.0
none,mist,60,15.0,0.75,M2_aeb_unavailable,1,-0.046,0.0,60.0
none,mist,60,15.0,0.75,M3_no_speed_cap,1,-0.039,0.0,60.0
none,mist,60,15.0,0.75,M4_late_reaction,1,-0.036,0.0,60.0
none,mist,60,15.0,0.75,M5_weak_brakes,1,-0.064,0.0,60.0
none,mist,60,15.0,0.75,M6_visibility_unaware,1,-0.039,0.0,60.0
none,mist,60,17.5,0.5,reference,0,0.84,0.471,60.0
none,mist,60,17.5,0.5,M1_surface_unaware,0,0.84,0.471,60.0
none,mist,60,17.5,0.5,M2_aeb_unavailable,1,-0.074,0.0,60.0
none,mist,60,17.5,0.5,M3_no_speed_cap,0,0.84,0.471,60.0
none,mist,60,17.5,0.5,M4_late_reaction,0,0.829,0.466,60.0
none,mist,60,17.5,0.5,M5_weak_brakes,1,-0.007,0.0,60.0
none,mist,60,17.5,0.5,M6_visibility_unaware,0,0.84,0.471,60.0
none,mist,60,17.5,0.75,reference,1,-0.01,0.0,60.0
none,mist,60,17.5,0.75,M1_surface_unaware,1,-0.01,0.0,60.0
none,mist,60,17.5,0.75,M2_aeb_unavailable,1,-0.018,0.0,60.0
none,mist,60,17.5,0.75,M3_no_speed_cap,1,-0.01,0.0,60.0
none,mist,60,17.5,0.75,M4_late_reaction,1,-0.035,0.0,60.0
none,mist,60,17.5,0.75,M5_weak_brakes,1,-0.01,0.0,60.0
none,mist,60,17.5,0.75,M6_visibility_unaware,1,-0.01,0.0,60.0
none,mist,60,20.0,0.5,reference,0,0.923,0.472,60.0
none,mist,60,20.0,0.5,M1_surface_unaware,0,0.923,0.472,60.0
none,mist,60,20.0,0.5,M2_aeb_unavailable,1,-0.025,0.0,60.0
none,mist,60,20.0,0.5,M3_no_speed_cap,0,0.923,0.472,60.0
none,mist,60,20.0,0.5,M4_late_reaction,0,0.844,0.451,60.0
none,mist,60,20.0,0.5,M5_weak_brakes,1,-0.026,0.0,60.0
none,mist,60,20.0,0.5,M6_visibility_unaware,0,0.923,0.472,60.0
none,mist,60,20.0,0.75,reference,0,1.978,0.695,60.0
none,mist,60,20.0,0.75,M1_surface_unaware,0,1.978,0.695,60.0
none,mist,60,20.0,0.75,M2_aeb_unavailable,0,1.355,0.592,60.0
none,mist,60,20.0,0.75,M3_no_speed_cap,0,1.978,0.695,60.0
none,mist,60,20.0,0.75,M4_late_reaction,1,-0.035,0.0,60.0
none,mist,60,20.0,0.75,M5_weak_brakes,1,-0.015,0.0,60.0
none,mist,60,20.0,0.75,M6_visibility_unaware,0,1.978,0.695,60.0
none,mist,60,22.5,0.5,reference,0,0.796,0.438,60.0
none,mist,60,22.5,0.5,M1_surface_unaware,0,0.796,0.438,60.0
none,mist,60,22.5,0.5,M2_aeb_unavailable,1,-0.068,0.0,60.0
none,mist,60,22.5,0.5,M3_no_speed_cap,0,0.796,0.438,60.0
none,mist,60,22.5,0.5,M4_late_reaction,0,0.855,0.454,60.0
none,mist,60,22.5,0.5,M5_weak_brakes,1,-0.033,0.0,60.0
none,mist,60,22.5,0.5,M6_visibility_unaware,0,0.796,0.438,60.0
none,mist,60,22.5,0.75,reference,0,4.16,1.094,60.0
none,mist,60,22.5,0.75,M1_surface_unaware,0,4.16,1.094,60.0
none,mist,60,22.5,0.75,M2_aeb_unavailable,0,3.855,1.043,60.0
none,mist,60,22.5,0.75,M3_no_speed_cap,0,4.16,1.094,60.0
none,mist,60,22.5,0.75,M4_late_reaction,1,-0.012,0.0,60.0
none,mist,60,22.5,0.75,M5_weak_brakes,1,-0.037,0.0,60.0
none,mist,60,22.5,0.75,M6_visibility_unaware,0,4.16,1.094,60.0
none,mist,60,25.0,0.5,reference,0,0.677,0.403,60.0
none,mist,60,25.0,0.5,M1_surface_unaware,0,0.677,0.403,60.0
none,mist,60,25.0,0.5,M2_aeb_unavailable,1,-0.054,0.0,60.0
none,mist,60,25.0,0.5,M3_no_speed_cap,0,0.677,0.403,60.0
none,mist,60,25.0,0.5,M4_late_reaction,0,0.546,0.361,60.0
none,mist,60,25.0,0.5,M5_weak_brakes,1,-0.059,0.0,60.0
none,mist,60,25.0,0.5,M6_visibility_unaware,0,0.677,0.403,60.0
none,mist,60,25.0,0.75,reference,0,6.371,1.479,60.0
none,mist,60,25.0,0.75,M1_surface_unaware,0,6.371,1.479,60.0
none,mist,60,25.0,0.75,M2_aeb_unavailable,0,6.355,1.476,60.0
none,mist,60,25.0,0.75,M3_no_speed_cap,0,6.371,1.479,60.0
none,mist,60,25.0,0.75,M4_late_reaction,0,0.387,0.303,60.0
none,mist,60,25.0,0.75,M5_weak_brakes,1,-0.016,0.0,60.0
none,mist,60,25.0,0.75,M6_visibility_unaware,0,6.371,1.479,60.0
none,mist,60,27.5,0.5,reference,0,0.208,0.221,60.0
none,mist,60,27.5,0.5,M1_surface_unaware,0,0.208,0.221,60.0
none,mist,60,27.5,0.5,M2_aeb_unavailable,1,-0.069,0.0,60.0
none,mist,60,27.5,0.5,M3_no_speed_cap,0,0.208,0.221,60.0
none,mist,60,27.5,0.5,M4_late_reaction,0,0.127,0.172,60.0
none,mist,60,27.5,0.5,M5_weak_brakes,1,-0.048,0.0,60.0
none,mist,60,27.5,0.5,M6_visibility_unaware,0,0.208,0.221,60.0
none,mist,60,27.5,0.75,reference,0,8.855,1.908,60.0
none,mist,60,27.5,0.75,M1_surface_unaware,0,8.855,1.908,60.0
none,mist,60,27.5,0.75,M2_aeb_unavailable,0,8.855,1.908,60.0
none,mist,60,27.5,0.75,M3_no_speed_cap,0,8.855,1.908,60.0
none,mist,60,27.5,0.75,M4_late_reaction,0,1.703,0.643,60.0
none,mist,60,27.5,0.75,M5_weak_brakes,0,2.003,0.827,60.0
none,mist,60,27.5,0.75,M6_visibility_unaware,0,8.855,1.908,60.0
none,mist,60,30.0,0.5,reference,0,0.257,0.246,60.0
none,mist,60,30.0,0.5,M1_surface_unaware,0,0.257,0.246,60.0
none,mist,60,30.0,0.5,M2_aeb_unavailable,1,-0.008,0.0,60.0
none,mist,60,30.0,0.5,M3_no_speed_cap,0,0.257,0.246,60.0
none,mist,60,30.0,0.5,M4_late_reaction,1,-0.013,0.0,60.0
none,mist,60,30.0,0.5,M5_weak_brakes,1,-0.047,0.0,60.0
none,mist,60,30.0,0.5,M6_visibility_unaware,0,0.257,0.246,60.0
none,mist,60,30.0,0.75,reference,0,11.355,2.339,60.0
none,mist,60,30.0,0.75,M1_surface_unaware,0,11.355,2.339,60.0
none,mist,60,30.0,0.75,M2_aeb_unavailable,0,11.355,2.339,60.0
none,mist,60,30.0,0.75,M3_no_speed_cap,0,11.355,2.339,60.0
none,mist,60,30.0,0.75,M4_late_reaction,0,3.797,0.965,60.0
none,mist,60,30.0,0.75,M5_weak_brakes,0,4.223,1.213,60.0
none,mist,60,30.0,0.75,M6_visibility_unaware,0,11.355,2.339,60.0
none,mist,70,7.5,0.5,reference,1,-0.061,0.0,60.0
none,mist,70,7.5,0.5,M1_surface_unaware,1,-0.061,0.0,60.0
none,mist,70,7.5,0.5,M2_aeb_unavailable,1,-0.0,0.0,60.0
none,mist,70,7.5,0.5,M3_no_speed_cap,1,-0.083,0.0,70.0
none,mist,70,7.5,0.5,M4_late_reaction,1,-0.061,0.0,60.0
none,mist,70,7.5,0.5,M5_weak_brakes,1,-0.064,0.0,60.0
none,mist,70,7.5,0.5,M6_visibility_unaware,1,-0.061,0.0,60.0
none,mist,70,7.5,0.75,reference,1,-0.013,0.0,60.0
none,mist,70,7.5,0.75,M1_surface_unaware,1,-0.013,0.0,60.0
none,mist,70,7.5,0.75,M2_aeb_unavailable,1,-0.019,0.0,60.0
none,mist,70,7.5,0.75,M3_no_speed_cap,1,-0.004,0.0,70.0
none,mist,70,7.5,0.75,M4_late_reaction,1,-0.013,0.0,60.0
none,mist,70,7.5,0.75,M5_weak_brakes,1,-0.014,0.0,60.0
none,mist,70,7.5,0.75,M6_visibility_unaware,1,-0.013,0.0,60.0
none,mist,70,10.0,0.5,reference,1,-0.007,0.0,60.0
none,mist,70,10.0,0.5,M1_surface_unaware,1,-0.007,0.0,60.0
none,mist,70,10.0,0.5,M2_aeb_unavailable,1,-0.0,0.0,60.0
none,mist,70,10.0,0.5,M3_no_speed_cap,1,-0.014,0.0,70.0
none,mist,70,10.0,0.5,M4_late_reaction,1,-0.007,0.0,60.0
none,mist,70,10.0,0.5,M5_weak_brakes,1,-0.02,0.0,60.0
none,mist,70,10.0,0.5,M6_visibility_unaware,1,-0.007,0.0,60.0
none,mist,70,10.0,0.75,reference,1,-0.007,0.0,60.0
none,mist,70,10.0,0.75,M1_surface_unaware,1,-0.007,0.0,60.0
none,mist,70,10.0,0.75,M2_aeb_unavailable,1,-0.018,0.0,60.0
none,mist,70,10.0,0.75,M3_no_speed_cap,1,-0.012,0.0,70.0
none,mist,70,10.0,0.75,M4_late_reaction,1,-0.004,0.0,60.0
none,mist,70,10.0,0.75,M5_weak_brakes,1,-0.043,0.0,60.0
none,mist,70,10.0,0.75,M6_visibility_unaware,1,-0.007,0.0,60.0
none,mist,70,12.5,0.5,reference,0,0.318,0.319,60.0
none,mist,70,12.5,0.5,M1_surface_unaware,0,0.318,0.319,60.0
none,mist,70,12.5,0.5,M2_aeb_unavailable,1,-0.0,0.0,60.0
none,mist,70,12.5,0.5,M3_no_speed_cap,1,-0.026,0.0,70.0
none,mist,70,12.5,0.5,M4_late_reaction,0,0.213,0.235,60.0
none,mist,70,12.5,0.5,M5_weak_brakes,1,-0.017,0.0,60.0
none,mist,70,12.5,0.5,M6_visibility_unaware,0,0.318,0.319,60.0
none,mist,70,12.5,0.75,reference,0,1.869,0.751,60.0
none,mist,70,12.5,0.75,M1_surface_unaware,0,1.869,0.751,60.0
none,mist,70,12.5,0.75,M2_aeb_unavailable,0,1.476,0.632,60.0
none,mist,70,12.5,0.75,M3_no_speed_cap,1,-0.001,0.0,70.0
none,mist,70,12.5,0.75,M4_late_reaction,1,-0.024,0.0,60.0
none,mist,70,12.5,0.75,M5_weak_brakes,1,-0.043,0.0,60.0
none,mist,70,12.5,0.75,M6_visibility_unaware,0,1.869,0.751,60.0
none,mist,70,15.0,0.5,reference,0,0.362,0.293,60.0
none,mist,70,15.0,0.5,M1_surface_unaware,0,0.362,0.293,60.0
none,mist,70,15.0,0.5,M2_aeb_unavailable,1,-0.012,0.0,60.0
none,mist,70,15.0,0.5,M3_no_speed_cap,1,-0.03,0.0,70.0
none,mist,70,15.0,0.5,M4_late_reaction,0,0.343,0.285,60.0
none,mist,70,15.0,0.5,M5_weak_brakes,1,-0.025,0.0,60.0
none,mist,70,15.0,0.5,M6_visibility_unaware,0,0.362,0.293,60.0
none,mist,70,15.0,0.75,reference,0,4.056,1.316,60.0
none,mist,70,15.0,0.75,M1_surface_unaware,0,4.056,1.316,60.0
none,mist,70,15.0,0.75,M2_aeb_unavailable,0,3.976,1.279,60.0
none,mist,70,15.0,0.75,M3_no_speed_cap,1,-0.015,0.0,70.0
none,mist,70,15.0,0.75,M4_late_reaction,1,-0.036,0.0,60.0
none,mist,70,15.0,0.75,M5_weak_brakes,1,-0.018,0.0,60.0
none,mist,70,15.0,0.75,M6_visibility_unaware,0,4.056,1.316,60.0
none,mist,70,17.5,0.5,reference,0,0.316,0.274,60.0
none,mist,70,17.5,0.5,M1_surface_unaware,0,0.316,0.274,60.0
none,mist,70,17.5,0.5,M2_aeb_unavailable,1,-0.018,0.0,60.0
none,mist,70,17.5,0.5,M3_no_speed_cap,1,-0.0,0.0,70.0
none,mist,70,17.5,0.5,M4_late_reaction,0,0.217,0.226,60.0
none,mist,70,17.5,0.5,M5_weak_brakes,1,-0.0,0.0,60.0
none,mist,70,17.5,0.5,M6_visibility_unaware,0,0.316,0.274,60.0
none,mist,70,17.5,0.75,reference,0,6.476,1.926,60.0
none,mist,70,17.5,0.75,M1_surface_unaware,0,6.476,1.926,60.0
none,mist,70,17.5,0.75,M2_aeb_unavailable,0,6.476,1.926,60.0
none,mist,70,17.5,0.75,M3_no_speed_cap,1,-0.024,0.0,70.0
none,mist,70,17.5,0.75,M4_late_reaction,1,-0.011,0.0,60.0
none,mist,70,17.5,0.75,M5_weak_brakes,1,-0.019,0.0,60.0
none,mist,70,17.5,0.75,M6_visibility_unaware,0,6.476,1.926,60.0
none,mist,70,20.0,0.5,reference,0,0.091,0.144,60.0
none,mist,70,20.0,0.5,M1_surface_unaware,0,0.091,0.144,60.0
none,mist,70,20.0,0.5,M2_aeb_unavailable,1,-0.027,0.0,60.0
none,mist,70,20.0,0.5,M3_no_speed_cap,0,0.377,0.299,70.0
none,mist,70,20.0,0.5,M4_late_reaction,0,0.021,0.067,60.0
none,mist,70,20.0,0.5,M5_weak_brakes,1,-0.028,0.0,60.0
none,mist,70,20.0,0.5,M6_visibility_unaware,0,0.091,0.144,60.0
none,mist,70,20.0,0.75,reference,0,8.976,2.573,60.0
none,mist,70,20.0,0.75,M1_surface_unaware,0,8.976,2.573,60.0
none,mist,70,20.0,0.75,M2_aeb_unavailable,0,8.976,2.573,60.0
none,mist,70,20.0,0.75,M3_no_speed_cap,1,-0.009,0.0,70.0
none,mist,70,20.0,0.75,M4_late_reaction,0,1.514,0.606,60.0
none,mist,70,20.0,0.75,M5_weak_brakes,0,1.927,0.811,60.0
none,mist,70,20.0,0.75,M6_visibility_unaware,0,8.976,2.573,60.0
none,mist,70,22.5,0.5,reference,1,-0.002,0.0,60.0
none,mist,70,22.5,0.5,M1_surface_unaware,1,-0.002,0.0,60.0
none,mist,70,22.5,0.5,M2_aeb_unavailable,1,-0.005,0.0,60.0
none,mist,70,22.5,0.5,M3_no_speed_cap,0,0.185,0.208,70.0
none,mist,70,22.5,0.5,M4_late_reaction,1,-0.013,0.0,60.0
none,mist,70,22.5,0.5,M5_weak_brakes,1,-0.047,0.0,60.0
none,mist,70,22.5,0.5,M6_visibility_unaware,1,-0.002,0.0,60.0
none,mist,70,22.5,0.75,reference,0,11.476,3.22,60.0
none,mist,70,22.5,0.75,M1_surface_unaware,0,11.476,3.22,60.0
none,mist,70,22.5,0.75,M2_aeb_unavailable,0,11.476,3.22,60.0
none,mist,70,22.5,0.75,M3_no_speed_cap,0,0.057,0.114,70.0
none,mist,70,22.5,0.75,M4_late_reaction,0,3.723,0.958,60.0
none,mist,70,22.5,0.75,M5_weak_brakes,0,4.145,1.202,60.0
none,mist,70,22.5,0.75,M6_visibility_unaware,0,11.476,3.22,60.0
none,mist,70,25.0,0.5,reference,1,-0.007,0.0,60.0
none,mist,70,25.0,0.5,M1_surface_unaware,1,-0.007,0.0,60.0
none,mist,70,25.0,0.5,M2_aeb_unavailable,1,-0.004,0.0,60.0
none,mist,70,25.0,0.5,M3_no_speed_cap,1,-0.002,0.0,70.0
none,mist,70,25.0,0.5,M4_late_reaction,1,-0.015,0.0,60.0
none,mist,70,25.0,0.5,M5_weak_brakes,1,-0.074,0.0,60.0
none,mist,70,25.0,0.5,M6_visibility_unaware,1,-0.007,0.0,60.0
none,mist,70,25.0,0.75,reference,0,13.976,3.867,60.0
none,mist,70,25.0,0.75,M1_surface_unaware,0,13.976,3.867,60.0
none,mist,70,25.0,0.75,M2_aeb_unavailable,0,13.976,3.867,60.0
none,mist,70,25.0,0.75,M3_no_speed_cap,0,2.212,0.734,70.0
none,mist,70,25.0,0.75,M4_late_reaction,0,5.924,1.26,60.0
none,mist,70,25.0,0.75,M5_weak_brakes,0,6.102,1.512,60.0
none,mist,70,25.0,0.75,M6_visibility_unaware,0,13.976,3.867,60.0
none,mist,70,27.5,0.5,reference,0,0.789,0.435,60.0
none,mist,70,27.5,0.5,M1_surface_unaware,0,0.789,0.435,60.0
none,mist,70,27.5,0.5,M2_aeb_unavailable,1,-0.026,0.0,60.0
none,mist,70,27.5,0.5,M3_no_speed_cap,1,-0.018,0.0,70.0
none,mist,70,27.5,0.5,M4_late_reaction,1,-0.019,0.0,60.0
none,mist,70,27.5,0.5,M5_weak_brakes,1,-0.006,0.0,60.0
none,mist,70,27.5,0.5,M6_visibility_unaware,0,0.789,0.435,60.0
none,mist,70,27.5,0.75,reference,0,16.476,4.515,60.0
none,mist,70,27.5,0.75,M1_surface_unaware,0,16.476,4.515,60.0
none,mist,70,27.5,0.75,M2_aeb_unavailable,0,16.476,4.515,60.0
none,mist,70,27.5,0.75,M3_no_speed_cap,0,4.409,1.085,70.0
none,mist,70,27.5,0.75,M4_late_reaction,0,8.142,1.563,60.0
none,mist,70,27.5,0.75,M5_weak_brakes,0,8.602,1.838,60.0
none,mist,70,27.5,0.75,M6_visibility_unaware,0,16.476,4.515,60.0
none,mist,70,30.0,0.5,reference,0,2.799,0.827,60.0
none,mist,70,30.0,0.5,M1_surface_unaware,0,2.799,0.827,60.0
none,mist,70,30.0,0.5,M2_aeb_unavailable,0,2.022,0.725,60.0
none,mist,70,30.0,0.5,M3_no_speed_cap,1,-0.003,0.0,70.0
none,mist,70,30.0,0.5,M4_late_reaction,0,0.226,0.231,60.0
none,mist,70,30.0,0.5,M5_weak_brakes,1,-0.002,0.0,60.0
none,mist,70,30.0,0.5,M6_visibility_unaware,0,2.799,0.827,60.0
none,mist,70,30.0,0.75,reference,0,18.976,5.162,60.0
none,mist,70,30.0,0.75,M1_surface_unaware,0,18.976,5.162,60.0
none,mist,70,30.0,0.75,M2_aeb_unavailable,0,18.976,5.162,60.0
none,mist,70,30.0,0.75,M3_no_speed_cap,0,6.612,1.426,70.0
none,mist,70,30.0,0.75,M4_late_reaction,0,10.642,1.89,60.0
none,mist,70,30.0,0.75,M5_weak_brakes,0,11.102,2.163,60.0
none,mist,70,30.0,0.75,M6_visibility_unaware,0,18.976,5.162,60.0
none,fog,40,7.5,0.5,reference,1,-0.009,0.0,40.0
none,fog,40,7.5,0.5,M1_surface_unaware,1,-0.009,0.0,40.0
none,fog,40,7.5,0.5,M2_aeb_unavailable,1,-0.056,0.0,40.0
none,fog,40,7.5,0.5,M3_no_speed_cap,1,-0.009,0.0,40.0
none,fog,40,7.5,0.5,M4_late_reaction,1,-0.009,0.0,40.0
none,fog,40,7.5,0.5,M5_weak_brakes,1,-0.012,0.0,40.0
none,fog,40,7.5,0.5,M6_visibility_unaware,1,-0.009,0.0,40.0
none,fog,40,7.5,0.75,reference,0,0.593,0.456,40.0
none,fog,40,7.5,0.75,M1_surface_unaware,0,0.593,0.456,40.0
none,fog,40,7.5,0.75,M2_aeb_unavailable,1,-0.032,0.0,40.0
none,fog,40,7.5,0.75,M3_no_speed_cap,0,0.593,0.456,40.0
none,fog,40,7.5,0.75,M4_late_reaction,0,0.533,0.414,40.0
none,fog,40,7.5,0.75,M5_weak_brakes,1,-0.008,0.0,40.0
none,fog,40,7.5,0.75,M6_visibility_unaware,0,0.593,0.456,40.0
none,fog,40,10.0,0.5,reference,0,0.876,0.75,40.0
none,fog,40,10.0,0.5,M1_surface_unaware,0,0.876,0.75,40.0
none,fog,40,10.0,0.5,M2_aeb_unavailable,1,-0.056,0.0,40.0
none,fog,40,10.0,0.5,M3_no_speed_cap,0,0.876,0.75,40.0
none,fog,40,10.0,0.5,M4_late_reaction,0,0.872,0.75,40.0
none,fog,40,10.0,0.5,M5_weak_brakes,1,-0.002,0.0,40.0
none,fog,40,10.0,0.5,M6_visibility_unaware,0,0.876,0.75,40.0
none,fog,40,10.0,0.75,reference,0,0.995,0.52,40.0
none,fog,40,10.0,0.75,M1_surface_unaware,0,0.995,0.52,40.0
none,fog,40,10.0,0.75,M2_aeb_unavailable,1,-0.012,0.0,40.0
none,fog,40,10.0,0.75,M3_no_speed_cap,0,0.995,0.52,40.0
none,fog,40,10.0,0.75,M4_late_reaction,0,0.918,0.491,40.0
none,fog,40,10.0,0.75,M5_weak_brakes,1,-0.005,0.0,40.0
none,fog,40,10.0,0.75,M6_visibility_unaware,0,0.995,0.52,40.0
none,fog,40,12.5,0.5,reference,0,1.562,0.809,40.0
none,fog,40,12.5,0.5,M1_surface_unaware,0,1.562,0.809,40.0
none,fog,40,12.5,0.5,M2_aeb_unavailable,1,-0.009,0.0,40.0
none,fog,40,12.5,0.5,M3_no_speed_cap,0,1.562,0.809,40.0
none,fog,40,12.5,0.5,M4_late_reaction,0,1.525,0.787,40.0
none,fog,40,12.5,0.5,M5_weak_brakes,0,0.052,0.129,40.0
none,fog,40,12.5,0.5,M6_visibility_unaware,0,1.562,0.809,40.0
none,fog,40,12.5,0.75,reference,0,2.384,0.864,40.0
none,fog,40,12.5,0.75,M1_surface_unaware,0,2.384,0.864,40.0
none,fog,40,12.5,0.75,M2_aeb_unavailable,0,2.04,0.763,40.0
none,fog,40,12.5,0.75,M3_no_speed_cap,0,2.384,0.864,40.0
none,fog,40,12.5,0.75,M4_late_reaction,0,1.636,0.644,40.0
none,fog,40,12.5,0.75,M5_weak_brakes,1,-0.005,0.0,40.0
none,fog,40,12.5,0.75,M6_visibility_unaware,0,2.384,0.864,40.0
none,fog,40,15.0,0.5,reference,0,2.013,0.815,40.0
none,fog,40,15.0,0.5,M1_surface_unaware,0,2.013,0.815,40.0
none,fog,40,15.0,0.5,M2_aeb_unavailable,1,-0.005,0.0,40.0
none,fog,40,15.0,0.5,M3_no_speed_cap,0,2.013,0.815,40.0
none,fog,40,15.0,0.5,M4_late_reaction,0,2.018,0.817,40.0
none,fog,40,15.0,0.5,M5_weak_brakes,0,0.086,0.166,40.0
none,fog,40,15.0,0.5,M6_visibility_unaware,0,2.013,0.815,40.0
none,fog,40,15.0,0.75,reference,0,4.59,1.388,40.0
none,fog,40,15.0,0.75,M1_surface_unaware,0,4.59,1.388,40.0
none,fog,40,15.0,0.75,M2_aeb_unavailable,0,4.54,1.369,40.0
none,fog,40,15.0,0.75,M3_no_speed_cap,0,4.59,1.388,40.0
none,fog,40,15.0,0.75,M4_late_reaction,0,2.467,0.786,40.0
none,fog,40,15.0,0.75,M5_weak_brakes,0,1.654,0.75,40.0
none,fog,40,15.0,0.75,M6_visibility_unaware,0,4.59,1.388,40.0
none,fog,40,17.5,0.5,reference,0,2.373,0.807,40.0
none,fog,40,17.5,0.5,M1_surface_unaware,0,2.373,0.807,40.0
none,fog,40,17.5,0.5,M2_aeb_unavailable,1,-0.02,0.0,40.0
none,fog,40,17.5,0.5,M3_no_speed_cap,0,2.373,0.807,40.0
none,fog,40,17.5,0.5,M4_late_reaction,0,2.406,0.816,40.0
none,fog,40,17.5,0.5,M5_weak_brakes,1,-0.001,0.0,40.0
none,fog,40,17.5,0.5,M6_visibility_unaware,0,2.373,0.807,40.0
none,fog,40,17.5,0.75,reference,0,7.04,1.973,40.0
none,fog,40,17.5,0.75,M1_surface_unaware,0,7.04,1.973,40.0
none,fog,40,17.5,0.75,M2_aeb_unavailable,0,7.04,1.973,40.0
none,fog,40,17.5,0.75,M3_no_speed_cap,0,7.04,1.973,40.0
none,fog,40,17.5,0.75,M4_late_reaction,0,3.551,0.947,40.0
none,fog,40,17.5,0.75,M5_weak_brakes,0,3.891,1.17,40.0
none,fog,40,17.5,0.75,M6_visibility_unaware,0,7.04,1.973,40.0
none,fog,40,20.0,0.5,reference,0,3.065,0.889,40.0
none,fog,40,20.0,0.5,M1_surface_unaware,0,3.065,0.889,40.0
none,fog,40,20.0,0.5,M2_aeb_unavailable,0,1.629,0.65,40.0
none,fog,40,20.0,0.5,M3_no_speed_cap,0,3.065,0.889,40.0
none,fog,40,20.0,0.5,M4_late_reaction,0,2.769,0.831,40.0
none,fog,40,20.0,0.5,M5_weak_brakes,0,0.135,0.21,40.0
none,fog,40,20.0,0.5,M6_visibility_unaware,0,3.065,0.889,40.0
none,fog,40,20.0,0.75,reference,0,9.54,2.578,40.0
none,fog,40,20.0,0.75,M1_surface_unaware,0,9.54,2.578,40.0
none,fog,40,20.0,0.75,M2_aeb_unavailable,0,9.54,2.578,40.0
none,fog,40,20.0,0.75,M3_no_speed_cap,0,9.54,2.578,40.0
none,fog,40,20.0,0.75,M4_late_reaction,0,4.885,1.122,40.0
none,fog,40,20.0,0.75,M5_weak_brakes,0,6.022,1.55,40.0
none,fog,40,20.0,0.75,M6_visibility_unaware,0,9.54,2.578,40.0
none,fog,40,22.5,0.5,reference,0,4.566,1.11,40.0
none,fog,40,22.5,0.5,M1_surface_unaware,0,4.566,1.11,40.0
none,fog,40,22.5,0.5,M2_aeb_unavailable,0,4.129,1.053,40.0
none,fog,40,22.5,0.5,M3_no_speed_cap,0,4.566,1.11,40.0
none,fog,40,22.5,0.5,M4_late_reaction,0,3.805,0.976,40.0
none,fog,40,22.5,0.5,M5_weak_brakes,0,1.714,0.764,40.0
none,fog,40,22.5,0.5,M6_visibility_unaware,0,4.566,1.11,40.0
none,fog,40,22.5,0.75,reference,0,12.04,3.183,40.0
none,fog,40,22.5,0.75,M1_surface_unaware,0,12.04,3.183,40.0
none,fog,40,22.5,0.75,M2_aeb_unavailable,0,12.04,3.183,40.0
none,fog,40,22.5,0.75,M3_no_speed_cap,0,12.04,3.183,40.0
none,fog,40,22.5,0.75,M4_late_reaction,0,6.69,1.352,40.0
none,fog,40,22.5,0.75,M5_weak_brakes,0,8.522,1.953,40.0
none,fog,40,22.5,0.75,M6_visibility_unaware,0,12.04,3.183,40.0
none,fog,40,25.0,0.5,reference,0,6.701,1.433,40.0
none,fog,40,25.0,0.5,M1_surface_unaware,0,6.701,1.433,40.0
none,fog,40,25.0,0.5,M2_aeb_unavailable,0,6.629,1.426,40.0
none,fog,40,25.0,0.5,M3_no_speed_cap,0,6.701,1.433,40.0
none,fog,40,25.0,0.5,M4_late_reaction,0,4.834,1.099,40.0
none,fog,40,25.0,0.5,M5_weak_brakes,0,3.763,1.143,40.0
none,fog,40,25.0,0.5,M6_visibility_unaware,0,6.701,1.433,40.0
none,fog,40,25.0,0.75,reference,0,14.54,3.787,40.0
none,fog,40,25.0,0.75,M1_surface_unaware,0,14.54,3.787,40.0
none,fog,40,25.0,0.75,M2_aeb_unavailable,0,14.54,3.787,40.0
none,fog,40,25.0,0.75,M3_no_speed_cap,0,14.54,3.787,40.0
none,fog,40,25.0,0.75,M4_late_reaction,0,8.985,1.654,40.0
none,fog,40,25.0,0.75,M5_weak_brakes,0,11.022,2.357,40.0
none,fog,40,25.0,0.75,M6_visibility_unaware,0,14.54,3.787,40.0
none,fog,40,27.5,0.5,reference,0,9.129,1.798,40.0
none,fog,40,27.5,0.5,M1_surface_unaware,0,9.129,1.798,40.0
none,fog,40,27.5,0.5,M2_aeb_unavailable,0,9.129,1.798,40.0
none,fog,40,27.5,0.5,M3_no_speed_cap,0,9.129,1.798,40.0
none,fog,40,27.5,0.5,M4_late_reaction,0,6.062,1.237,40.0
none,fog,40,27.5,0.5,M5_weak_brakes,0,5.821,1.453,40.0
none,fog,40,27.5,0.5,M6_visibility_unaware,0,9.129,1.798,40.0
none,fog,40,27.5,0.75,reference,0,17.04,4.392,40.0
none,fog,40,27.5,0.75,M1_surface_unaware,0,17.04,4.392,40.0
none,fog,40,27.5,0.75,M2_aeb_unavailable,0,17.04,4.392,40.0
none,fog,40,27.5,0.75,M3_no_speed_cap,0,17.04,4.392,40.0
none,fog,40,27.5,0.75,M4_late_reaction,0,11.485,1.969,40.0
none,fog,40,27.5,0.75,M5_weak_brakes,0,13.522,2.759,40.0
none,fog,40,27.5,0.75,M6_visibility_unaware,0,17.04,4.392,40.0
none,fog,40,30.0,0.5,reference,0,11.629,2.169,40.0
none,fog,40,30.0,0.5,M1_surface_unaware,0,11.629,2.169,40.0
none,fog,40,30.0,0.5,M2_aeb_unavailable,0,11.629,2.169,40.0
none,fog,40,30.0,0.5,M3_no_speed_cap,0,11.629,2.169,40.0
none,fog,40,30.0,0.5,M4_late_reaction,0,7.374,1.375,40.0
none,fog,40,30.0,0.5,M5_weak_brakes,0,8.111,1.761,40.0
none,fog,40,30.0,0.5,M6_visibility_unaware,0,11.629,2.169,40.0
none,fog,40,30.0,0.75,reference,0,19.54,4.996,40.0
none,fog,40,30.0,0.75,M1_surface_unaware,0,19.54,4.996,40.0
none,fog,40,30.0,0.75,M2_aeb_unavailable,0,19.54,4.996,40.0
none,fog,40,30.0,0.75,M3_no_speed_cap,0,19.54,4.996,40.0
none,fog,40,30.0,0.75,M4_late_reaction,0,13.985,2.284,40.0
none,fog,40,30.0,0.75,M5_weak_brakes,0,16.022,3.161,40.0
none,fog,40,30.0,0.75,M6_visibility_unaware,0,19.54,4.996,40.0
none,fog,60,7.5,0.5,reference,1,-0.0,0.0,60.0
none,fog,60,7.5,0.5,M1_surface_unaware,1,-0.0,0.0,60.0
none,fog,60,7.5,0.5,M2_aeb_unavailable,1,-0.0,0.0,60.0
none,fog,60,7.5,0.5,M3_no_speed_cap,1,-0.0,0.0,60.0
none,fog,60,7.5,0.5,M4_late_reaction,1,-0.0,0.0,60.0
none,fog,60,7.5,0.5,M5_weak_brakes,1,-0.0,0.0,60.0
none,fog,60,7.5,0.5,M6_visibility_unaware,1,-0.0,0.0,60.0
none,fog,60,7.5,0.75,reference,1,-0.009,0.0,60.0
none,fog,60,7.5,0.75,M1_surface_unaware,1,-0.009,0.0,60.0
none,fog,60,7.5,0.75,M2_aeb_unavailable,1,-0.0,0.0,60.0
none,fog,60,7.5,0.75,M3_no_speed_cap,1,-0.009,0.0,60.0
none,fog,60,7.5,0.75,M4_late_reaction,1,-0.008,0.0,60.0
none,fog,60,7.5,0.75,M5_weak_brakes,1,-0.022,0.0,60.0
none,fog,60,7.5,0.75,M6_visibility_unaware,1,-0.009,0.0,60.0
none,fog,60,10.0,0.5,reference,1,-0.042,0.0,60.0
none,fog,60,10.0,0.5,M1_surface_unaware,1,-0.042,0.0,60.0
none,fog,60,10.0,0.5,M2_aeb_unavailable,1,-0.0,0.0,60.0
none,fog,60,10.0,0.5,M3_no_speed_cap,1,-0.042,0.0,60.0
none,fog,60,10.0,0.5,M4_late_reaction,1,-0.042,0.0,60.0
none,fog,60,10.0,0.5,M5_weak_brakes,1,-0.004,0.0,60.0
none,fog,60,10.0,0.5,M6_visibility_unaware,1,-0.042,0.0,60.0
none,fog,60,10.0,0.75,reference,1,-0.008,0.0,60.0
none,fog,60,10.0,0.75,M1_surface_unaware,1,-0.008,0.0,60.0
none,fog,60,10.0,0.75,M2_aeb_unavailable,1,-0.005,0.0,60.0
none,fog,60,10.0,0.75,M3_no_speed_cap,1,-0.008,0.0,60.0
none,fog,60,10.0,0.75,M4_late_reaction,1,-0.013,0.0,60.0
none,fog,60,10.0,0.75,M5_weak_brakes,1,-0.013,0.0,60.0
none,fog,60,10.0,0.75,M6_visibility_unaware,1,-0.008,0.0,60.0
none,fog,60,12.5,0.5,reference,1,-0.006,0.0,60.0
none,fog,60,12.5,0.5,M1_surface_unaware,1,-0.006,0.0,60.0
none,fog,60,12.5,0.5,M2_aeb_unavailable,1,-0.0,0.0,60.0
none,fog,60,12.5,0.5,M3_no_speed_cap,1,-0.006,0.0,60.0
none,fog,60,12.5,0.5,M4_late_reaction,1,-0.006,0.0,60.0
none,fog,60,12.5,0.5,M5_weak_brakes,1,-0.035,0.0,60.0
none,fog,60,12.5,0.5,M6_visibility_unaware,1,-0.006,0.0,60.0
none,fog,60,12.5,0.75,reference,1,-0.009,0.0,60.0
none,fog,60,12.5,0.75,M1_surface_unaware,1,-0.009,0.0,60.0
none,fog,60,12.5,0.75,M2_aeb_unavailable,1,-0.047,0.0,60.0
none,fog,60,12.5,0.75,M3_no_speed_cap,1,-0.009,0.0,60.0
none,fog,60,12.5,0.75,M4_late_reaction,1,-0.019,0.0,60.0
none,fog,60,12.5,0.75,M5_weak_brakes,1,-0.021,0.0,60.0
none,fog,60,12.5,0.75,M6_visibility_unaware,1,-0.009,0.0,60.0
none,fog,60,15.0,0.5,reference,0,0.536,0.481,60.0
none,fog,60,15.0,0.5,M1_surface_unaware,0,0.536,0.481,60.0
none,fog,60,15.0,0.5,M2_aeb_unavailable,1,-0.0,0.0,60.0
none,fog,60,15.0,0.5,M3_no_speed_cap,0,0.536,0.481,60.0
none,fog,60,15.0,0.5,M4_late_reaction,0,0.447,0.402,60.0
none,fog,60,15.0,0.5,M5_weak_brakes,1,-0.019,0.0,60.0
none,fog,60,15.0,0.5,M6_visibility_unaware,0,0.536,0.481,60.0
none,fog,60,15.0,0.75,reference,1,-0.039,0.0,60.0
none,fog,60,15.0,0.75,M1_surface_unaware,1,-0.039,0.0,60.0
none,fog,60,15.0,0.75,M2_aeb_unavailable,1,-0.046,0.0,60.0
none,fog,60,15.0,0.75,M3_no_speed_cap,1,-0.039,0.0,60.0
none,fog,60,15.0,0.75,M4_late_reaction,1,-0.036,0.0,60.0
none,fog,60,15.0,0.75,M5_weak_brakes,1,-0.064,0.0,60.0
none,fog,60,15.0,0.75,M6_visibility_unaware,1,-0.039,0.0,60.0
none,fog,60,17.5,0.5,reference,0,0.84,0.471,60.0
none,fog,60,17.5,0.5,M1_surface_unaware,0,0.84,0.471,60.0
none,fog,60,17.5,0.5,M2_aeb_unavailable,1,-0.074,0.0,60.0
none,fog,60,17.5,0.5,M3_no_speed_cap,0,0.84,0.471,60.0
none,fog,60,17.5,0.5,M4_late_reaction,0,0.829,0.466,60.0
none,fog,60,17.5,0.5,M5_weak_brakes,1,-0.007,0.0,60.0
none,fog,60,17.5,0.5,M6_visibility_unaware,0,0.84,0.471,60.0
none,fog,60,17.5,0.75,reference,1,-0.01,0.0,60.0
none,fog,60,17.5,0.75,M1_surface_unaware,1,-0.01,0.0,60.0
none,fog,60,17.5,0.75,M2_aeb_unavailable,1,-0.018,0.0,60.0
none,fog,60,17.5,0.75,M3_no_speed_cap,1,-0.01,0.0,60.0
none,fog,60,17.5,0.75,M4_late_reaction,1,-0.035,0.0,60.0
none,fog,60,17.5,0.75,M5_weak_brakes,1,-0.01,0.0,60.0
none,fog,60,17.5,0.75,M6_visibility_unaware,1,-0.01,0.0,60.0
none,fog,60,20.0,0.5,reference,0,0.923,0.472,60.0
none,fog,60,20.0,0.5,M1_surface_unaware,0,0.923,0.472,60.0
none,fog,60,20.0,0.5,M2_aeb_unavailable,1,-0.025,0.0,60.0
none,fog,60,20.0,0.5,M3_no_speed_cap,0,0.923,0.472,60.0
none,fog,60,20.0,0.5,M4_late_reaction,0,0.844,0.451,60.0
none,fog,60,20.0,0.5,M5_weak_brakes,1,-0.026,0.0,60.0
none,fog,60,20.0,0.5,M6_visibility_unaware,0,0.923,0.472,60.0
none,fog,60,20.0,0.75,reference,0,1.978,0.695,60.0
none,fog,60,20.0,0.75,M1_surface_unaware,0,1.978,0.695,60.0
none,fog,60,20.0,0.75,M2_aeb_unavailable,0,1.355,0.592,60.0
none,fog,60,20.0,0.75,M3_no_speed_cap,0,1.978,0.695,60.0
none,fog,60,20.0,0.75,M4_late_reaction,1,-0.035,0.0,60.0
none,fog,60,20.0,0.75,M5_weak_brakes,1,-0.015,0.0,60.0
none,fog,60,20.0,0.75,M6_visibility_unaware,0,1.978,0.695,60.0
none,fog,60,22.5,0.5,reference,0,0.796,0.438,60.0
none,fog,60,22.5,0.5,M1_surface_unaware,0,0.796,0.438,60.0
none,fog,60,22.5,0.5,M2_aeb_unavailable,1,-0.068,0.0,60.0
none,fog,60,22.5,0.5,M3_no_speed_cap,0,0.796,0.438,60.0
none,fog,60,22.5,0.5,M4_late_reaction,0,0.855,0.454,60.0
none,fog,60,22.5,0.5,M5_weak_brakes,1,-0.033,0.0,60.0
none,fog,60,22.5,0.5,M6_visibility_unaware,0,0.796,0.438,60.0
none,fog,60,22.5,0.75,reference,0,4.16,1.094,60.0
none,fog,60,22.5,0.75,M1_surface_unaware,0,4.16,1.094,60.0
none,fog,60,22.5,0.75,M2_aeb_unavailable,0,3.855,1.043,60.0
none,fog,60,22.5,0.75,M3_no_speed_cap,0,4.16,1.094,60.0
none,fog,60,22.5,0.75,M4_late_reaction,1,-0.012,0.0,60.0
none,fog,60,22.5,0.75,M5_weak_brakes,1,-0.037,0.0,60.0
none,fog,60,22.5,0.75,M6_visibility_unaware,0,4.16,1.094,60.0
none,fog,60,25.0,0.5,reference,0,0.677,0.403,60.0
none,fog,60,25.0,0.5,M1_surface_unaware,0,0.677,0.403,60.0
none,fog,60,25.0,0.5,M2_aeb_unavailable,1,-0.054,0.0,60.0
none,fog,60,25.0,0.5,M3_no_speed_cap,0,0.677,0.403,60.0
none,fog,60,25.0,0.5,M4_late_reaction,0,0.546,0.361,60.0
none,fog,60,25.0,0.5,M5_weak_brakes,1,-0.059,0.0,60.0
none,fog,60,25.0,0.5,M6_visibility_unaware,0,0.677,0.403,60.0
none,fog,60,25.0,0.75,reference,0,6.371,1.479,60.0
none,fog,60,25.0,0.75,M1_surface_unaware,0,6.371,1.479,60.0
none,fog,60,25.0,0.75,M2_aeb_unavailable,0,6.355,1.476,60.0
none,fog,60,25.0,0.75,M3_no_speed_cap,0,6.371,1.479,60.0
none,fog,60,25.0,0.75,M4_late_reaction,0,0.387,0.303,60.0
none,fog,60,25.0,0.75,M5_weak_brakes,1,-0.016,0.0,60.0
none,fog,60,25.0,0.75,M6_visibility_unaware,0,6.371,1.479,60.0
none,fog,60,27.5,0.5,reference,0,0.208,0.221,60.0
none,fog,60,27.5,0.5,M1_surface_unaware,0,0.208,0.221,60.0
none,fog,60,27.5,0.5,M2_aeb_unavailable,1,-0.069,0.0,60.0
none,fog,60,27.5,0.5,M3_no_speed_cap,0,0.208,0.221,60.0
none,fog,60,27.5,0.5,M4_late_reaction,0,0.127,0.172,60.0
none,fog,60,27.5,0.5,M5_weak_brakes,1,-0.048,0.0,60.0
none,fog,60,27.5,0.5,M6_visibility_unaware,0,0.208,0.221,60.0
none,fog,60,27.5,0.75,reference,0,8.855,1.908,60.0
none,fog,60,27.5,0.75,M1_surface_unaware,0,8.855,1.908,60.0
none,fog,60,27.5,0.75,M2_aeb_unavailable,0,8.855,1.908,60.0
none,fog,60,27.5,0.75,M3_no_speed_cap,0,8.855,1.908,60.0
none,fog,60,27.5,0.75,M4_late_reaction,0,1.703,0.643,60.0
none,fog,60,27.5,0.75,M5_weak_brakes,0,2.003,0.827,60.0
none,fog,60,27.5,0.75,M6_visibility_unaware,0,8.855,1.908,60.0
none,fog,60,30.0,0.5,reference,0,0.257,0.246,60.0
none,fog,60,30.0,0.5,M1_surface_unaware,0,0.257,0.246,60.0
none,fog,60,30.0,0.5,M2_aeb_unavailable,1,-0.008,0.0,60.0
none,fog,60,30.0,0.5,M3_no_speed_cap,0,0.257,0.246,60.0
none,fog,60,30.0,0.5,M4_late_reaction,1,-0.013,0.0,60.0
none,fog,60,30.0,0.5,M5_weak_brakes,1,-0.047,0.0,60.0
none,fog,60,30.0,0.5,M6_visibility_unaware,0,0.257,0.246,60.0
none,fog,60,30.0,0.75,reference,0,11.355,2.339,60.0
none,fog,60,30.0,0.75,M1_surface_unaware,0,11.355,2.339,60.0
none,fog,60,30.0,0.75,M2_aeb_unavailable,0,11.355,2.339,60.0
none,fog,60,30.0,0.75,M3_no_speed_cap,0,11.355,2.339,60.0
none,fog,60,30.0,0.75,M4_late_reaction,0,3.797,0.965,60.0
none,fog,60,30.0,0.75,M5_weak_brakes,0,4.223,1.213,60.0
none,fog,60,30.0,0.75,M6_visibility_unaware,0,11.355,2.339,60.0
none,fog,70,7.5,0.5,reference,1,-0.061,0.0,60.0
none,fog,70,7.5,0.5,M1_surface_unaware,1,-0.061,0.0,60.0
none,fog,70,7.5,0.5,M2_aeb_unavailable,1,-0.0,0.0,60.0
none,fog,70,7.5,0.5,M3_no_speed_cap,1,-0.083,0.0,70.0
none,fog,70,7.5,0.5,M4_late_reaction,1,-0.061,0.0,60.0
none,fog,70,7.5,0.5,M5_weak_brakes,1,-0.064,0.0,60.0
none,fog,70,7.5,0.5,M6_visibility_unaware,1,-0.061,0.0,60.0
none,fog,70,7.5,0.75,reference,1,-0.013,0.0,60.0
none,fog,70,7.5,0.75,M1_surface_unaware,1,-0.013,0.0,60.0
none,fog,70,7.5,0.75,M2_aeb_unavailable,1,-0.019,0.0,60.0
none,fog,70,7.5,0.75,M3_no_speed_cap,1,-0.004,0.0,70.0
none,fog,70,7.5,0.75,M4_late_reaction,1,-0.013,0.0,60.0
none,fog,70,7.5,0.75,M5_weak_brakes,1,-0.014,0.0,60.0
none,fog,70,7.5,0.75,M6_visibility_unaware,1,-0.013,0.0,60.0
none,fog,70,10.0,0.5,reference,1,-0.007,0.0,60.0
none,fog,70,10.0,0.5,M1_surface_unaware,1,-0.007,0.0,60.0
none,fog,70,10.0,0.5,M2_aeb_unavailable,1,-0.0,0.0,60.0
none,fog,70,10.0,0.5,M3_no_speed_cap,1,-0.014,0.0,70.0
none,fog,70,10.0,0.5,M4_late_reaction,1,-0.007,0.0,60.0
none,fog,70,10.0,0.5,M5_weak_brakes,1,-0.02,0.0,60.0
none,fog,70,10.0,0.5,M6_visibility_unaware,1,-0.007,0.0,60.0
none,fog,70,10.0,0.75,reference,1,-0.007,0.0,60.0
none,fog,70,10.0,0.75,M1_surface_unaware,1,-0.007,0.0,60.0
none,fog,70,10.0,0.75,M2_aeb_unavailable,1,-0.018,0.0,60.0
none,fog,70,10.0,0.75,M3_no_speed_cap,1,-0.012,0.0,70.0
none,fog,70,10.0,0.75,M4_late_reaction,1,-0.004,0.0,60.0
none,fog,70,10.0,0.75,M5_weak_brakes,1,-0.043,0.0,60.0
none,fog,70,10.0,0.75,M6_visibility_unaware,1,-0.007,0.0,60.0
none,fog,70,12.5,0.5,reference,0,0.318,0.319,60.0
none,fog,70,12.5,0.5,M1_surface_unaware,0,0.318,0.319,60.0
none,fog,70,12.5,0.5,M2_aeb_unavailable,1,-0.0,0.0,60.0
none,fog,70,12.5,0.5,M3_no_speed_cap,1,-0.026,0.0,70.0
none,fog,70,12.5,0.5,M4_late_reaction,0,0.213,0.235,60.0
none,fog,70,12.5,0.5,M5_weak_brakes,1,-0.017,0.0,60.0
none,fog,70,12.5,0.5,M6_visibility_unaware,0,0.318,0.319,60.0
none,fog,70,12.5,0.75,reference,0,1.869,0.751,60.0
none,fog,70,12.5,0.75,M1_surface_unaware,0,1.869,0.751,60.0
none,fog,70,12.5,0.75,M2_aeb_unavailable,0,1.476,0.632,60.0
none,fog,70,12.5,0.75,M3_no_speed_cap,1,-0.001,0.0,70.0
none,fog,70,12.5,0.75,M4_late_reaction,1,-0.024,0.0,60.0
none,fog,70,12.5,0.75,M5_weak_brakes,1,-0.043,0.0,60.0
none,fog,70,12.5,0.75,M6_visibility_unaware,0,1.869,0.751,60.0
none,fog,70,15.0,0.5,reference,0,0.362,0.293,60.0
none,fog,70,15.0,0.5,M1_surface_unaware,0,0.362,0.293,60.0
none,fog,70,15.0,0.5,M2_aeb_unavailable,1,-0.012,0.0,60.0
none,fog,70,15.0,0.5,M3_no_speed_cap,1,-0.03,0.0,70.0
none,fog,70,15.0,0.5,M4_late_reaction,0,0.343,0.285,60.0
none,fog,70,15.0,0.5,M5_weak_brakes,1,-0.025,0.0,60.0
none,fog,70,15.0,0.5,M6_visibility_unaware,0,0.362,0.293,60.0
none,fog,70,15.0,0.75,reference,0,4.056,1.316,60.0
none,fog,70,15.0,0.75,M1_surface_unaware,0,4.056,1.316,60.0
none,fog,70,15.0,0.75,M2_aeb_unavailable,0,3.976,1.279,60.0
none,fog,70,15.0,0.75,M3_no_speed_cap,1,-0.015,0.0,70.0
none,fog,70,15.0,0.75,M4_late_reaction,1,-0.036,0.0,60.0
none,fog,70,15.0,0.75,M5_weak_brakes,1,-0.018,0.0,60.0
none,fog,70,15.0,0.75,M6_visibility_unaware,0,4.056,1.316,60.0
none,fog,70,17.5,0.5,reference,0,0.316,0.274,60.0
none,fog,70,17.5,0.5,M1_surface_unaware,0,0.316,0.274,60.0
none,fog,70,17.5,0.5,M2_aeb_unavailable,1,-0.018,0.0,60.0
none,fog,70,17.5,0.5,M3_no_speed_cap,1,-0.0,0.0,70.0
none,fog,70,17.5,0.5,M4_late_reaction,0,0.217,0.226,60.0
none,fog,70,17.5,0.5,M5_weak_brakes,1,-0.0,0.0,60.0
none,fog,70,17.5,0.5,M6_visibility_unaware,0,0.316,0.274,60.0
none,fog,70,17.5,0.75,reference,0,6.476,1.926,60.0
none,fog,70,17.5,0.75,M1_surface_unaware,0,6.476,1.926,60.0
none,fog,70,17.5,0.75,M2_aeb_unavailable,0,6.476,1.926,60.0
none,fog,70,17.5,0.75,M3_no_speed_cap,1,-0.024,0.0,70.0
none,fog,70,17.5,0.75,M4_late_reaction,1,-0.011,0.0,60.0
none,fog,70,17.5,0.75,M5_weak_brakes,1,-0.019,0.0,60.0
none,fog,70,17.5,0.75,M6_visibility_unaware,0,6.476,1.926,60.0
none,fog,70,20.0,0.5,reference,0,0.091,0.144,60.0
none,fog,70,20.0,0.5,M1_surface_unaware,0,0.091,0.144,60.0
none,fog,70,20.0,0.5,M2_aeb_unavailable,1,-0.027,0.0,60.0
none,fog,70,20.0,0.5,M3_no_speed_cap,0,0.377,0.299,70.0
none,fog,70,20.0,0.5,M4_late_reaction,0,0.021,0.067,60.0
none,fog,70,20.0,0.5,M5_weak_brakes,1,-0.028,0.0,60.0
none,fog,70,20.0,0.5,M6_visibility_unaware,0,0.091,0.144,60.0
none,fog,70,20.0,0.75,reference,0,8.976,2.573,60.0
none,fog,70,20.0,0.75,M1_surface_unaware,0,8.976,2.573,60.0
none,fog,70,20.0,0.75,M2_aeb_unavailable,0,8.976,2.573,60.0
none,fog,70,20.0,0.75,M3_no_speed_cap,1,-0.009,0.0,70.0
none,fog,70,20.0,0.75,M4_late_reaction,0,1.514,0.606,60.0
none,fog,70,20.0,0.75,M5_weak_brakes,0,1.927,0.811,60.0
none,fog,70,20.0,0.75,M6_visibility_unaware,0,8.976,2.573,60.0
none,fog,70,22.5,0.5,reference,1,-0.002,0.0,60.0
none,fog,70,22.5,0.5,M1_surface_unaware,1,-0.002,0.0,60.0
none,fog,70,22.5,0.5,M2_aeb_unavailable,1,-0.005,0.0,60.0
none,fog,70,22.5,0.5,M3_no_speed_cap,0,0.185,0.208,70.0
none,fog,70,22.5,0.5,M4_late_reaction,1,-0.013,0.0,60.0
none,fog,70,22.5,0.5,M5_weak_brakes,1,-0.047,0.0,60.0
none,fog,70,22.5,0.5,M6_visibility_unaware,1,-0.002,0.0,60.0
none,fog,70,22.5,0.75,reference,0,11.476,3.22,60.0
none,fog,70,22.5,0.75,M1_surface_unaware,0,11.476,3.22,60.0
none,fog,70,22.5,0.75,M2_aeb_unavailable,0,11.476,3.22,60.0
none,fog,70,22.5,0.75,M3_no_speed_cap,0,0.057,0.114,70.0
none,fog,70,22.5,0.75,M4_late_reaction,0,3.723,0.958,60.0
none,fog,70,22.5,0.75,M5_weak_brakes,0,4.145,1.202,60.0
none,fog,70,22.5,0.75,M6_visibility_unaware,0,11.476,3.22,60.0
none,fog,70,25.0,0.5,reference,1,-0.007,0.0,60.0
none,fog,70,25.0,0.5,M1_surface_unaware,1,-0.007,0.0,60.0
none,fog,70,25.0,0.5,M2_aeb_unavailable,1,-0.004,0.0,60.0
none,fog,70,25.0,0.5,M3_no_speed_cap,1,-0.002,0.0,70.0
none,fog,70,25.0,0.5,M4_late_reaction,1,-0.015,0.0,60.0
none,fog,70,25.0,0.5,M5_weak_brakes,1,-0.074,0.0,60.0
none,fog,70,25.0,0.5,M6_visibility_unaware,1,-0.007,0.0,60.0
none,fog,70,25.0,0.75,reference,0,13.976,3.867,60.0
none,fog,70,25.0,0.75,M1_surface_unaware,0,13.976,3.867,60.0
none,fog,70,25.0,0.75,M2_aeb_unavailable,0,13.976,3.867,60.0
none,fog,70,25.0,0.75,M3_no_speed_cap,0,2.212,0.734,70.0
none,fog,70,25.0,0.75,M4_late_reaction,0,5.924,1.26,60.0
none,fog,70,25.0,0.75,M5_weak_brakes,0,6.102,1.512,60.0
none,fog,70,25.0,0.75,M6_visibility_unaware,0,13.976,3.867,60.0
none,fog,70,27.5,0.5,reference,0,0.789,0.435,60.0
none,fog,70,27.5,0.5,M1_surface_unaware,0,0.789,0.435,60.0
none,fog,70,27.5,0.5,M2_aeb_unavailable,1,-0.026,0.0,60.0
none,fog,70,27.5,0.5,M3_no_speed_cap,1,-0.018,0.0,70.0
none,fog,70,27.5,0.5,M4_late_reaction,1,-0.019,0.0,60.0
none,fog,70,27.5,0.5,M5_weak_brakes,1,-0.006,0.0,60.0
none,fog,70,27.5,0.5,M6_visibility_unaware,0,0.789,0.435,60.0
none,fog,70,27.5,0.75,reference,0,16.476,4.515,60.0
none,fog,70,27.5,0.75,M1_surface_unaware,0,16.476,4.515,60.0
none,fog,70,27.5,0.75,M2_aeb_unavailable,0,16.476,4.515,60.0
none,fog,70,27.5,0.75,M3_no_speed_cap,0,4.409,1.085,70.0
none,fog,70,27.5,0.75,M4_late_reaction,0,8.142,1.563,60.0
none,fog,70,27.5,0.75,M5_weak_brakes,0,8.602,1.838,60.0
none,fog,70,27.5,0.75,M6_visibility_unaware,0,16.476,4.515,60.0
none,fog,70,30.0,0.5,reference,0,2.799,0.827,60.0
none,fog,70,30.0,0.5,M1_surface_unaware,0,2.799,0.827,60.0
none,fog,70,30.0,0.5,M2_aeb_unavailable,0,2.022,0.725,60.0
none,fog,70,30.0,0.5,M3_no_speed_cap,1,-0.003,0.0,70.0
none,fog,70,30.0,0.5,M4_late_reaction,0,0.226,0.231,60.0
none,fog,70,30.0,0.5,M5_weak_brakes,1,-0.002,0.0,60.0
none,fog,70,30.0,0.5,M6_visibility_unaware,0,2.799,0.827,60.0
none,fog,70,30.0,0.75,reference,0,18.976,5.162,60.0
none,fog,70,30.0,0.75,M1_surface_unaware,0,18.976,5.162,60.0
none,fog,70,30.0,0.75,M2_aeb_unavailable,0,18.976,5.162,60.0
none,fog,70,30.0,0.75,M3_no_speed_cap,0,6.612,1.426,70.0
none,fog,70,30.0,0.75,M4_late_reaction,0,10.642,1.89,60.0
none,fog,70,30.0,0.75,M5_weak_brakes,0,11.102,2.163,60.0
none,fog,70,30.0,0.75,M6_visibility_unaware,0,18.976,5.162,60.0
rain,clear,40,7.5,0.5,reference,0,0.394,0.409,31.81
rain,clear,40,7.5,0.5,M1_surface_unaware,1,-0.027,0.0,40.0
rain,clear,40,7.5,0.5,M2_aeb_unavailable,1,-0.032,0.0,31.81
rain,clear,40,7.5,0.5,M3_no_speed_cap,0,0.394,0.409,31.81
rain,clear,40,7.5,0.5,M4_late_reaction,0,0.407,0.419,31.81
rain,clear,40,7.5,0.5,M5_weak_brakes,0,0.394,0.409,31.81
rain,clear,40,7.5,0.5,M6_visibility_unaware,0,0.394,0.409,31.81
rain,clear,40,7.5,0.75,reference,0,4.805,4.706,31.81
rain,clear,40,7.5,0.75,M1_surface_unaware,1,-0.0,0.0,40.0
rain,clear,40,7.5,0.75,M2_aeb_unavailable,0,4.805,4.706,31.81
rain,clear,40,7.5,0.75,M3_no_speed_cap,0,4.805,4.706,31.81
rain,clear,40,7.5,0.75,M4_late_reaction,0,0.754,0.536,31.81
rain,clear,40,7.5,0.75,M5_weak_brakes,0,4.805,4.706,31.81
rain,clear,40,7.5,0.75,M6_visibility_unaware,0,4.805,4.706,31.81
rain,clear,40,10.0,0.5,reference,0,0.429,0.403,31.81
rain,clear,40,10.0,0.5,M1_surface_unaware,0,0.267,0.396,40.0
rain,clear,40,10.0,0.5,M2_aeb_unavailable,1,-0.014,0.0,31.81
rain,clear,40,10.0,0.5,M3_no_speed_cap,0,0.429,0.403,31.81
rain,clear,40,10.0,0.5,M4_late_reaction,0,0.421,0.4,31.81
rain,clear,40,10.0,0.5,M5_weak_brakes,0,0.429,0.403,31.81
rain,clear,40,10.0,0.5,M6_visibility_unaware,0,0.429,0.403,31.81
rain,clear,40,10.0,0.75,reference,0,7.305,7.1,31.81
rain,clear,40,10.0,0.75,M1_surface_unaware,1,-0.006,0.0,40.0
rain,clear,40,10.0,0.75,M2_aeb_unavailable,0,7.305,7.1,31.81
rain,clear,40,10.0,0.75,M3_no_speed_cap,0,7.305,7.1,31.81
rain,clear,40,10.0,0.75,M4_late_reaction,0,2.887,1.145,31.81
rain,clear,40,10.0,0.75,M5_weak_brakes,0,7.305,7.1,31.81
rain,clear,40,10.0,0.75,M6_visibility_unaware,0,7.305,7.1,31.81
rain,clear,40,12.5,0.5,reference,0,0.885,0.581,31.81
rain,clear,40,12.5,0.5,M1_surface_unaware,0,0.46,0.418,40.0
rain,clear,40,12.5,0.5,M2_aeb_unavailable,0,0.518,0.444,31.81
rain,clear,40,12.5,0.5,M3_no_speed_cap,0,0.885,0.581,31.81
rain,clear,40,12.5,0.5,M4_late_reaction,0,0.485,0.429,31.81
rain,clear,40,12.5,0.5,M5_weak_brakes,0,0.885,0.581,31.81
rain,clear,40,12.5,0.5,M6_visibility_unaware,0,0.885,0.581,31.81
rain,clear,40,12.5,0.75,reference,0,9.805,9.494,31.81
rain,clear,40,12.5,0.75,M1_surface_unaware,0,0.625,0.488,40.0
rain,clear,40,12.5,0.75,M2_aeb_unavailable,0,9.805,9.494,31.81
rain,clear,40,12.5,0.75,M3_no_speed_cap,0,9.805,9.494,31.81
rain,clear,40,12.5,0.75,M4_late_reaction,0,5.387,1.838,31.81
rain,clear,40,12.5,0.75,M5_weak_brakes,0,9.805,9.494,31.81
rain,clear,40,12.5,0.75,M6_visibility_unaware,0,9.805,9.494,31.81
rain,clear,40,15.0,0.5,reference,0,3.018,1.157,31.81
rain,clear,40,15.0,0.5,M1_surface_unaware,0,0.349,0.363,40.0
rain,clear,40,15.0,0.5,M2_aeb_unavailable,0,3.018,1.157,31.81
rain,clear,40,15.0,0.5,M3_no_speed_cap,0,3.018,1.157,31.81
rain,clear,40,15.0,0.5,M4_late_reaction,0,1.218,0.683,31.81
rain,clear,40,15.0,0.5,M5_weak_brakes,0,3.018,1.157,31.81
rain,clear,40,15.0,0.5,M6_visibility_unaware,0,3.018,1.157,31.81
rain,clear,40,15.0,0.75,reference,0,12.305,11.888,31.81
rain,clear,40,15.0,0.75,M1_surface_unaware,0,3.125,1.261,40.0
rain,clear,40,15.0,0.75,M2_aeb_unavailable,0,12.305,11.888,31.81
rain,clear,40,15.0,0.75,M3_no_speed_cap,0,12.305,11.888,31.81
rain,clear,40,15.0,0.75,M4_late_reaction,0,7.887,2.531,31.81
rain,clear,40,15.0,0.75,M5_weak_brakes,0,12.305,11.888,31.81
rain,clear,40,15.0,0.75,M6_visibility_unaware,0,12.305,11.888,31.81
rain,clear,40,17.5,0.5,reference,0,5.518,1.812,31.81
rain,clear,40,17.5,0.5,M1_surface_unaware,1,-0.001,0.0,40.0
rain,clear,40,17.5,0.5,M2_aeb_unavailable,0,5.518,1.812,31.81
rain,clear,40,17.5,0.5,M3_no_speed_cap,0,5.518,1.812,31.81
rain,clear,40,17.5,0.5,M4_late_reaction,0,2.124,0.903,31.81
rain,clear,40,17.5,0.5,M5_weak_brakes,0,5.518,1.812,31.81
rain,clear,40,17.5,0.5,M6_visibility_unaware,0,5.518,1.812,31.81
rain,clear,40,17.5,0.75,reference,0,14.805,14.282,31.81
rain,clear,40,17.5,0.75,M1_surface_unaware,0,5.625,2.016,40.0
rain,clear,40,17.5,0.75,M2_aeb_unavailable,0,14.805,14.282,31.81
rain,clear,40,17.5,0.75,M3_no_speed_cap,0,14.805,14.282,31.81
rain,clear,40,17.5,0.75,M4_late_reaction,0,10.387,3.223,31.81
rain,clear,40,17.5,0.75,M5_weak_brakes,0,14.805,14.282,31.81
rain,clear,40,17.5,0.75,M6_visibility_unaware,0,14.805,14.282,31.81
rain,clear,40,20.0,0.5,reference,0,8.018,2.467,31.81
rain,clear,40,20.0,0.5,M1_surface_unaware,1,-0.011,0.0,40.0
rain,clear,40,20.0,0.5,M2_aeb_unavailable,0,8.018,2.467,31.81
rain,clear,40,20.0,0.5,M3_no_speed_cap,0,8.018,2.467,31.81
rain,clear,40,20.0,0.5,M4_late_reaction,0,3.7,1.194,31.81
rain,clear,40,20.0,0.5,M5_weak_brakes,0,8.018,2.467,31.81
rain,clear,40,20.0,0.5,M6_visibility_unaware,0,8.018,2.467,31.81
rain,clear,40,20.0,0.75,reference,0,17.305,16.676,31.81
rain,clear,40,20.0,0.75,M1_surface_unaware,0,8.125,2.772,40.0
rain,clear,40,20.0,0.75,M2_aeb_unavailable,0,17.305,16.676,31.81
rain,clear,40,20.0,0.75,M3_no_speed_cap,0,17.305,16.676,31.81
rain,clear,40,20.0,0.75,M4_late_reaction,0,12.887,3.915,31.81
rain,clear,40,20.0,0.75,M5_weak_brakes,0,17.305,16.676,31.81
rain,clear,40,20.0,0.75,M6_visibility_unaware,0,17.305,16.676,31.81
rain,clear,40,22.5,0.5,reference,0,10.518,3.122,31.81
rain,clear,40,22.5,0.5,M1_surface_unaware,0,1.34,0.716,40.0
rain,clear,40,22.5,0.5,M2_aeb_unavailable,0,10.518,3.122,31.81
rain,clear,40,22.5,0.5,M3_no_speed_cap,0,10.518,3.122,31.81
rain,clear,40,22.5,0.5,M4_late_reaction,0,6.1,1.57,31.81
rain,clear,40,22.5,0.5,M5_weak_brakes,0,10.518,3.122,31.81
rain,clear,40,22.5,0.5,M6_visibility_unaware,0,10.518,3.122,31.81
rain,clear,40,22.5,0.75,reference,0,19.805,19.07,31.81
rain,clear,40,22.5,0.75,M1_surface_unaware,0,10.625,3.527,40.0
rain,clear,40,22.5,0.75,M2_aeb_unavailable,0,19.805,19.07,31.81
rain,clear,40,22.5,0.75,M3_no_speed_cap,0,19.805,19.07,31.81
rain,clear,40,22.5,0.75,M4_late_reaction,0,15.387,4.606,31.81
rain,clear,40,22.5,0.75,M5_weak_brakes,0,19.805,19.07,31.81
rain,clear,40,22.5,0.75,M6_visibility_unaware,0,19.805,19.07,31.81
rain,clear,40,25.0,0.5,reference,0,13.018,3.777,31.81
rain,clear,40,25.0,0.5,M1_surface_unaware,0,3.838,1.216,40.0
rain,clear,40,25.0,0.5,M2_aeb_unavailable,0,13.018,3.777,31.81
rain,clear,40,25.0,0.5,M3_no_speed_cap,0,13.018,3.777,31.81
rain,clear,40,25.0,0.5,M4_late_reaction,0,8.6,1.961,31.81
rain,clear,40,25.0,0.5,M5_weak_brakes,0,13.018,3.777,31.81
rain,clear,40,25.0,0.5,M6_visibility_unaware,0,13.018,3.777,31.81
rain,clear,40,25.0,0.75,reference,0,22.305,21.464,31.81
rain,clear,40,25.0,0.75,M1_surface_unaware,0,13.125,4.28,40.0
rain,clear,40,25.0,0.75,M2_aeb_unavailable,0,22.305,21.464,31.81
rain,clear,40,25.0,0.75,M3_no_speed_cap,0,22.305,21.464,31.81
rain,clear,40,25.0,0.75,M4_late_reaction,0,17.887,5.296,31.81
rain,clear,40,25.0,0.75,M5_weak_brakes,0,22.305,21.464,31.81
rain,clear,40,25.0,0.75,M6_visibility_unaware,0,22.305,21.464,31.81
rain,clear,40,27.5,0.5,reference,0,15.518,4.433,31.81
rain,clear,40,27.5,0.5,M1_surface_unaware,0,6.338,1.627,40.0
rain,clear,40,27.5,0.5,M2_aeb_unavailable,0,15.518,4.433,31.81
rain,clear,40,27.5,0.5,M3_no_speed_cap,0,15.518,4.433,31.81
rain,clear,40,27.5,0.5,M4_late_reaction,0,11.1,2.352,31.81
rain,clear,40,27.5,0.5,M5_weak_brakes,0,15.518,4.433,31.81
rain,clear,40,27.5,0.5,M6_visibility_unaware,0,15.518,4.433,31.81
rain,clear,40,27.5,0.75,reference,0,24.805,23.858,31.81
rain,clear,40,27.5,0.75,M1_surface_unaware,0,15.625,5.034,40.0
rain,clear,40,27.5,0.75,M2_aeb_unavailable,0,24.805,23.858,31.81
rain,clear,40,27.5,0.75,M3_no_speed_cap,0,24.805,23.858,31.81
rain,clear,40,27.5,0.75,M4_late_reaction,0,20.387,5.987,31.81
rain,clear,40,27.5,0.75,M5_weak_brakes,0,24.805,23.858,31.81
rain,clear,40,27.5,0.75,M6_visibility_unaware,0,24.805,23.858,31.81
rain,clear,40,30.0,0.5,reference,0,18.018,5.088,31.81
rain,clear,40,30.0,0.5,M1_surface_unaware,0,8.838,2.038,40.0
rain,clear,40,30.0,0.5,M2_aeb_unavailable,0,18.018,5.088,31.81
rain,clear,40,30.0,0.5,M3_no_speed_cap,0,18.018,5.088,31.81
rain,clear,40,30.0,0.5,M4_late_reaction,0,13.6,2.744,31.81
rain,clear,40,30.0,0.5,M5_weak_brakes,0,18.018,5.088,31.81
rain,clear,40,30.0,0.5,M6_visibility_unaware,0,18.018,5.088,31.81
rain,clear,40,30.0,0.75,reference,0,27.305,26.251,31.81
rain,clear,40,30.0,0.75,M1_surface_unaware,0,18.125,5.787,40.0
rain,clear,40,30.0,0.75,M2_aeb_unavailable,0,27.305,26.251,31.81
rain,clear,40,30.0,0.75,M3_no_speed_cap,0,27.305,26.251,31.81
rain,clear,40,30.0,0.75,M4_late_reaction,0,22.887,6.678,31.81
rain,clear,40,30.0,0.75,M5_weak_brakes,0,27.305,26.251,31.81
rain,clear,40,30.0,0.75,M6_visibility_unaware,0,27.305,26.251,31.81
rain,clear,60,7.5,0.5,reference,1,-0.0,0.0,47.72
rain,clear,60,7.5,0.5,M1_surface_unaware,1,-0.0,0.0,60.0
rain,clear,60,7.5,0.5,M2_aeb_unavailable,1,-0.031,0.0,47.72
rain,clear,60,7.5,0.5,M3_no_speed_cap,1,-0.0,0.0,47.72
rain,clear,60,7.5,0.5,M4_late_reaction,1,-0.0,0.0,47.72
rain,clear,60,7.5,0.5,M5_weak_brakes,1,-0.0,0.0,47.72
rain,clear,60,7.5,0.5,M6_visibility_unaware,1,-0.0,0.0,47.72
rain,clear,60,7.5,0.75,reference,0,2.79,2.281,47.72
rain,clear,60,7.5,0.75,M1_surface_unaware,1,-0.007,0.0,60.0
rain,clear,60,7.5,0.75,M2_aeb_unavailable,0,2.79,2.281,47.72
rain,clear,60,7.5,0.75,M3_no_speed_cap,0,2.79,2.281,47.72
rain,clear,60,7.5,0.75,M4_late_reaction,1,-0.032,0.0,47.72
rain,clear,60,7.5,0.75,M5_weak_brakes,0,2.79,2.281,47.72
rain,clear,60,7.5,0.75,M6_visibility_unaware,0,2.79,2.281,47.72
rain,clear,60,10.0,0.5,reference,1,-0.009,0.0,47.72
rain,clear,60,10.0,0.5,M1_surface_unaware,1,-0.013,0.0,60.0
rain,clear,60,10.0,0.5,M2_aeb_unavailable,1,-0.026,0.0,47.72
rain,clear,60,10.0,0.5,M3_no_speed_cap,1,-0.009,0.0,47.72
rain,clear,60,10.0,0.5,M4_late_reaction,1,-0.013,0.0,47.72
rain,clear,60,10.0,0.5,M5_weak_brakes,1,-0.009,0.0,47.72
rain,clear,60,10.0,0.5,M6_visibility_unaware,1,-0.009,0.0,47.72
rain,clear,60,10.0,0.75,reference,0,5.29,4.21,47.72
rain,clear,60,10.0,0.75,M1_surface_unaware,1,-0.007,0.0,60.0
rain,clear,60,10.0,0.75,M2_aeb_unavailable,0,5.29,4.21,47.72
rain,clear,60,10.0,0.75,M3_no_speed_cap,0,5.29,4.21,47.72
rain,clear,60,10.0,0.75,M4_late_reaction,1,-0.026,0.0,47.72
rain,clear,60,10.0,0.75,M5_weak_brakes,0,5.29,4.21,47.72
rain,clear,60,10.0,0.75,M6_visibility_unaware,0,5.29,4.21,47.72
rain,clear,60,12.5,0.5,reference,1,-0.013,0.0,47.72
rain,clear,60,12.5,0.5,M1_surface_unaware,1,-0.04,0.0,60.0
rain,clear,60,12.5,0.5,M2_aeb_unavailable,1,-0.027,0.0,47.72
rain,clear,60,12.5,0.5,M3_no_speed_cap,1,-0.013,0.0,47.72
rain,clear,60,12.5,0.5,M4_late_reaction,1,-0.005,0.0,47.72
rain,clear,60,12.5,0.5,M5_weak_brakes,1,-0.013,0.0,47.72
rain,clear,60,12.5,0.5,M6_visibility_unaware,1,-0.013,0.0,47.72
rain,clear,60,12.5,0.75,reference,0,7.79,6.138,47.72
rain,clear,60,12.5,0.75,M1_surface_unaware,1,-0.014,0.0,60.0
rain,clear,60,12.5,0.75,M2_aeb_unavailable,0,7.79,6.138,47.72
rain,clear,60,12.5,0.75,M3_no_speed_cap,0,7.79,6.138,47.72
rain,clear,60,12.5,0.75,M4_late_reaction,0,1.162,0.667,47.72
rain,clear,60,12.5,0.75,M5_weak_brakes,0,7.79,6.138,47.72
rain,clear,60,12.5,0.75,M6_visibility_unaware,0,7.79,6.138,47.72
rain,clear,60,15.0,0.5,reference,1,-0.036,0.0,47.72
rain,clear,60,15.0,0.5,M1_surface_unaware,1,-0.006,0.0,60.0
rain,clear,60,15.0,0.5,M2_aeb_unavailable,1,-0.04,0.0,47.72
rain,clear,60,15.0,0.5,M3_no_speed_cap,1,-0.036,0.0,47.72
rain,clear,60,15.0,0.5,M4_late_reaction,1,-0.028,0.0,47.72
rain,clear,60,15.0,0.5,M5_weak_brakes,1,-0.036,0.0,47.72
rain,clear,60,15.0,0.5,M6_visibility_unaware,1,-0.036,0.0,47.72
rain,clear,60,15.0,0.75,reference,0,10.29,8.067,47.72
rain,clear,60,15.0,0.75,M1_surface_unaware,1,-0.035,0.0,60.0
rain,clear,60,15.0,0.75,M2_aeb_unavailable,0,10.29,8.067,47.72
rain,clear,60,15.0,0.75,M3_no_speed_cap,0,10.29,8.067,47.72
rain,clear,60,15.0,0.75,M4_late_reaction,0,3.662,1.319,47.72
rain,clear,60,15.0,0.75,M5_weak_brakes,0,10.29,8.067,47.72
rain,clear,60,15.0,0.75,M6_visibility_unaware,0,10.29,8.067,47.72
rain,clear,60,17.5,0.5,reference,1,-0.003,0.0,47.72
rain,clear,60,17.5,0.5,M1_surface_unaware,1,-0.018,0.0,60.0
rain,clear,60,17.5,0.5,M2_aeb_unavailable,1,-0.053,0.0,47.72
rain,clear,60,17.5,0.5,M3_no_speed_cap,1,-0.003,0.0,47.72
rain,clear,60,17.5,0.5,M4_late_reaction,1,-0.008,0.0,47.72
rain,clear,60,17.5,0.5,M5_weak_brakes,1,-0.003,0.0,47.72
rain,clear,60,17.5,0.5,M6_visibility_unaware,1,-0.003,0.0,47.72
rain,clear,60,17.5,0.75,reference,0,12.79,9.996,47.72
rain,clear,60,17.5,0.75,M1_surface_unaware,1,-0.004,0.0,60.0
rain,clear,60,17.5,0.75,M2_aeb_unavailable,0,12.79,9.996,47.72
rain,clear,60,17.5,0.75,M3_no_speed_cap,0,12.79,9.996,47.72
rain,clear,60,17.5,0.75,M4_late_reaction,0,6.162,1.967,47.72
rain,clear,60,17.5,0.75,M5_weak_brakes,0,12.79,9.996,47.72
rain,clear,60,17.5,0.75,M6_visibility_unaware,0,12.79,9.996,47.72
rain,clear,60,20.0,0.5,reference,1,-0.021,0.0,47.72
rain,clear,60,20.0,0.5,M1_surface_unaware,1,-0.035,0.0,60.0
rain,clear,60,20.0,0.5,M2_aeb_unavailable,1,-0.025,0.0,47.72
rain,clear,60,20.0,0.5,M3_no_speed_cap,1,-0.021,0.0,47.72
rain,clear,60,20.0,0.5,M4_late_reaction,1,-0.032,0.0,47.72
rain,clear,60,20.0,0.5,M5_weak_brakes,1,-0.021,0.0,47.72
rain,clear,60,20.0,0.5,M6_visibility_unaware,1,-0.021,0.0,47.72
rain,clear,60,20.0,0.75,reference,0,15.29,11.925,47.72
rain,clear,60,20.0,0.75,M1_surface_unaware,1,-0.026,0.0,60.0
rain,clear,60,20.0,0.75,M2_aeb_unavailable,0,15.29,11.925,47.72
rain,clear,60,20.0,0.75,M3_no_speed_cap,0,15.29,11.925,47.72
rain,clear,60,20.0,0.75,M4_late_reaction,0,8.662,2.616,47.72
rain,clear,60,20.0,0.75,M5_weak_brakes,0,15.29,11.925,47.72
rain,clear,60,20.0,0.75,M6_visibility_unaware,0,15.29,11.925,47.72
rain,clear,60,22.5,0.5,reference,0,1.05,0.634,47.72
rain,clear,60,22.5,0.5,M1_surface_unaware,1,-0.03,0.0,60.0
rain,clear,60,22.5,0.5,M2_aeb_unavailable,0,1.05,0.634,47.72
rain,clear,60,22.5,0.5,M3_no_speed_cap,0,1.05,0.634,47.72
rain,clear,60,22.5,0.5,M4_late_reaction,1,-0.031,0.0,47.72
rain,clear,60,22.5,0.5,M5_weak_brakes,0,1.05,0.634,47.72
rain,clear,60,22.5,0.5,M6_visibility_unaware,0,1.05,0.634,47.72
rain,clear,60,22.5,0.75,reference,0,17.79,13.854,47.72
rain,clear,60,22.5,0.75,M1_surface_unaware,0,0.717,0.523,60.0
rain,clear,60,22.5,0.75,M2_aeb_unavailable,0,17.79,13.854,47.72
rain,clear,60,22.5,0.75,M3_no_speed_cap,0,17.79,13.854,47.72
rain,clear,60,22.5,0.75,M4_late_reaction,0,11.162,3.261,47.72
rain,clear,60,22.5,0.75,M5_weak_brakes,0,17.79,13.854,47.72
rain,clear,60,22.5,0.75,M6_visibility_unaware,0,17.79,13.854,47.72
rain,clear,60,25.0,0.5,reference,0,3.55,1.175,47.72
rain,clear,60,25.0,0.5,M1_surface_unaware,1,-0.013,0.0,60.0
rain,clear,60,25.0,0.5,M2_aeb_unavailable,0,3.55,1.175,47.72
rain,clear,60,25.0,0.5,M3_no_speed_cap,0,3.55,1.175,47.72
rain,clear,60,25.0,0.5,M4_late_reaction,1,-0.039,0.0,47.72
rain,clear,60,25.0,0.5,M5_weak_brakes,0,3.55,1.175,47.72
rain,clear,60,25.0,0.5,M6_visibility_unaware,0,3.55,1.175,47.72
rain,clear,60,25.0,0.75,reference,0,20.29,15.783,47.72
rain,clear,60,25.0,0.75,M1_surface_unaware,0,3.217,1.136,60.0
rain,clear,60,25.0,0.75,M2_aeb_unavailable,0,20.29,15.783,47.72
rain,clear,60,25.0,0.75,M3_no_speed_cap,0,20.29,15.783,47.72
rain,clear,60,25.0,0.75,M4_late_reaction,0,13.662,3.907,47.72
rain,clear,60,25.0,0.75,M5_weak_brakes,0,20.29,15.783,47.72
rain,clear,60,25.0,0.75,M6_visibility_unaware,0,20.29,15.783,47.72
rain,clear,60,27.5,0.5,reference,0,6.05,1.634,47.72
rain,clear,60,27.5,0.5,M1_surface_unaware,1,-0.027,0.0,60.0
rain,clear,60,27.5,0.5,M2_aeb_unavailable,0,6.05,1.634,47.72
rain,clear,60,27.5,0.5,M3_no_speed_cap,0,6.05,1.634,47.72
rain,clear,60,27.5,0.5,M4_late_reaction,1,-0.002,0.0,47.72
rain,clear,60,27.5,0.5,M5_weak_brakes,0,6.05,1.634,47.72
rain,clear,60,27.5,0.5,M6_visibility_unaware,0,6.05,1.634,47.72
rain,clear,60,27.5,0.75,reference,0,22.79,17.712,47.72
rain,clear,60,27.5,0.75,M1_surface_unaware,0,5.717,1.669,60.0
rain,clear,60,27.5,0.75,M2_aeb_unavailable,0,22.79,17.712,47.72
rain,clear,60,27.5,0.75,M3_no_speed_cap,0,22.79,17.712,47.72
rain,clear,60,27.5,0.75,M4_late_reaction,0,16.162,4.553,47.72
rain,clear,60,27.5,0.75,M5_weak_brakes,0,22.79,17.712,47.72
rain,clear,60,27.5,0.75,M6_visibility_unaware,0,22.79,17.712,47.72
rain,clear,60,30.0,0.5,reference,0,8.55,2.092,47.72
rain,clear,60,30.0,0.5,M1_surface_unaware,1,-0.078,0.0,60.0
rain,clear,60,30.0,0.5,M2_aeb_unavailable,0,8.55,2.092,47.72
rain,clear,60,30.0,0.5,M3_no_speed_cap,0,8.55,2.092,47.72
rain,clear,60,30.0,0.5,M4_late_reaction,0,1.923,0.859,47.72
rain,clear,60,30.0,0.5,M5_weak_brakes,0,8.55,2.092,47.72
rain,clear,60,30.0,0.5,M6_visibility_unaware,0,8.55,2.092,47.72
rain,clear,60,30.0,0.75,reference,0,25.29,19.641,47.72
rain,clear,60,30.0,0.75,M1_surface_unaware,0,8.217,2.202,60.0
rain,clear,60,30.0,0.75,M2_aeb_unavailable,0,25.29,19.641,47.72
rain,clear,60,30.0,0.75,M3_no_speed_cap,0,25.29,19.641,47.72
rain,clear,60,30.0,0.75,M4_late_reaction,0,18.662,5.199,47.72
rain,clear,60,30.0,0.75,M5_weak_brakes,0,25.29,19.641,47.72
rain,clear,60,30.0,0.75,M6_visibility_unaware,0,25.29,19.641,47.72
rain,clear,70,7.5,0.5,reference,1,-0.007,0.0,47.72
rain,clear,70,7.5,0.5,M1_surface_unaware,1,-0.064,0.0,60.0
rain,clear,70,7.5,0.5,M2_aeb_unavailable,1,-0.021,0.0,47.72
rain,clear,70,7.5,0.5,M3_no_speed_cap,1,-0.013,0.0,55.67
rain,clear,70,7.5,0.5,M4_late_reaction,1,-0.001,0.0,47.72
rain,clear,70,7.5,0.5,M5_weak_brakes,1,-0.007,0.0,47.72
rain,clear,70,7.5,0.5,M6_visibility_unaware,1,-0.007,0.0,47.72
rain,clear,70,7.5,0.75,reference,1,-0.036,0.0,47.72
rain,clear,70,7.5,0.75,M1_surface_unaware,1,-0.013,0.0,60.0
rain,clear,70,7.5,0.75,M2_aeb_unavailable,1,-0.048,0.0,47.72
rain,clear,70,7.5,0.75,M3_no_speed_cap,0,1.625,1.277,55.67
rain,clear,70,7.5,0.75,M4_late_reaction,1,-0.033,0.0,47.72
rain,clear,70,7.5,0.75,M5_weak_brakes,1,-0.036,0.0,47.72
rain,clear,70,7.5,0.75,M6_visibility_unaware,1,-0.036,0.0,47.72
rain,clear,70,10.0,0.5,reference,1,-0.008,0.0,47.72
rain,clear,70,10.0,0.5,M1_surface_unaware,1,-0.019,0.0,60.0
rain,clear,70,10.0,0.5,M2_aeb_unavailable,1,-0.019,0.0,47.72
rain,clear,70,10.0,0.5,M3_no_speed_cap,1,-0.003,0.0,55.67
rain,clear,70,10.0,0.5,M4_late_reaction,1,-0.023,0.0,47.72
rain,clear,70,10.0,0.5,M5_weak_brakes,1,-0.008,0.0,47.72
rain,clear,70,10.0,0.5,M6_visibility_unaware,1,-0.008,0.0,47.72
rain,clear,70,10.0,0.75,reference,1,-0.014,0.0,47.72
rain,clear,70,10.0,0.75,M1_surface_unaware,1,-0.02,0.0,60.0
rain,clear,70,10.0,0.75,M2_aeb_unavailable,1,-0.014,0.0,47.72
rain,clear,70,10.0,0.75,M3_no_speed_cap,0,4.125,3.036,55.67
rain,clear,70,10.0,0.75,M4_late_reaction,1,-0.04,0.0,47.72
rain,clear,70,10.0,0.75,M5_weak_brakes,1,-0.014,0.0,47.72
rain,clear,70,10.0,0.75,M6_visibility_unaware,1,-0.014,0.0,47.72
rain,clear,70,12.5,0.5,reference,1,-0.028,0.0,47.72
rain,clear,70,12.5,0.5,M1_surface_unaware,1,-0.005,0.0,60.0
rain,clear,70,12.5,0.5,M2_aeb_unavailable,1,-0.004,0.0,47.72
rain,clear,70,12.5,0.5,M3_no_speed_cap,1,-0.014,0.0,55.67
rain,clear,70,12.5,0.5,M4_late_reaction,1,-0.02,0.0,47.72
rain,clear,70,12.5,0.5,M5_weak_brakes,1,-0.028,0.0,47.72
rain,clear,70,12.5,0.5,M6_visibility_unaware,1,-0.028,0.0,47.72
rain,clear,70,12.5,0.75,reference,0,1.385,0.728,47.72
rain,clear,70,12.5,0.75,M1_surface_unaware,0,0.351,0.364,60.0
rain,clear,70,12.5,0.75,M2_aeb_unavailable,0,1.385,0.728,47.72
rain,clear,70,12.5,0.75,M3_no_speed_cap,0,6.625,4.794,55.67
rain,clear,70,12.5,0.75,M4_late_reaction,1,-0.053,0.0,47.72
rain,clear,70,12.5,0.75,M5_weak_brakes,0,1.385,0.728,47.72
rain,clear,70,12.5,0.75,M6_visibility_unaware,0,1.385,0.728,47.72
rain,clear,70,15.0,0.5,reference,1,-0.005,0.0,47.72
rain,clear,70,15.0,0.5,M1_surface_unaware,1,-0.013,0.0,60.0
rain,clear,70,15.0,0.5,M2_aeb_unavailable,1,-0.005,0.0,47.72
rain,clear,70,15.0,0.5,M3_no_speed_cap,1,-0.014,0.0,55.67
rain,clear,70,15.0,0.5,M4_late_reaction,1,-0.003,0.0,47.72
rain,clear,70,15.0,0.5,M5_weak_brakes,1,-0.005,0.0,47.72
rain,clear,70,15.0,0.5,M6_visibility_unaware,1,-0.005,0.0,47.72
rain,clear,70,15.0,0.75,reference,0,3.885,1.239,47.72
rain,clear,70,15.0,0.75,M1_surface_unaware,0,2.851,1.338,60.0
rain,clear,70,15.0,0.75,M2_aeb_unavailable,0,3.885,1.239,47.72
rain,clear,70,15.0,0.75,M3_no_speed_cap,0,9.125,6.552,55.67
rain,clear,70,15.0,0.75,M4_late_reaction,1,-0.009,0.0,47.72
rain,clear,70,15.0,0.75,M5_weak_brakes,0,3.885,1.239,47.72
rain,clear,70,15.0,0.75,M6_visibility_unaware,0,3.885,1.239,47.72
rain,clear,70,17.5,0.5,reference,0,1.256,0.693,47.72
rain,clear,70,17.5,0.5,M1_surface_unaware,1,-0.025,0.0,60.0
rain,clear,70,17.5,0.5,M2_aeb_unavailable,0,1.256,0.693,47.72
rain,clear,70,17.5,0.5,M3_no_speed_cap,1,-0.014,0.0,55.67
rain,clear,70,17.5,0.5,M4_late_reaction,1,-0.03,0.0,47.72
rain,clear,70,17.5,0.5,M5_weak_brakes,0,1.256,0.693,47.72
rain,clear,70,17.5,0.5,M6_visibility_unaware,0,1.256,0.693,47.72
rain,clear,70,17.5,0.75,reference,0,6.385,1.698,47.72
rain,clear,70,17.5,0.75,M1_surface_unaware,0,5.351,2.29,60.0
rain,clear,70,17.5,0.75,M2_aeb_unavailable,0,6.385,1.698,47.72
rain,clear,70,17.5,0.75,M3_no_speed_cap,0,11.625,8.31,55.67
rain,clear,70,17.5,0.75,M4_late_reaction,1,-0.01,0.0,47.72
rain,clear,70,17.5,0.75,M5_weak_brakes,0,6.385,1.698,47.72
rain,clear,70,17.5,0.75,M6_visibility_unaware,0,6.385,1.698,47.72
rain,clear,70,20.0,0.5,reference,0,3.756,1.314,47.72
rain,clear,70,20.0,0.5,M1_surface_unaware,1,-0.004,0.0,60.0
rain,clear,70,20.0,0.5,M2_aeb_unavailable,0,3.756,1.314,47.72
rain,clear,70,20.0,0.5,M3_no_speed_cap,1,-0.056,0.0,55.67
rain,clear,70,20.0,0.5,M4_late_reaction,1,-0.006,0.0,47.72
rain,clear,70,20.0,0.5,M5_weak_brakes,0,3.756,1.314,47.72
rain,clear,70,20.0,0.5,M6_visibility_unaware,0,3.756,1.314,47.72
rain,clear,70,20.0,0.75,reference,0,8.885,2.157,47.72
rain,clear,70,20.0,0.75,M1_surface_unaware,0,7.851,3.243,60.0
rain,clear,70,20.0,0.75,M2_aeb_unavailable,0,8.885,2.157,47.72
rain,clear,70,20.0,0.75,M3_no_speed_cap,0,14.125,10.068,55.67
rain,clear,70,20.0,0.75,M4_late_reaction,0,2.258,0.931,47.72
rain,clear,70,20.0,0.75,M5_weak_brakes,0,8.885,2.157,47.72
rain,clear,70,20.0,0.75,M6_visibility_unaware,0,8.885,2.157,47.72
rain,clear,70,22.5,0.5,reference,0,6.256,1.929,47.72
rain,clear,70,22.5,0.5,M1_surface_unaware,1,-0.035,0.0,60.0
rain,clear,70,22.5,0.5,M2_aeb_unavailable,0,6.256,1.929,47.72
rain,clear,70,22.5,0.5,M3_no_speed_cap,1,-0.045,0.0,55.67
rain,clear,70,22.5,0.5,M4_late_reaction,1,-0.012,0.0,47.72
rain,clear,70,22.5,0.5,M5_weak_brakes,0,6.256,1.929,47.72
rain,clear,70,22.5,0.5,M6_visibility_unaware,0,6.256,1.929,47.72
rain,clear,70,22.5,0.75,reference,0,11.385,2.616,47.72
rain,clear,70,22.5,0.75,M1_surface_unaware,0,10.351,4.196,60.0
rain,clear,70,22.5,0.75,M2_aeb_unavailable,0,11.385,2.616,47.72
rain,clear,70,22.5,0.75,M3_no_speed_cap,0,16.625,11.826,55.67
rain,clear,70,22.5,0.75,M4_late_reaction,0,4.758,1.354,47.72
rain,clear,70,22.5,0.75,M5_weak_brakes,0,11.385,2.616,47.72
rain,clear,70,22.5,0.75,M6_visibility_unaware,0,11.385,2.616,47.72
rain,clear,70,25.0,0.5,reference,0,8.756,2.545,47.72
rain,clear,70,25.0,0.5,M1_surface_unaware,1,-0.021,0.0,60.0
rain,clear,70,25.0,0.5,M2_aeb_unavailable,0,8.756,2.545,47.72
rain,clear,70,25.0,0.5,M3_no_speed_cap,1,-0.037,0.0,55.67
rain,clear,70,25.0,0.5,M4_late_reaction,0,2.128,0.904,47.72
rain,clear,70,25.0,0.5,M5_weak_brakes,0,8.756,2.545,47.72
rain,clear,70,25.0,0.5,M6_visibility_unaware,0,8.756,2.545,47.72
rain,clear,70,25.0,0.75,reference,0,13.885,3.075,47.72
rain,clear,70,25.0,0.75,M1_surface_unaware,0,12.851,5.148,60.0
rain,clear,70,25.0,0.75,M2_aeb_unavailable,0,13.885,3.075,47.72
rain,clear,70,25.0,0.75,M3_no_speed_cap,0,19.125,13.584,55.67
rain,clear,70,25.0,0.75,M4_late_reaction,0,7.258,1.679,47.72
rain,clear,70,25.0,0.75,M5_weak_brakes,0,13.885,3.075,47.72
rain,clear,70,25.0,0.75,M6_visibility_unaware,0,13.885,3.075,47.72
rain,clear,70,27.5,0.5,reference,0,11.256,3.16,47.72
rain,clear,70,27.5,0.5,M1_surface_unaware,1,-0.032,0.0,60.0
rain,clear,70,27.5,0.5,M2_aeb_unavailable,0,11.256,3.16,47.72
rain,clear,70,27.5,0.5,M3_no_speed_cap,0,0.457,0.416,55.67
rain,clear,70,27.5,0.5,M4_late_reaction,0,4.628,1.337,47.72
rain,clear,70,27.5,0.5,M5_weak_brakes,0,11.256,3.16,47.72
rain,clear,70,27.5,0.5,M6_visibility_unaware,0,11.256,3.16,47.72
rain,clear,70,27.5,0.75,reference,0,16.385,3.535,47.72
rain,clear,70,27.5,0.75,M1_surface_unaware,0,15.351,6.101,60.0
rain,clear,70,27.5,0.75,M2_aeb_unavailable,0,16.385,3.535,47.72
rain,clear,70,27.5,0.75,M3_no_speed_cap,0,21.625,15.343,55.67
rain,clear,70,27.5,0.75,M4_late_reaction,0,9.758,1.992,47.72
rain,clear,70,27.5,0.75,M5_weak_brakes,0,16.385,3.535,47.72
rain,clear,70,27.5,0.75,M6_visibility_unaware,0,16.385,3.535,47.72
rain,clear,70,30.0,0.5,reference,0,13.756,3.775,47.72
rain,clear,70,30.0,0.5,M1_surface_unaware,1,-0.052,0.0,60.0
rain,clear,70,30.0,0.5,M2_aeb_unavailable,0,13.756,3.775,47.72
rain,clear,70,30.0,0.5,M3_no_speed_cap,0,2.957,1.067,55.67
rain,clear,70,30.0,0.5,M4_late_reaction,0,7.128,1.713,47.72
rain,clear,70,30.0,0.5,M5_weak_brakes,0,13.756,3.775,47.72
rain,clear,70,30.0,0.5,M6_visibility_unaware,0,13.756,3.775,47.72
rain,clear,70,30.0,0.75,reference,0,18.885,3.994,47.72
rain,clear,70,30.0,0.75,M1_surface_unaware,0,17.851,7.054,60.0
rain,clear,70,30.0,0.75,M2_aeb_unavailable,0,18.885,3.994,47.72
rain,clear,70,30.0,0.75,M3_no_speed_cap,0,24.125,17.101,55.67
rain,clear,70,30.0,0.75,M4_late_reaction,0,12.258,2.304,47.72
rain,clear,70,30.0,0.75,M5_weak_brakes,0,18.885,3.994,47.72
rain,clear,70,30.0,0.75,M6_visibility_unaware,0,18.885,3.994,47.72
rain,mist,40,7.5,0.5,reference,0,0.394,0.409,31.81
rain,mist,40,7.5,0.5,M1_surface_unaware,1,-0.027,0.0,40.0
rain,mist,40,7.5,0.5,M2_aeb_unavailable,1,-0.032,0.0,31.81
rain,mist,40,7.5,0.5,M3_no_speed_cap,0,0.394,0.409,31.81
rain,mist,40,7.5,0.5,M4_late_reaction,0,0.407,0.419,31.81
rain,mist,40,7.5,0.5,M5_weak_brakes,0,0.394,0.409,31.81
rain,mist,40,7.5,0.5,M6_visibility_unaware,0,0.394,0.409,31.81
rain,mist,40,7.5,0.75,reference,0,4.805,4.706,31.81
rain,mist,40,7.5,0.75,M1_surface_unaware,1,-0.0,0.0,40.0
rain,mist,40,7.5,0.75,M2_aeb_unavailable,0,4.805,4.706,31.81
rain,mist,40,7.5,0.75,M3_no_speed_cap,0,4.805,4.706,31.81
rain,mist,40,7.5,0.75,M4_late_reaction,0,0.754,0.536,31.81
rain,mist,40,7.5,0.75,M5_weak_brakes,0,4.805,4.706,31.81
rain,mist,40,7.5,0.75,M6_visibility_unaware,0,4.805,4.706,31.81
rain,mist,40,10.0,0.5,reference,0,0.429,0.403,31.81
rain,mist,40,10.0,0.5,M1_surface_unaware,0,0.267,0.396,40.0
rain,mist,40,10.0,0.5,M2_aeb_unavailable,1,-0.014,0.0,31.81
rain,mist,40,10.0,0.5,M3_no_speed_cap,0,0.429,0.403,31.81
rain,mist,40,10.0,0.5,M4_late_reaction,0,0.421,0.4,31.81
rain,mist,40,10.0,0.5,M5_weak_brakes,0,0.429,0.403,31.81
rain,mist,40,10.0,0.5,M6_visibility_unaware,0,0.429,0.403,31.81
rain,mist,40,10.0,0.75,reference,0,7.305,7.1,31.81
rain,mist,40,10.0,0.75,M1_surface_unaware,1,-0.006,0.0,40.0
rain,mist,40,10.0,0.75,M2_aeb_unavailable,0,7.305,7.1,31.81
rain,mist,40,10.0,0.75,M3_no_speed_cap,0,7.305,7.1,31.81
rain,mist,40,10.0,0.75,M4_late_reaction,0,2.887,1.145,31.81
rain,mist,40,10.0,0.75,M5_weak_brakes,0,7.305,7.1,31.81
rain,mist,40,10.0,0.75,M6_visibility_unaware,0,7.305,7.1,31.81
rain,mist,40,12.5,0.5,reference,0,0.885,0.581,31.81
rain,mist,40,12.5,0.5,M1_surface_unaware,0,0.46,0.418,40.0
rain,mist,40,12.5,0.5,M2_aeb_unavailable,0,0.518,0.444,31.81
rain,mist,40,12.5,0.5,M3_no_speed_cap,0,0.885,0.581,31.81
rain,mist,40,12.5,0.5,M4_late_reaction,0,0.485,0.429,31.81
rain,mist,40,12.5,0.5,M5_weak_brakes,0,0.885,0.581,31.81
rain,mist,40,12.5,0.5,M6_visibility_unaware,0,0.885,0.581,31.81
rain,mist,40,12.5,0.75,reference,0,9.805,9.494,31.81
rain,mist,40,12.5,0.75,M1_surface_unaware,0,0.625,0.488,40.0
rain,mist,40,12.5,0.75,M2_aeb_unavailable,0,9.805,9.494,31.81
rain,mist,40,12.5,0.75,M3_no_speed_cap,0,9.805,9.494,31.81
rain,mist,40,12.5,0.75,M4_late_reaction,0,5.387,1.838,31.81
rain,mist,40,12.5,0.75,M5_weak_brakes,0,9.805,9.494,31.81
rain,mist,40,12.5,0.75,M6_visibility_unaware,0,9.805,9.494,31.81
rain,mist,40,15.0,0.5,reference,0,3.018,1.157,31.81
rain,mist,40,15.0,0.5,M1_surface_unaware,0,0.349,0.363,40.0
rain,mist,40,15.0,0.5,M2_aeb_unavailable,0,3.018,1.157,31.81
rain,mist,40,15.0,0.5,M3_no_speed_cap,0,3.018,1.157,31.81
rain,mist,40,15.0,0.5,M4_late_reaction,0,1.218,0.683,31.81
rain,mist,40,15.0,0.5,M5_weak_brakes,0,3.018,1.157,31.81
rain,mist,40,15.0,0.5,M6_visibility_unaware,0,3.018,1.157,31.81
rain,mist,40,15.0,0.75,reference,0,12.305,11.888,31.81
rain,mist,40,15.0,0.75,M1_surface_unaware,0,3.125,1.261,40.0
rain,mist,40,15.0,0.75,M2_aeb_unavailable,0,12.305,11.888,31.81
rain,mist,40,15.0,0.75,M3_no_speed_cap,0,12.305,11.888,31.81
rain,mist,40,15.0,0.75,M4_late_reaction,0,7.887,2.531,31.81
rain,mist,40,15.0,0.75,M5_weak_brakes,0,12.305,11.888,31.81
rain,mist,40,15.0,0.75,M6_visibility_unaware,0,12.305,11.888,31.81
rain,mist,40,17.5,0.5,reference,0,5.518,1.812,31.81
rain,mist,40,17.5,0.5,M1_surface_unaware,1,-0.001,0.0,40.0
rain,mist,40,17.5,0.5,M2_aeb_unavailable,0,5.518,1.812,31.81
rain,mist,40,17.5,0.5,M3_no_speed_cap,0,5.518,1.812,31.81
rain,mist,40,17.5,0.5,M4_late_reaction,0,2.124,0.903,31.81
rain,mist,40,17.5,0.5,M5_weak_brakes,0,5.518,1.812,31.81
rain,mist,40,17.5,0.5,M6_visibility_unaware,0,5.518,1.812,31.81
rain,mist,40,17.5,0.75,reference,0,14.805,14.282,31.81
rain,mist,40,17.5,0.75,M1_surface_unaware,0,5.625,2.016,40.0
rain,mist,40,17.5,0.75,M2_aeb_unavailable,0,14.805,14.282,31.81
rain,mist,40,17.5,0.75,M3_no_speed_cap,0,14.805,14.282,31.81
rain,mist,40,17.5,0.75,M4_late_reaction,0,10.387,3.223,31.81
rain,mist,40,17.5,0.75,M5_weak_brakes,0,14.805,14.282,31.81
rain,mist,40,17.5,0.75,M6_visibility_unaware,0,14.805,14.282,31.81
rain,mist,40,20.0,0.5,reference,0,8.018,2.467,31.81
rain,mist,40,20.0,0.5,M1_surface_unaware,1,-0.011,0.0,40.0
rain,mist,40,20.0,0.5,M2_aeb_unavailable,0,8.018,2.467,31.81
rain,mist,40,20.0,0.5,M3_no_speed_cap,0,8.018,2.467,31.81
rain,mist,40,20.0,0.5,M4_late_reaction,0,3.7,1.194,31.81
rain,mist,40,20.0,0.5,M5_weak_brakes,0,8.018,2.467,31.81
rain,mist,40,20.0,0.5,M6_visibility_unaware,0,8.018,2.467,31.81
rain,mist,40,20.0,0.75,reference,0,17.305,16.676,31.81
rain,mist,40,20.0,0.75,M1_surface_unaware,0,8.125,2.772,40.0
rain,mist,40,20.0,0.75,M2_aeb_unavailable,0,17.305,16.676,31.81
rain,mist,40,20.0,0.75,M3_no_speed_cap,0,17.305,16.676,31.81
rain,mist,40,20.0,0.75,M4_late_reaction,0,12.887,3.915,31.81
rain,mist,40,20.0,0.75,M5_weak_brakes,0,17.305,16.676,31.81
rain,mist,40,20.0,0.75,M6_visibility_unaware,0,17.305,16.676,31.81
rain,mist,40,22.5,0.5,reference,0,10.518,3.122,31.81
rain,mist,40,22.5,0.5,M1_surface_unaware,0,1.34,0.716,40.0
rain,mist,40,22.5,0.5,M2_aeb_unavailable,0,10.518,3.122,31.81
rain,mist,40,22.5,0.5,M3_no_speed_cap,0,10.518,3.122,31.81
rain,mist,40,22.5,0.5,M4_late_reaction,0,6.1,1.57,31.81
rain,mist,40,22.5,0.5,M5_weak_brakes,0,10.518,3.122,31.81
rain,mist,40,22.5,0.5,M6_visibility_unaware,0,10.518,3.122,31.81
rain,mist,40,22.5,0.75,reference,0,19.805,19.07,31.81
rain,mist,40,22.5,0.75,M1_surface_unaware,0,10.625,3.527,40.0
rain,mist,40,22.5,0.75,M2_aeb_unavailable,0,19.805,19.07,31.81
rain,mist,40,22.5,0.75,M3_no_speed_cap,0,19.805,19.07,31.81
rain,mist,40,22.5,0.75,M4_late_reaction,0,15.387,4.606,31.81
rain,mist,40,22.5,0.75,M5_weak_brakes,0,19.805,19.07,31.81
rain,mist,40,22.5,0.75,M6_visibility_unaware,0,19.805,19.07,31.81
rain,mist,40,25.0,0.5,reference,0,13.018,3.777,31.81
rain,mist,40,25.0,0.5,M1_surface_unaware,0,3.838,1.216,40.0
rain,mist,40,25.0,0.5,M2_aeb_unavailable,0,13.018,3.777,31.81
rain,mist,40,25.0,0.5,M3_no_speed_cap,0,13.018,3.777,31.81
rain,mist,40,25.0,0.5,M4_late_reaction,0,8.6,1.961,31.81
rain,mist,40,25.0,0.5,M5_weak_brakes,0,13.018,3.777,31.81
rain,mist,40,25.0,0.5,M6_visibility_unaware,0,13.018,3.777,31.81
rain,mist,40,25.0,0.75,reference,0,22.305,21.464,31.81
rain,mist,40,25.0,0.75,M1_surface_unaware,0,13.125,4.28,40.0
rain,mist,40,25.0,0.75,M2_aeb_unavailable,0,22.305,21.464,31.81
rain,mist,40,25.0,0.75,M3_no_speed_cap,0,22.305,21.464,31.81
rain,mist,40,25.0,0.75,M4_late_reaction,0,17.887,5.296,31.81
rain,mist,40,25.0,0.75,M5_weak_brakes,0,22.305,21.464,31.81
rain,mist,40,25.0,0.75,M6_visibility_unaware,0,22.305,21.464,31.81
rain,mist,40,27.5,0.5,reference,0,15.518,4.433,31.81
rain,mist,40,27.5,0.5,M1_surface_unaware,0,6.338,1.627,40.0
rain,mist,40,27.5,0.5,M2_aeb_unavailable,0,15.518,4.433,31.81
rain,mist,40,27.5,0.5,M3_no_speed_cap,0,15.518,4.433,31.81
rain,mist,40,27.5,0.5,M4_late_reaction,0,11.1,2.352,31.81
rain,mist,40,27.5,0.5,M5_weak_brakes,0,15.518,4.433,31.81
rain,mist,40,27.5,0.5,M6_visibility_unaware,0,15.518,4.433,31.81
rain,mist,40,27.5,0.75,reference,0,24.805,23.858,31.81
rain,mist,40,27.5,0.75,M1_surface_unaware,0,15.625,5.034,40.0
rain,mist,40,27.5,0.75,M2_aeb_unavailable,0,24.805,23.858,31.81
rain,mist,40,27.5,0.75,M3_no_speed_cap,0,24.805,23.858,31.81
rain,mist,40,27.5,0.75,M4_late_reaction,0,20.387,5.987,31.81
rain,mist,40,27.5,0.75,M5_weak_brakes,0,24.805,23.858,31.81
rain,mist,40,27.5,0.75,M6_visibility_unaware,0,24.805,23.858,31.81
rain,mist,40,30.0,0.5,reference,0,18.018,5.088,31.81
rain,mist,40,30.0,0.5,M1_surface_unaware,0,8.838,2.038,40.0
rain,mist,40,30.0,0.5,M2_aeb_unavailable,0,18.018,5.088,31.81
rain,mist,40,30.0,0.5,M3_no_speed_cap,0,18.018,5.088,31.81
rain,mist,40,30.0,0.5,M4_late_reaction,0,13.6,2.744,31.81
rain,mist,40,30.0,0.5,M5_weak_brakes,0,18.018,5.088,31.81
rain,mist,40,30.0,0.5,M6_visibility_unaware,0,18.018,5.088,31.81
rain,mist,40,30.0,0.75,reference,0,27.305,26.251,31.81
rain,mist,40,30.0,0.75,M1_surface_unaware,0,18.125,5.787,40.0
rain,mist,40,30.0,0.75,M2_aeb_unavailable,0,27.305,26.251,31.81
rain,mist,40,30.0,0.75,M3_no_speed_cap,0,27.305,26.251,31.81
rain,mist,40,30.0,0.75,M4_late_reaction,0,22.887,6.678,31.81
rain,mist,40,30.0,0.75,M5_weak_brakes,0,27.305,26.251,31.81
rain,mist,40,30.0,0.75,M6_visibility_unaware,0,27.305,26.251,31.81
rain,mist,60,7.5,0.5,reference,1,-0.0,0.0,47.72
rain,mist,60,7.5,0.5,M1_surface_unaware,1,-0.0,0.0,60.0
rain,mist,60,7.5,0.5,M2_aeb_unavailable,1,-0.031,0.0,47.72
rain,mist,60,7.5,0.5,M3_no_speed_cap,1,-0.0,0.0,47.72
rain,mist,60,7.5,0.5,M4_late_reaction,1,-0.0,0.0,47.72
rain,mist,60,7.5,0.5,M5_weak_brakes,1,-0.0,0.0,47.72
rain,mist,60,7.5,0.5,M6_visibility_unaware,1,-0.0,0.0,47.72
rain,mist,60,7.5,0.75,reference,0,2.79,2.281,47.72
rain,mist,60,7.5,0.75,M1_surface_unaware,1,-0.007,0.0,60.0
rain,mist,60,7.5,0.75,M2_aeb_unavailable,0,2.79,2.281,47.72
rain,mist,60,7.5,0.75,M3_no_speed_cap,0,2.79,2.281,47.72
rain,mist,60,7.5,0.75,M4_late_reaction,1,-0.032,0.0,47.72
rain,mist,60,7.5,0.75,M5_weak_brakes,0,2.79,2.281,47.72
rain,mist,60,7.5,0.75,M6_visibility_unaware,0,2.79,2.281,47.72
rain,mist,60,10.0,0.5,reference,1,-0.009,0.0,47.72
rain,mist,60,10.0,0.5,M1_surface_unaware,1,-0.013,0.0,60.0
rain,mist,60,10.0,0.5,M2_aeb_unavailable,1,-0.026,0.0,47.72
rain,mist,60,10.0,0.5,M3_no_speed_cap,1,-0.009,0.0,47.72
rain,mist,60,10.0,0.5,M4_late_reaction,1,-0.013,0.0,47.72
rain,mist,60,10.0,0.5,M5_weak_brakes,1,-0.009,0.0,47.72
rain,mist,60,10.0,0.5,M6_visibility_unaware,1,-0.009,0.0,47.72
rain,mist,60,10.0,0.75,reference,0,5.29,4.21,47.72
rain,mist,60,10.0,0.75,M1_surface_unaware,1,-0.007,0.0,60.0
rain,mist,60,10.0,0.75,M2_aeb_unavailable,0,5.29,4.21,47.72
rain,mist,60,10.0,0.75,M3_no_speed_cap,0,5.29,4.21,47.72
rain,mist,60,10.0,0.75,M4_late_reaction,1,-0.026,0.0,47.72
rain,mist,60,10.0,0.75,M5_weak_brakes,0,5.29,4.21,47.72
rain,mist,60,10.0,0.75,M6_visibility_unaware,0,5.29,4.21,47.72
rain,mist,60,12.5,0.5,reference,1,-0.013,0.0,47.72
rain,mist,60,12.5,0.5,M1_surface_unaware,1,-0.04,0.0,60.0
rain,mist,60,12.5,0.5,M2_aeb_unavailable,1,-0.027,0.0,47.72
rain,mist,60,12.5,0.5,M3_no_speed_cap,1,-0.013,0.0,47.72
rain,mist,60,12.5,0.5,M4_late_reaction,1,-0.005,0.0,47.72
rain,mist,60,12.5,0.5,M5_weak_brakes,1,-0.013,0.0,47.72
rain,mist,60,12.5,0.5,M6_visibility_unaware,1,-0.013,0.0,47.72
rain,mist,60,12.5,0.75,reference,0,7.79,6.138,47.72
rain,mist,60,12.5,0.75,M1_surface_unaware,1,-0.014,0.0,60.0
rain,mist,60,12.5,0.75,M2_aeb_unavailable,0,7.79,6.138,47.72
rain,mist,60,12.5,0.75,M3_no_speed_cap,0,7.79,6.138,47.72
rain,mist,60,12.5,0.75,M4_late_reaction,0,1.162,0.667,47.72
rain,mist,60,12.5,0.75,M5_weak_brakes,0,7.79,6.138,47.72
rain,mist,60,12.5,0.75,M6_visibility_unaware,0,7.79,6.138,47.72
rain,mist,60,15.0,0.5,reference,1,-0.036,0.0,47.72
rain,mist,60,15.0,0.5,M1_surface_unaware,1,-0.006,0.0,60.0
rain,mist,60,15.0,0.5,M2_aeb_unavailable,1,-0.04,0.0,47.72
rain,mist,60,15.0,0.5,M3_no_speed_cap,1,-0.036,0.0,47.72
rain,mist,60,15.0,0.5,M4_late_reaction,1,-0.028,0.0,47.72
rain,mist,60,15.0,0.5,M5_weak_brakes,1,-0.036,0.0,47.72
rain,mist,60,15.0,0.5,M6_visibility_unaware,1,-0.036,0.0,47.72
rain,mist,60,15.0,0.75,reference,0,10.29,8.067,47.72
rain,mist,60,15.0,0.75,M1_surface_unaware,1,-0.035,0.0,60.0
rain,mist,60,15.0,0.75,M2_aeb_unavailable,0,10.29,8.067,47.72
rain,mist,60,15.0,0.75,M3_no_speed_cap,0,10.29,8.067,47.72
rain,mist,60,15.0,0.75,M4_late_reaction,0,3.662,1.319,47.72
rain,mist,60,15.0,0.75,M5_weak_brakes,0,10.29,8.067,47.72
rain,mist,60,15.0,0.75,M6_visibility_unaware,0,10.29,8.067,47.72
rain,mist,60,17.5,0.5,reference,1,-0.003,0.0,47.72
rain,mist,60,17.5,0.5,M1_surface_unaware,1,-0.018,0.0,60.0
rain,mist,60,17.5,0.5,M2_aeb_unavailable,1,-0.053,0.0,47.72
rain,mist,60,17.5,0.5,M3_no_speed_cap,1,-0.003,0.0,47.72
rain,mist,60,17.5,0.5,M4_late_reaction,1,-0.008,0.0,47.72
rain,mist,60,17.5,0.5,M5_weak_brakes,1,-0.003,0.0,47.72
rain,mist,60,17.5,0.5,M6_visibility_unaware,1,-0.003,0.0,47.72
rain,mist,60,17.5,0.75,reference,0,12.79,9.996,47.72
rain,mist,60,17.5,0.75,M1_surface_unaware,1,-0.004,0.0,60.0
rain,mist,60,17.5,0.75,M2_aeb_unavailable,0,12.79,9.996,47.72
rain,mist,60,17.5,0.75,M3_no_speed_cap,0,12.79,9.996,47.72
rain,mist,60,17.5,0.75,M4_late_reaction,0,6.162,1.967,47.72
rain,mist,60,17.5,0.75,M5_weak_brakes,0,12.79,9.996,47.72
rain,mist,60,17.5,0.75,M6_visibility_unaware,0,12.79,9.996,47.72
rain,mist,60,20.0,0.5,reference,1,-0.021,0.0,47.72
rain,mist,60,20.0,0.5,M1_surface_unaware,1,-0.035,0.0,60.0
rain,mist,60,20.0,0.5,M2_aeb_unavailable,1,-0.025,0.0,47.72
rain,mist,60,20.0,0.5,M3_no_speed_cap,1,-0.021,0.0,47.72
rain,mist,60,20.0,0.5,M4_late_reaction,1,-0.032,0.0,47.72
rain,mist,60,20.0,0.5,M5_weak_brakes,1,-0.021,0.0,47.72
rain,mist,60,20.0,0.5,M6_visibility_unaware,1,-0.021,0.0,47.72
rain,mist,60,20.0,0.75,reference,0,15.29,11.925,47.72
rain,mist,60,20.0,0.75,M1_surface_unaware,1,-0.026,0.0,60.0
rain,mist,60,20.0,0.75,M2_aeb_unavailable,0,15.29,11.925,47.72
rain,mist,60,20.0,0.75,M3_no_speed_cap,0,15.29,11.925,47.72
rain,mist,60,20.0,0.75,M4_late_reaction,0,8.662,2.616,47.72
rain,mist,60,20.0,0.75,M5_weak_brakes,0,15.29,11.925,47.72
rain,mist,60,20.0,0.75,M6_visibility_unaware,0,15.29,11.925,47.72
rain,mist,60,22.5,0.5,reference,0,1.05,0.634,47.72
rain,mist,60,22.5,0.5,M1_surface_unaware,1,-0.03,0.0,60.0
rain,mist,60,22.5,0.5,M2_aeb_unavailable,0,1.05,0.634,47.72
rain,mist,60,22.5,0.5,M3_no_speed_cap,0,1.05,0.634,47.72
rain,mist,60,22.5,0.5,M4_late_reaction,1,-0.031,0.0,47.72
rain,mist,60,22.5,0.5,M5_weak_brakes,0,1.05,0.634,47.72
rain,mist,60,22.5,0.5,M6_visibility_unaware,0,1.05,0.634,47.72
rain,mist,60,22.5,0.75,reference,0,17.79,13.854,47.72
rain,mist,60,22.5,0.75,M1_surface_unaware,0,0.717,0.523,60.0
rain,mist,60,22.5,0.75,M2_aeb_unavailable,0,17.79,13.854,47.72
rain,mist,60,22.5,0.75,M3_no_speed_cap,0,17.79,13.854,47.72
rain,mist,60,22.5,0.75,M4_late_reaction,0,11.162,3.261,47.72
rain,mist,60,22.5,0.75,M5_weak_brakes,0,17.79,13.854,47.72
rain,mist,60,22.5,0.75,M6_visibility_unaware,0,17.79,13.854,47.72
rain,mist,60,25.0,0.5,reference,0,3.55,1.175,47.72
rain,mist,60,25.0,0.5,M1_surface_unaware,1,-0.013,0.0,60.0
rain,mist,60,25.0,0.5,M2_aeb_unavailable,0,3.55,1.175,47.72
rain,mist,60,25.0,0.5,M3_no_speed_cap,0,3.55,1.175,47.72
rain,mist,60,25.0,0.5,M4_late_reaction,1,-0.039,0.0,47.72
rain,mist,60,25.0,0.5,M5_weak_brakes,0,3.55,1.175,47.72
rain,mist,60,25.0,0.5,M6_visibility_unaware,0,3.55,1.175,47.72
rain,mist,60,25.0,0.75,reference,0,20.29,15.783,47.72
rain,mist,60,25.0,0.75,M1_surface_unaware,0,3.217,1.136,60.0
rain,mist,60,25.0,0.75,M2_aeb_unavailable,0,20.29,15.783,47.72
rain,mist,60,25.0,0.75,M3_no_speed_cap,0,20.29,15.783,47.72
rain,mist,60,25.0,0.75,M4_late_reaction,0,13.662,3.907,47.72
rain,mist,60,25.0,0.75,M5_weak_brakes,0,20.29,15.783,47.72
rain,mist,60,25.0,0.75,M6_visibility_unaware,0,20.29,15.783,47.72
rain,mist,60,27.5,0.5,reference,0,6.05,1.634,47.72
rain,mist,60,27.5,0.5,M1_surface_unaware,1,-0.027,0.0,60.0
rain,mist,60,27.5,0.5,M2_aeb_unavailable,0,6.05,1.634,47.72
rain,mist,60,27.5,0.5,M3_no_speed_cap,0,6.05,1.634,47.72
rain,mist,60,27.5,0.5,M4_late_reaction,1,-0.002,0.0,47.72
rain,mist,60,27.5,0.5,M5_weak_brakes,0,6.05,1.634,47.72
rain,mist,60,27.5,0.5,M6_visibility_unaware,0,6.05,1.634,47.72
rain,mist,60,27.5,0.75,reference,0,22.79,17.712,47.72
rain,mist,60,27.5,0.75,M1_surface_unaware,0,5.717,1.669,60.0
rain,mist,60,27.5,0.75,M2_aeb_unavailable,0,22.79,17.712,47.72
rain,mist,60,27.5,0.75,M3_no_speed_cap,0,22.79,17.712,47.72
rain,mist,60,27.5,0.75,M4_late_reaction,0,16.162,4.553,47.72
rain,mist,60,27.5,0.75,M5_weak_brakes,0,22.79,17.712,47.72
rain,mist,60,27.5,0.75,M6_visibility_unaware,0,22.79,17.712,47.72
rain,mist,60,30.0,0.5,reference,0,8.55,2.092,47.72
rain,mist,60,30.0,0.5,M1_surface_unaware,1,-0.078,0.0,60.0
rain,mist,60,30.0,0.5,M2_aeb_unavailable,0,8.55,2.092,47.72
rain,mist,60,30.0,0.5,M3_no_speed_cap,0,8.55,2.092,47.72
rain,mist,60,30.0,0.5,M4_late_reaction,0,1.923,0.859,47.72
rain,mist,60,30.0,0.5,M5_weak_brakes,0,8.55,2.092,47.72
rain,mist,60,30.0,0.5,M6_visibility_unaware,0,8.55,2.092,47.72
rain,mist,60,30.0,0.75,reference,0,25.29,19.641,47.72
rain,mist,60,30.0,0.75,M1_surface_unaware,0,8.217,2.202,60.0
rain,mist,60,30.0,0.75,M2_aeb_unavailable,0,25.29,19.641,47.72
rain,mist,60,30.0,0.75,M3_no_speed_cap,0,25.29,19.641,47.72
rain,mist,60,30.0,0.75,M4_late_reaction,0,18.662,5.199,47.72
rain,mist,60,30.0,0.75,M5_weak_brakes,0,25.29,19.641,47.72
rain,mist,60,30.0,0.75,M6_visibility_unaware,0,25.29,19.641,47.72
rain,mist,70,7.5,0.5,reference,1,-0.007,0.0,47.72
rain,mist,70,7.5,0.5,M1_surface_unaware,1,-0.064,0.0,60.0
rain,mist,70,7.5,0.5,M2_aeb_unavailable,1,-0.021,0.0,47.72
rain,mist,70,7.5,0.5,M3_no_speed_cap,1,-0.013,0.0,55.67
rain,mist,70,7.5,0.5,M4_late_reaction,1,-0.001,0.0,47.72
rain,mist,70,7.5,0.5,M5_weak_brakes,1,-0.007,0.0,47.72
rain,mist,70,7.5,0.5,M6_visibility_unaware,1,-0.007,0.0,47.72
rain,mist,70,7.5,0.75,reference,1,-0.036,0.0,47.72
rain,mist,70,7.5,0.75,M1_surface_unaware,1,-0.013,0.0,60.0
rain,mist,70,7.5,0.75,M2_aeb_unavailable,1,-0.048,0.0,47.72
rain,mist,70,7.5,0.75,M3_no_speed_cap,0,1.625,1.277,55.67
rain,mist,70,7.5,0.75,M4_late_reaction,1,-0.033,0.0,47.72
rain,mist,70,7.5,0.75,M5_weak_brakes,1,-0.036,0.0,47.72
rain,mist,70,7.5,0.75,M6_visibility_unaware,1,-0.036,0.0,47.72
rain,mist,70,10.0,0.5,reference,1,-0.008,0.0,47.72
rain,mist,70,10.0,0.5,M1_surface_unaware,1,-0.019,0.0,60.0
rain,mist,70,10.0,0.5,M2_aeb_unavailable,1,-0.019,0.0,47.72
rain,mist,70,10.0,0.5,M3_no_speed_cap,1,-0.003,0.0,55.67
rain,mist,70,10.0,0.5,M4_late_reaction,1,-0.023,0.0,47.72
rain,mist,70,10.0,0.5,M5_weak_brakes,1,-0.008,0.0,47.72
rain,mist,70,10.0,0.5,M6_visibility_unaware,1,-0.008,0.0,47.72
rain,mist,70,10.0,0.75,reference,1,-0.014,0.0,47.72
rain,mist,70,10.0,0.75,M1_surface_unaware,1,-0.02,0.0,60.0
rain,mist,70,10.0,0.75,M2_aeb_unavailable,1,-0.014,0.0,47.72
rain,mist,70,10.0,0.75,M3_no_speed_cap,0,4.125,3.036,55.67
rain,mist,70,10.0,0.75,M4_late_reaction,1,-0.04,0.0,47.72
rain,mist,70,10.0,0.75,M5_weak_brakes,1,-0.014,0.0,47.72
rain,mist,70,10.0,0.75,M6_visibility_unaware,1,-0.014,0.0,47.72
rain,mist,70,12.5,0.5,reference,1,-0.028,0.0,47.72
rain,mist,70,12.5,0.5,M1_surface_unaware,1,-0.005,0.0,60.0
rain,mist,70,12.5,0.5,M2_aeb_unavailable,1,-0.004,0.0,47.72
rain,mist,70,12.5,0.5,M3_no_speed_cap,1,-0.014,0.0,55.67
rain,mist,70,12.5,0.5,M4_late_reaction,1,-0.02,0.0,47.72
rain,mist,70,12.5,0.5,M5_weak_brakes,1,-0.028,0.0,47.72
rain,mist,70,12.5,0.5,M6_visibility_unaware,1,-0.028,0.0,47.72
rain,mist,70,12.5,0.75,reference,0,1.385,0.728,47.72
rain,mist,70,12.5,0.75,M1_surface_unaware,0,0.351,0.364,60.0
rain,mist,70,12.5,0.75,M2_aeb_unavailable,0,1.385,0.728,47.72
rain,mist,70,12.5,0.75,M3_no_speed_cap,0,6.625,4.794,55.67
rain,mist,70,12.5,0.75,M4_late_reaction,1,-0.053,0.0,47.72
rain,mist,70,12.5,0.75,M5_weak_brakes,0,1.385,0.728,47.72
rain,mist,70,12.5,0.75,M6_visibility_unaware,0,1.385,0.728,47.72
rain,mist,70,15.0,0.5,reference,1,-0.005,0.0,47.72
rain,mist,70,15.0,0.5,M1_surface_unaware,1,-0.013,0.0,60.0
rain,mist,70,15.0,0.5,M2_aeb_unavailable,1,-0.005,0.0,47.72
rain,mist,70,15.0,0.5,M3_no_speed_cap,1,-0.014,0.0,55.67
rain,mist,70,15.0,0.5,M4_late_reaction,1,-0.003,0.0,47.72
rain,mist,70,15.0,0.5,M5_weak_brakes,1,-0.005,0.0,47.72
rain,mist,70,15.0,0.5,M6_visibility_unaware,1,-0.005,0.0,47.72
rain,mist,70,15.0,0.75,reference,0,3.885,1.239,47.72
rain,mist,70,15.0,0.75,M1_surface_unaware,0,2.851,1.338,60.0
rain,mist,70,15.0,0.75,M2_aeb_unavailable,0,3.885,1.239,47.72
rain,mist,70,15.0,0.75,M3_no_speed_cap,0,9.125,6.552,55.67
rain,mist,70,15.0,0.75,M4_late_reaction,1,-0.009,0.0,47.72
rain,mist,70,15.0,0.75,M5_weak_brakes,0,3.885,1.239,47.72
rain,mist,70,15.0,0.75,M6_visibility_unaware,0,3.885,1.239,47.72
rain,mist,70,17.5,0.5,reference,0,1.256,0.693,47.72
rain,mist,70,17.5,0.5,M1_surface_unaware,1,-0.025,0.0,60.0
rain,mist,70,17.5,0.5,M2_aeb_unavailable,0,1.256,0.693,47.72
rain,mist,70,17.5,0.5,M3_no_speed_cap,1,-0.014,0.0,55.67
rain,mist,70,17.5,0.5,M4_late_reaction,1,-0.03,0.0,47.72
rain,mist,70,17.5,0.5,M5_weak_brakes,0,1.256,0.693,47.72
rain,mist,70,17.5,0.5,M6_visibility_unaware,0,1.256,0.693,47.72
rain,mist,70,17.5,0.75,reference,0,6.385,1.698,47.72
rain,mist,70,17.5,0.75,M1_surface_unaware,0,5.351,2.29,60.0
rain,mist,70,17.5,0.75,M2_aeb_unavailable,0,6.385,1.698,47.72
rain,mist,70,17.5,0.75,M3_no_speed_cap,0,11.625,8.31,55.67
rain,mist,70,17.5,0.75,M4_late_reaction,1,-0.01,0.0,47.72
rain,mist,70,17.5,0.75,M5_weak_brakes,0,6.385,1.698,47.72
rain,mist,70,17.5,0.75,M6_visibility_unaware,0,6.385,1.698,47.72
rain,mist,70,20.0,0.5,reference,0,3.756,1.314,47.72
rain,mist,70,20.0,0.5,M1_surface_unaware,1,-0.004,0.0,60.0
rain,mist,70,20.0,0.5,M2_aeb_unavailable,0,3.756,1.314,47.72
rain,mist,70,20.0,0.5,M3_no_speed_cap,1,-0.056,0.0,55.67
rain,mist,70,20.0,0.5,M4_late_reaction,1,-0.006,0.0,47.72
rain,mist,70,20.0,0.5,M5_weak_brakes,0,3.756,1.314,47.72
rain,mist,70,20.0,0.5,M6_visibility_unaware,0,3.756,1.314,47.72
rain,mist,70,20.0,0.75,reference,0,8.885,2.157,47.72
rain,mist,70,20.0,0.75,M1_surface_unaware,0,7.851,3.243,60.0
rain,mist,70,20.0,0.75,M2_aeb_unavailable,0,8.885,2.157,47.72
rain,mist,70,20.0,0.75,M3_no_speed_cap,0,14.125,10.068,55.67
rain,mist,70,20.0,0.75,M4_late_reaction,0,2.258,0.931,47.72
rain,mist,70,20.0,0.75,M5_weak_brakes,0,8.885,2.157,47.72
rain,mist,70,20.0,0.75,M6_visibility_unaware,0,8.885,2.157,47.72
rain,mist,70,22.5,0.5,reference,0,6.256,1.929,47.72
rain,mist,70,22.5,0.5,M1_surface_unaware,1,-0.035,0.0,60.0
rain,mist,70,22.5,0.5,M2_aeb_unavailable,0,6.256,1.929,47.72
rain,mist,70,22.5,0.5,M3_no_speed_cap,1,-0.045,0.0,55.67
rain,mist,70,22.5,0.5,M4_late_reaction,1,-0.012,0.0,47.72
rain,mist,70,22.5,0.5,M5_weak_brakes,0,6.256,1.929,47.72
rain,mist,70,22.5,0.5,M6_visibility_unaware,0,6.256,1.929,47.72
rain,mist,70,22.5,0.75,reference,0,11.385,2.616,47.72
rain,mist,70,22.5,0.75,M1_surface_unaware,0,10.351,4.196,60.0
rain,mist,70,22.5,0.75,M2_aeb_unavailable,0,11.385,2.616,47.72
rain,mist,70,22.5,0.75,M3_no_speed_cap,0,16.625,11.826,55.67
rain,mist,70,22.5,0.75,M4_late_reaction,0,4.758,1.354,47.72
rain,mist,70,22.5,0.75,M5_weak_brakes,0,11.385,2.616,47.72
rain,mist,70,22.5,0.75,M6_visibility_unaware,0,11.385,2.616,47.72
rain,mist,70,25.0,0.5,reference,0,8.756,2.545,47.72
rain,mist,70,25.0,0.5,M1_surface_unaware,1,-0.021,0.0,60.0
rain,mist,70,25.0,0.5,M2_aeb_unavailable,0,8.756,2.545,47.72
rain,mist,70,25.0,0.5,M3_no_speed_cap,1,-0.037,0.0,55.67
rain,mist,70,25.0,0.5,M4_late_reaction,0,2.128,0.904,47.72
rain,mist,70,25.0,0.5,M5_weak_brakes,0,8.756,2.545,47.72
rain,mist,70,25.0,0.5,M6_visibility_unaware,0,8.756,2.545,47.72
rain,mist,70,25.0,0.75,reference,0,13.885,3.075,47.72
rain,mist,70,25.0,0.75,M1_surface_unaware,0,12.851,5.148,60.0
rain,mist,70,25.0,0.75,M2_aeb_unavailable,0,13.885,3.075,47.72
rain,mist,70,25.0,0.75,M3_no_speed_cap,0,19.125,13.584,55.67
rain,mist,70,25.0,0.75,M4_late_reaction,0,7.258,1.679,47.72
rain,mist,70,25.0,0.75,M5_weak_brakes,0,13.885,3.075,47.72
rain,mist,70,25.0,0.75,M6_visibility_unaware,0,13.885,3.075,47.72
rain,mist,70,27.5,0.5,reference,0,11.256,3.16,47.72
rain,mist,70,27.5,0.5,M1_surface_unaware,1,-0.032,0.0,60.0
rain,mist,70,27.5,0.5,M2_aeb_unavailable,0,11.256,3.16,47.72
rain,mist,70,27.5,0.5,M3_no_speed_cap,0,0.457,0.416,55.67
rain,mist,70,27.5,0.5,M4_late_reaction,0,4.628,1.337,47.72
rain,mist,70,27.5,0.5,M5_weak_brakes,0,11.256,3.16,47.72
rain,mist,70,27.5,0.5,M6_visibility_unaware,0,11.256,3.16,47.72
rain,mist,70,27.5,0.75,reference,0,16.385,3.535,47.72
rain,mist,70,27.5,0.75,M1_surface_unaware,0,15.351,6.101,60.0
rain,mist,70,27.5,0.75,M2_aeb_unavailable,0,16.385,3.535,47.72
rain,mist,70,27.5,0.75,M3_no_speed_cap,0,21.625,15.343,55.67
rain,mist,70,27.5,0.75,M4_late_reaction,0,9.758,1.992,47.72
rain,mist,70,27.5,0.75,M5_weak_brakes,0,16.385,3.535,47.72
rain,mist,70,27.5,0.75,M6_visibility_unaware,0,16.385,3.535,47.72
rain,mist,70,30.0,0.5,reference,0,13.756,3.775,47.72
rain,mist,70,30.0,0.5,M1_surface_unaware,1,-0.052,0.0,60.0
rain,mist,70,30.0,0.5,M2_aeb_unavailable,0,13.756,3.775,47.72
rain,mist,70,30.0,0.5,M3_no_speed_cap,0,2.957,1.067,55.67
rain,mist,70,30.0,0.5,M4_late_reaction,0,7.128,1.713,47.72
rain,mist,70,30.0,0.5,M5_weak_brakes,0,13.756,3.775,47.72
rain,mist,70,30.0,0.5,M6_visibility_unaware,0,13.756,3.775,47.72
rain,mist,70,30.0,0.75,reference,0,18.885,3.994,47.72
rain,mist,70,30.0,0.75,M1_surface_unaware,0,17.851,7.054,60.0
rain,mist,70,30.0,0.75,M2_aeb_unavailable,0,18.885,3.994,47.72
rain,mist,70,30.0,0.75,M3_no_speed_cap,0,24.125,17.101,55.67
rain,mist,70,30.0,0.75,M4_late_reaction,0,12.258,2.304,47.72
rain,mist,70,30.0,0.75,M5_weak_brakes,0,18.885,3.994,47.72
rain,mist,70,30.0,0.75,M6_visibility_unaware,0,18.885,3.994,47.72
rain,fog,40,7.5,0.5,reference,0,0.394,0.409,31.81
rain,fog,40,7.5,0.5,M1_surface_unaware,1,-0.027,0.0,40.0
rain,fog,40,7.5,0.5,M2_aeb_unavailable,1,-0.032,0.0,31.81
rain,fog,40,7.5,0.5,M3_no_speed_cap,0,0.394,0.409,31.81
rain,fog,40,7.5,0.5,M4_late_reaction,0,0.407,0.419,31.81
rain,fog,40,7.5,0.5,M5_weak_brakes,0,0.394,0.409,31.81
rain,fog,40,7.5,0.5,M6_visibility_unaware,0,0.394,0.409,31.81
rain,fog,40,7.5,0.75,reference,0,4.805,4.706,31.81
rain,fog,40,7.5,0.75,M1_surface_unaware,1,-0.0,0.0,40.0
rain,fog,40,7.5,0.75,M2_aeb_unavailable,0,4.805,4.706,31.81
rain,fog,40,7.5,0.75,M3_no_speed_cap,0,4.805,4.706,31.81
rain,fog,40,7.5,0.75,M4_late_reaction,0,0.754,0.536,31.81
rain,fog,40,7.5,0.75,M5_weak_brakes,0,4.805,4.706,31.81
rain,fog,40,7.5,0.75,M6_visibility_unaware,0,4.805,4.706,31.81
rain,fog,40,10.0,0.5,reference,0,0.429,0.403,31.81
rain,fog,40,10.0,0.5,M1_surface_unaware,0,0.267,0.396,40.0
rain,fog,40,10.0,0.5,M2_aeb_unavailable,1,-0.014,0.0,31.81
rain,fog,40,10.0,0.5,M3_no_speed_cap,0,0.429,0.403,31.81
rain,fog,40,10.0,0.5,M4_late_reaction,0,0.421,0.4,31.81
rain,fog,40,10.0,0.5,M5_weak_brakes,0,0.429,0.403,31.81
rain,fog,40,10.0,0.5,M6_visibility_unaware,0,0.429,0.403,31.81
rain,fog,40,10.0,0.75,reference,0,7.305,7.1,31.81
rain,fog,40,10.0,0.75,M1_surface_unaware,1,-0.006,0.0,40.0
rain,fog,40,10.0,0.75,M2_aeb_unavailable,0,7.305,7.1,31.81
rain,fog,40,10.0,0.75,M3_no_speed_cap,0,7.305,7.1,31.81
rain,fog,40,10.0,0.75,M4_late_reaction,0,2.887,1.145,31.81
rain,fog,40,10.0,0.75,M5_weak_brakes,0,7.305,7.1,31.81
rain,fog,40,10.0,0.75,M6_visibility_unaware,0,7.305,7.1,31.81
rain,fog,40,12.5,0.5,reference,0,0.885,0.581,31.81
rain,fog,40,12.5,0.5,M1_surface_unaware,0,0.46,0.418,40.0
rain,fog,40,12.5,0.5,M2_aeb_unavailable,0,0.518,0.444,31.81
rain,fog,40,12.5,0.5,M3_no_speed_cap,0,0.885,0.581,31.81
rain,fog,40,12.5,0.5,M4_late_reaction,0,0.485,0.429,31.81
rain,fog,40,12.5,0.5,M5_weak_brakes,0,0.885,0.581,31.81
rain,fog,40,12.5,0.5,M6_visibility_unaware,0,0.885,0.581,31.81
rain,fog,40,12.5,0.75,reference,0,9.805,9.494,31.81
rain,fog,40,12.5,0.75,M1_surface_unaware,0,0.625,0.488,40.0
rain,fog,40,12.5,0.75,M2_aeb_unavailable,0,9.805,9.494,31.81
rain,fog,40,12.5,0.75,M3_no_speed_cap,0,9.805,9.494,31.81
rain,fog,40,12.5,0.75,M4_late_reaction,0,5.387,1.838,31.81
rain,fog,40,12.5,0.75,M5_weak_brakes,0,9.805,9.494,31.81
rain,fog,40,12.5,0.75,M6_visibility_unaware,0,9.805,9.494,31.81
rain,fog,40,15.0,0.5,reference,0,3.018,1.157,31.81
rain,fog,40,15.0,0.5,M1_surface_unaware,0,0.349,0.363,40.0
rain,fog,40,15.0,0.5,M2_aeb_unavailable,0,3.018,1.157,31.81
rain,fog,40,15.0,0.5,M3_no_speed_cap,0,3.018,1.157,31.81
rain,fog,40,15.0,0.5,M4_late_reaction,0,1.218,0.683,31.81
rain,fog,40,15.0,0.5,M5_weak_brakes,0,3.018,1.157,31.81
rain,fog,40,15.0,0.5,M6_visibility_unaware,0,3.018,1.157,31.81
rain,fog,40,15.0,0.75,reference,0,12.305,11.888,31.81
rain,fog,40,15.0,0.75,M1_surface_unaware,0,3.125,1.261,40.0
rain,fog,40,15.0,0.75,M2_aeb_unavailable,0,12.305,11.888,31.81
rain,fog,40,15.0,0.75,M3_no_speed_cap,0,12.305,11.888,31.81
rain,fog,40,15.0,0.75,M4_late_reaction,0,7.887,2.531,31.81
rain,fog,40,15.0,0.75,M5_weak_brakes,0,12.305,11.888,31.81
rain,fog,40,15.0,0.75,M6_visibility_unaware,0,12.305,11.888,31.81
rain,fog,40,17.5,0.5,reference,0,5.518,1.812,31.81
rain,fog,40,17.5,0.5,M1_surface_unaware,1,-0.001,0.0,40.0
rain,fog,40,17.5,0.5,M2_aeb_unavailable,0,5.518,1.812,31.81
rain,fog,40,17.5,0.5,M3_no_speed_cap,0,5.518,1.812,31.81
rain,fog,40,17.5,0.5,M4_late_reaction,0,2.124,0.903,31.81
rain,fog,40,17.5,0.5,M5_weak_brakes,0,5.518,1.812,31.81
rain,fog,40,17.5,0.5,M6_visibility_unaware,0,5.518,1.812,31.81
rain,fog,40,17.5,0.75,reference,0,14.805,14.282,31.81
rain,fog,40,17.5,0.75,M1_surface_unaware,0,5.625,2.016,40.0
rain,fog,40,17.5,0.75,M2_aeb_unavailable,0,14.805,14.282,31.81
rain,fog,40,17.5,0.75,M3_no_speed_cap,0,14.805,14.282,31.81
rain,fog,40,17.5,0.75,M4_late_reaction,0,10.387,3.223,31.81
rain,fog,40,17.5,0.75,M5_weak_brakes,0,14.805,14.282,31.81
rain,fog,40,17.5,0.75,M6_visibility_unaware,0,14.805,14.282,31.81
rain,fog,40,20.0,0.5,reference,0,8.018,2.467,31.81
rain,fog,40,20.0,0.5,M1_surface_unaware,1,-0.011,0.0,40.0
rain,fog,40,20.0,0.5,M2_aeb_unavailable,0,8.018,2.467,31.81
rain,fog,40,20.0,0.5,M3_no_speed_cap,0,8.018,2.467,31.81
rain,fog,40,20.0,0.5,M4_late_reaction,0,3.7,1.194,31.81
rain,fog,40,20.0,0.5,M5_weak_brakes,0,8.018,2.467,31.81
rain,fog,40,20.0,0.5,M6_visibility_unaware,0,8.018,2.467,31.81
rain,fog,40,20.0,0.75,reference,0,17.305,16.676,31.81
rain,fog,40,20.0,0.75,M1_surface_unaware,0,8.125,2.772,40.0
rain,fog,40,20.0,0.75,M2_aeb_unavailable,0,17.305,16.676,31.81
rain,fog,40,20.0,0.75,M3_no_speed_cap,0,17.305,16.676,31.81
rain,fog,40,20.0,0.75,M4_late_reaction,0,12.887,3.915,31.81
rain,fog,40,20.0,0.75,M5_weak_brakes,0,17.305,16.676,31.81
rain,fog,40,20.0,0.75,M6_visibility_unaware,0,17.305,16.676,31.81
rain,fog,40,22.5,0.5,reference,0,10.518,3.122,31.81
rain,fog,40,22.5,0.5,M1_surface_unaware,0,1.34,0.716,40.0
rain,fog,40,22.5,0.5,M2_aeb_unavailable,0,10.518,3.122,31.81
rain,fog,40,22.5,0.5,M3_no_speed_cap,0,10.518,3.122,31.81
rain,fog,40,22.5,0.5,M4_late_reaction,0,6.1,1.57,31.81
rain,fog,40,22.5,0.5,M5_weak_brakes,0,10.518,3.122,31.81
rain,fog,40,22.5,0.5,M6_visibility_unaware,0,10.518,3.122,31.81
rain,fog,40,22.5,0.75,reference,0,19.805,19.07,31.81
rain,fog,40,22.5,0.75,M1_surface_unaware,0,10.625,3.527,40.0
rain,fog,40,22.5,0.75,M2_aeb_unavailable,0,19.805,19.07,31.81
rain,fog,40,22.5,0.75,M3_no_speed_cap,0,19.805,19.07,31.81
rain,fog,40,22.5,0.75,M4_late_reaction,0,15.387,4.606,31.81
rain,fog,40,22.5,0.75,M5_weak_brakes,0,19.805,19.07,31.81
rain,fog,40,22.5,0.75,M6_visibility_unaware,0,19.805,19.07,31.81
rain,fog,40,25.0,0.5,reference,0,13.018,3.777,31.81
rain,fog,40,25.0,0.5,M1_surface_unaware,0,3.838,1.216,40.0
rain,fog,40,25.0,0.5,M2_aeb_unavailable,0,13.018,3.777,31.81
rain,fog,40,25.0,0.5,M3_no_speed_cap,0,13.018,3.777,31.81
rain,fog,40,25.0,0.5,M4_late_reaction,0,8.6,1.961,31.81
rain,fog,40,25.0,0.5,M5_weak_brakes,0,13.018,3.777,31.81
rain,fog,40,25.0,0.5,M6_visibility_unaware,0,13.018,3.777,31.81
rain,fog,40,25.0,0.75,reference,0,22.305,21.464,31.81
rain,fog,40,25.0,0.75,M1_surface_unaware,0,13.125,4.28,40.0
rain,fog,40,25.0,0.75,M2_aeb_unavailable,0,22.305,21.464,31.81
rain,fog,40,25.0,0.75,M3_no_speed_cap,0,22.305,21.464,31.81
rain,fog,40,25.0,0.75,M4_late_reaction,0,17.887,5.296,31.81
rain,fog,40,25.0,0.75,M5_weak_brakes,0,22.305,21.464,31.81
rain,fog,40,25.0,0.75,M6_visibility_unaware,0,22.305,21.464,31.81
rain,fog,40,27.5,0.5,reference,0,15.518,4.433,31.81
rain,fog,40,27.5,0.5,M1_surface_unaware,0,6.338,1.627,40.0
rain,fog,40,27.5,0.5,M2_aeb_unavailable,0,15.518,4.433,31.81
rain,fog,40,27.5,0.5,M3_no_speed_cap,0,15.518,4.433,31.81
rain,fog,40,27.5,0.5,M4_late_reaction,0,11.1,2.352,31.81
rain,fog,40,27.5,0.5,M5_weak_brakes,0,15.518,4.433,31.81
rain,fog,40,27.5,0.5,M6_visibility_unaware,0,15.518,4.433,31.81
rain,fog,40,27.5,0.75,reference,0,24.805,23.858,31.81
rain,fog,40,27.5,0.75,M1_surface_unaware,0,15.625,5.034,40.0
rain,fog,40,27.5,0.75,M2_aeb_unavailable,0,24.805,23.858,31.81
rain,fog,40,27.5,0.75,M3_no_speed_cap,0,24.805,23.858,31.81
rain,fog,40,27.5,0.75,M4_late_reaction,0,20.387,5.987,31.81
rain,fog,40,27.5,0.75,M5_weak_brakes,0,24.805,23.858,31.81
rain,fog,40,27.5,0.75,M6_visibility_unaware,0,10.49,2.103,31.81
rain,fog,40,30.0,0.5,reference,0,18.018,5.088,31.81
rain,fog,40,30.0,0.5,M1_surface_unaware,0,8.838,2.038,40.0
rain,fog,40,30.0,0.5,M2_aeb_unavailable,0,18.018,5.088,31.81
rain,fog,40,30.0,0.5,M3_no_speed_cap,0,18.018,5.088,31.81
rain,fog,40,30.0,0.5,M4_late_reaction,0,13.6,2.744,31.81
rain,fog,40,30.0,0.5,M5_weak_brakes,0,18.018,5.088,31.81
rain,fog,40,30.0,0.5,M6_visibility_unaware,0,13.777,2.797,31.81
rain,fog,40,30.0,0.75,reference,0,27.305,26.251,31.81
rain,fog,40,30.0,0.75,M1_surface_unaware,0,18.125,5.787,40.0
rain,fog,40,30.0,0.75,M2_aeb_unavailable,0,27.305,26.251,31.81
rain,fog,40,30.0,0.75,M3_no_speed_cap,0,27.305,26.251,31.81
rain,fog,40,30.0,0.75,M4_late_reaction,0,22.887,6.678,31.81
rain,fog,40,30.0,0.75,M5_weak_brakes,0,27.305,26.251,31.81
rain,fog,40,30.0,0.75,M6_visibility_unaware,0,8.748,1.883,31.81
rain,fog,60,7.5,0.5,reference,1,-0.0,0.0,47.72
rain,fog,60,7.5,0.5,M1_surface_unaware,1,-0.0,0.0,60.0
rain,fog,60,7.5,0.5,M2_aeb_unavailable,1,-0.031,0.0,47.72
rain,fog,60,7.5,0.5,M3_no_speed_cap,1,-0.0,0.0,47.72
rain,fog,60,7.5,0.5,M4_late_reaction,1,-0.0,0.0,47.72
rain,fog,60,7.5,0.5,M5_weak_brakes,1,-0.0,0.0,47.72
rain,fog,60,7.5,0.5,M6_visibility_unaware,1,-0.0,0.0,47.72
rain,fog,60,7.5,0.75,reference,0,2.79,2.281,47.72
rain,fog,60,7.5,0.75,M1_surface_unaware,1,-0.007,0.0,60.0
rain,fog,60,7.5,0.75,M2_aeb_unavailable,0,2.79,2.281,47.72
rain,fog,60,7.5,0.75,M3_no_speed_cap,0,2.79,2.281,47.72
rain,fog,60,7.5,0.75,M4_late_reaction,1,-0.032,0.0,47.72
rain,fog,60,7.5,0.75,M5_weak_brakes,0,2.79,2.281,47.72
rain,fog,60,7.5,0.75,M6_visibility_unaware,0,2.79,2.281,47.72
rain,fog,60,10.0,0.5,reference,1,-0.009,0.0,47.72
rain,fog,60,10.0,0.5,M1_surface_unaware,1,-0.013,0.0,60.0
rain,fog,60,10.0,0.5,M2_aeb_unavailable,1,-0.026,0.0,47.72
rain,fog,60,10.0,0.5,M3_no_speed_cap,1,-0.009,0.0,47.72
rain,fog,60,10.0,0.5,M4_late_reaction,1,-0.013,0.0,47.72
rain,fog,60,10.0,0.5,M5_weak_brakes,1,-0.009,0.0,47.72
rain,fog,60,10.0,0.5,M6_visibility_unaware,1,-0.009,0.0,47.72
rain,fog,60,10.0,0.75,reference,0,5.29,4.21,47.72
rain,fog,60,10.0,0.75,M1_surface_unaware,1,-0.007,0.0,60.0
rain,fog,60,10.0,0.75,M2_aeb_unavailable,0,5.29,4.21,47.72
rain,fog,60,10.0,0.75,M3_no_speed_cap,0,5.29,4.21,47.72
rain,fog,60,10.0,0.75,M4_late_reaction,1,-0.026,0.0,47.72
rain,fog,60,10.0,0.75,M5_weak_brakes,0,5.29,4.21,47.72
rain,fog,60,10.0,0.75,M6_visibility_unaware,0,5.29,4.21,47.72
rain,fog,60,12.5,0.5,reference,1,-0.013,0.0,47.72
rain,fog,60,12.5,0.5,M1_surface_unaware,1,-0.04,0.0,60.0
rain,fog,60,12.5,0.5,M2_aeb_unavailable,1,-0.027,0.0,47.72
rain,fog,60,12.5,0.5,M3_no_speed_cap,1,-0.013,0.0,47.72
rain,fog,60,12.5,0.5,M4_late_reaction,1,-0.005,0.0,47.72
rain,fog,60,12.5,0.5,M5_weak_brakes,1,-0.013,0.0,47.72
rain,fog,60,12.5,0.5,M6_visibility_unaware,1,-0.013,0.0,47.72
rain,fog,60,12.5,0.75,reference,0,7.79,6.138,47.72
rain,fog,60,12.5,0.75,M1_surface_unaware,1,-0.014,0.0,60.0
rain,fog,60,12.5,0.75,M2_aeb_unavailable,0,7.79,6.138,47.72
rain,fog,60,12.5,0.75,M3_no_speed_cap,0,7.79,6.138,47.72
rain,fog,60,12.5,0.75,M4_late_reaction,0,1.162,0.667,47.72
rain,fog,60,12.5,0.75,M5_weak_brakes,0,7.79,6.138,47.72
rain,fog,60,12.5,0.75,M6_visibility_unaware,0,7.79,6.138,47.72
rain,fog,60,15.0,0.5,reference,1,-0.036,0.0,47.72
rain,fog,60,15.0,0.5,M1_surface_unaware,1,-0.006,0.0,60.0
rain,fog,60,15.0,0.5,M2_aeb_unavailable,1,-0.04,0.0,47.72
rain,fog,60,15.0,0.5,M3_no_speed_cap,1,-0.036,0.0,47.72
rain,fog,60,15.0,0.5,M4_late_reaction,1,-0.028,0.0,47.72
rain,fog,60,15.0,0.5,M5_weak_brakes,1,-0.036,0.0,47.72
rain,fog,60,15.0,0.5,M6_visibility_unaware,1,-0.036,0.0,47.72
rain,fog,60,15.0,0.75,reference,0,10.29,8.067,47.72
rain,fog,60,15.0,0.75,M1_surface_unaware,1,-0.035,0.0,60.0
rain,fog,60,15.0,0.75,M2_aeb_unavailable,0,10.29,8.067,47.72
rain,fog,60,15.0,0.75,M3_no_speed_cap,0,10.29,8.067,47.72
rain,fog,60,15.0,0.75,M4_late_reaction,0,3.662,1.319,47.72
rain,fog,60,15.0,0.75,M5_weak_brakes,0,10.29,8.067,47.72
rain,fog,60,15.0,0.75,M6_visibility_unaware,0,10.29,8.067,47.72
rain,fog,60,17.5,0.5,reference,1,-0.003,0.0,47.72
rain,fog,60,17.5,0.5,M1_surface_unaware,1,-0.018,0.0,60.0
rain,fog,60,17.5,0.5,M2_aeb_unavailable,1,-0.053,0.0,47.72
rain,fog,60,17.5,0.5,M3_no_speed_cap,1,-0.003,0.0,47.72
rain,fog,60,17.5,0.5,M4_late_reaction,1,-0.008,0.0,47.72
rain,fog,60,17.5,0.5,M5_weak_brakes,1,-0.003,0.0,47.72
rain,fog,60,17.5,0.5,M6_visibility_unaware,1,-0.003,0.0,47.72
rain,fog,60,17.5,0.75,reference,0,12.79,9.996,47.72
rain,fog,60,17.5,0.75,M1_surface_unaware,1,-0.004,0.0,60.0
rain,fog,60,17.5,0.75,M2_aeb_unavailable,0,12.79,9.996,47.72
rain,fog,60,17.5,0.75,M3_no_speed_cap,0,12.79,9.996,47.72
rain,fog,60,17.5,0.75,M4_late_reaction,0,6.162,1.967,47.72
rain,fog,60,17.5,0.75,M5_weak_brakes,0,12.79,9.996,47.72
rain,fog,60,17.5,0.75,M6_visibility_unaware,0,12.79,9.996,47.72
rain,fog,60,20.0,0.5,reference,1,-0.021,0.0,47.72
rain,fog,60,20.0,0.5,M1_surface_unaware,1,-0.035,0.0,60.0
rain,fog,60,20.0,0.5,M2_aeb_unavailable,1,-0.025,0.0,47.72
rain,fog,60,20.0,0.5,M3_no_speed_cap,1,-0.021,0.0,47.72
rain,fog,60,20.0,0.5,M4_late_reaction,1,-0.032,0.0,47.72
rain,fog,60,20.0,0.5,M5_weak_brakes,1,-0.021,0.0,47.72
rain,fog,60,20.0,0.5,M6_visibility_unaware,1,-0.021,0.0,47.72
rain,fog,60,20.0,0.75,reference,0,15.29,11.925,47.72
rain,fog,60,20.0,0.75,M1_surface_unaware,1,-0.026,0.0,60.0
rain,fog,60,20.0,0.75,M2_aeb_unavailable,0,15.29,11.925,47.72
rain,fog,60,20.0,0.75,M3_no_speed_cap,0,15.29,11.925,47.72
rain,fog,60,20.0,0.75,M4_late_reaction,0,8.662,2.616,47.72
rain,fog,60,20.0,0.75,M5_weak_brakes,0,15.29,11.925,47.72
rain,fog,60,20.0,0.75,M6_visibility_unaware,0,15.29,11.925,47.72
rain,fog,60,22.5,0.5,reference,0,1.05,0.634,47.72
rain,fog,60,22.5,0.5,M1_surface_unaware,1,-0.03,0.0,60.0
rain,fog,60,22.5,0.5,M2_aeb_unavailable,0,1.05,0.634,47.72
rain,fog,60,22.5,0.5,M3_no_speed_cap,0,1.05,0.634,47.72
rain,fog,60,22.5,0.5,M4_late_reaction,1,-0.031,0.0,47.72
rain,fog,60,22.5,0.5,M5_weak_brakes,0,1.05,0.634,47.72
rain,fog,60,22.5,0.5,M6_visibility_unaware,0,1.05,0.634,47.72
rain,fog,60,22.5,0.75,reference,0,17.79,13.854,47.72
rain,fog,60,22.5,0.75,M1_surface_unaware,0,0.717,0.523,60.0
rain,fog,60,22.5,0.75,M2_aeb_unavailable,0,17.79,13.854,47.72
rain,fog,60,22.5,0.75,M3_no_speed_cap,0,17.79,13.854,47.72
rain,fog,60,22.5,0.75,M4_late_reaction,0,11.162,3.261,47.72
rain,fog,60,22.5,0.75,M5_weak_brakes,0,17.79,13.854,47.72
rain,fog,60,22.5,0.75,M6_visibility_unaware,0,17.79,13.854,47.72
rain,fog,60,25.0,0.5,reference,0,3.55,1.175,47.72
rain,fog,60,25.0,0.5,M1_surface_unaware,1,-0.013,0.0,60.0
rain,fog,60,25.0,0.5,M2_aeb_unavailable,0,3.55,1.175,47.72
rain,fog,60,25.0,0.5,M3_no_speed_cap,0,3.55,1.175,47.72
rain,fog,60,25.0,0.5,M4_late_reaction,1,-0.039,0.0,47.72
rain,fog,60,25.0,0.5,M5_weak_brakes,0,3.55,1.175,47.72
rain,fog,60,25.0,0.5,M6_visibility_unaware,0,3.55,1.175,47.72
rain,fog,60,25.0,0.75,reference,0,20.29,15.783,47.72
rain,fog,60,25.0,0.75,M1_surface_unaware,0,3.217,1.136,60.0
rain,fog,60,25.0,0.75,M2_aeb_unavailable,0,20.29,15.783,47.72
rain,fog,60,25.0,0.75,M3_no_speed_cap,0,20.29,15.783,47.72
rain,fog,60,25.0,0.75,M4_late_reaction,0,13.662,3.907,47.72
rain,fog,60,25.0,0.75,M5_weak_brakes,0,20.29,15.783,47.72
rain,fog,60,25.0,0.75,M6_visibility_unaware,0,20.29,15.783,47.72
rain,fog,60,27.5,0.5,reference,0,6.05,1.634,47.72
rain,fog,60,27.5,0.5,M1_surface_unaware,1,-0.027,0.0,60.0
rain,fog,60,27.5,0.5,M2_aeb_unavailable,0,6.05,1.634,47.72
rain,fog,60,27.5,0.5,M3_no_speed_cap,0,6.05,1.634,47.72
rain,fog,60,27.5,0.5,M4_late_reaction,1,-0.002,0.0,47.72
rain,fog,60,27.5,0.5,M5_weak_brakes,0,6.05,1.634,47.72
rain,fog,60,27.5,0.5,M6_visibility_unaware,0,6.05,1.634,47.72
rain,fog,60,27.5,0.75,reference,0,22.79,17.712,47.72
rain,fog,60,27.5,0.75,M1_surface_unaware,0,5.717,1.669,60.0
rain,fog,60,27.5,0.75,M2_aeb_unavailable,0,22.79,17.712,47.72
rain,fog,60,27.5,0.75,M3_no_speed_cap,0,22.79,17.712,47.72
rain,fog,60,27.5,0.75,M4_late_reaction,0,16.162,4.553,47.72
rain,fog,60,27.5,0.75,M5_weak_brakes,0,22.79,17.712,47.72
rain,fog,60,27.5,0.75,M6_visibility_unaware,0,3.702,1.194,47.72
rain,fog,60,30.0,0.5,reference,0,8.55,2.092,47.72
rain,fog,60,30.0,0.5,M1_surface_unaware,1,-0.078,0.0,60.0
rain,fog,60,30.0,0.5,M2_aeb_unavailable,0,8.55,2.092,47.72
rain,fog,60,30.0,0.5,M3_no_speed_cap,0,8.55,2.092,47.72
rain,fog,60,30.0,0.5,M4_late_reaction,0,1.923,0.859,47.72
rain,fog,60,30.0,0.5,M5_weak_brakes,0,8.55,2.092,47.72
rain,fog,60,30.0,0.5,M6_visibility_unaware,0,8.55,2.092,47.72
rain,fog,60,30.0,0.75,reference,0,25.29,19.641,47.72
rain,fog,60,30.0,0.75,M1_surface_unaware,0,8.217,2.202,60.0
rain,fog,60,30.0,0.75,M2_aeb_unavailable,0,25.29,19.641,47.72
rain,fog,60,30.0,0.75,M3_no_speed_cap,0,25.29,19.641,47.72
rain,fog,60,30.0,0.75,M4_late_reaction,0,18.662,5.199,47.72
rain,fog,60,30.0,0.75,M5_weak_brakes,0,25.29,19.641,47.72
rain,fog,60,30.0,0.75,M6_visibility_unaware,0,0.374,0.376,47.72
rain,fog,70,7.5,0.5,reference,1,-0.007,0.0,47.72
rain,fog,70,7.5,0.5,M1_surface_unaware,1,-0.064,0.0,60.0
rain,fog,70,7.5,0.5,M2_aeb_unavailable,1,-0.021,0.0,47.72
rain,fog,70,7.5,0.5,M3_no_speed_cap,1,-0.013,0.0,55.67
rain,fog,70,7.5,0.5,M4_late_reaction,1,-0.001,0.0,47.72
rain,fog,70,7.5,0.5,M5_weak_brakes,1,-0.007,0.0,47.72
rain,fog,70,7.5,0.5,M6_visibility_unaware,1,-0.007,0.0,47.72
rain,fog,70,7.5,0.75,reference,1,-0.036,0.0,47.72
rain,fog,70,7.5,0.75,M1_surface_unaware,1,-0.013,0.0,60.0
rain,fog,70,7.5,0.75,M2_aeb_unavailable,1,-0.048,0.0,47.72
rain,fog,70,7.5,0.75,M3_no_speed_cap,0,1.625,1.277,55.67
rain,fog,70,7.5,0.75,M4_late_reaction,1,-0.033,0.0,47.72
rain,fog,70,7.5,0.75,M5_weak_brakes,1,-0.036,0.0,47.72
rain,fog,70,7.5,0.75,M6_visibility_unaware,1,-0.036,0.0,47.72
rain,fog,70,10.0,0.5,reference,1,-0.008,0.0,47.72
rain,fog,70,10.0,0.5,M1_surface_unaware,1,-0.019,0.0,60.0
rain,fog,70,10.0,0.5,M2_aeb_unavailable,1,-0.019,0.0,47.72
rain,fog,70,10.0,0.5,M3_no_speed_cap,1,-0.003,0.0,55.67
rain,fog,70,10.0,0.5,M4_late_reaction,1,-0.023,0.0,47.72
rain,fog,70,10.0,0.5,M5_weak_brakes,1,-0.008,0.0,47.72
rain,fog,70,10.0,0.5,M6_visibility_unaware,1,-0.008,0.0,47.72
rain,fog,70,10.0,0.75,reference,1,-0.014,0.0,47.72
rain,fog,70,10.0,0.75,M1_surface_unaware,1,-0.02,0.0,60.0
rain,fog,70,10.0,0.75,M2_aeb_unavailable,1,-0.014,0.0,47.72
rain,fog,70,10.0,0.75,M3_no_speed_cap,0,4.125,3.036,55.67
rain,fog,70,10.0,0.75,M4_late_reaction,1,-0.04,0.0,47.72
rain,fog,70,10.0,0.75,M5_weak_brakes,1,-0.014,0.0,47.72
rain,fog,70,10.0,0.75,M6_visibility_unaware,1,-0.014,0.0,47.72
rain,fog,70,12.5,0.5,reference,1,-0.028,0.0,47.72
rain,fog,70,12.5,0.5,M1_surface_unaware,1,-0.005,0.0,60.0
rain,fog,70,12.5,0.5,M2_aeb_unavailable,1,-0.004,0.0,47.72
rain,fog,70,12.5,0.5,M3_no_speed_cap,1,-0.014,0.0,55.67
rain,fog,70,12.5,0.5,M4_late_reaction,1,-0.02,0.0,47.72
rain,fog,70,12.5,0.5,M5_weak_brakes,1,-0.028,0.0,47.72
rain,fog,70,12.5,0.5,M6_visibility_unaware,1,-0.028,0.0,47.72
rain,fog,70,12.5,0.75,reference,0,1.385,0.728,47.72
rain,fog,70,12.5,0.75,M1_surface_unaware,0,0.351,0.364,60.0
rain,fog,70,12.5,0.75,M2_aeb_unavailable,0,1.385,0.728,47.72
rain,fog,70,12.5,0.75,M3_no_speed_cap,0,6.625,4.794,55.67
rain,fog,70,12.5,0.75,M4_late_reaction,1,-0.053,0.0,47.72
rain,fog,70,12.5,0.75,M5_weak_brakes,0,1.385,0.728,47.72
rain,fog,70,12.5,0.75,M6_visibility_unaware,0,1.385,0.728,47.72
rain,fog,70,15.0,0.5,reference,1,-0.005,0.0,47.72
rain,fog,70,15.0,0.5,M1_surface_unaware,1,-0.013,0.0,60.0
rain,fog,70,15.0,0.5,M2_aeb_unavailable,1,-0.005,0.0,47.72
rain,fog,70,15.0,0.5,M3_no_speed_cap,1,-0.014,0.0,55.67
rain,fog,70,15.0,0.5,M4_late_reaction,1,-0.003,0.0,47.72
rain,fog,70,15.0,0.5,M5_weak_brakes,1,-0.005,0.0,47.72
rain,fog,70,15.0,0.5,M6_visibility_unaware,1,-0.005,0.0,47.72
rain,fog,70,15.0,0.75,reference,0,3.885,1.239,47.72
rain,fog,70,15.0,0.75,M1_surface_unaware,0,2.851,1.338,60.0
rain,fog,70,15.0,0.75,M2_aeb_unavailable,0,3.885,1.239,47.72
rain,fog,70,15.0,0.75,M3_no_speed_cap,0,9.125,6.552,55.67
rain,fog,70,15.0,0.75,M4_late_reaction,1,-0.009,0.0,47.72
rain,fog,70,15.0,0.75,M5_weak_brakes,0,3.885,1.239,47.72
rain,fog,70,15.0,0.75,M6_visibility_unaware,0,3.885,1.239,47.72
rain,fog,70,17.5,0.5,reference,0,1.256,0.693,47.72
rain,fog,70,17.5,0.5,M1_surface_unaware,1,-0.025,0.0,60.0
rain,fog,70,17.5,0.5,M2_aeb_unavailable,0,1.256,0.693,47.72
rain,fog,70,17.5,0.5,M3_no_speed_cap,1,-0.014,0.0,55.67
rain,fog,70,17.5,0.5,M4_late_reaction,1,-0.03,0.0,47.72
rain,fog,70,17.5,0.5,M5_weak_brakes,0,1.256,0.693,47.72
rain,fog,70,17.5,0.5,M6_visibility_unaware,0,1.256,0.693,47.72
rain,fog,70,17.5,0.75,reference,0,6.385,1.698,47.72
rain,fog,70,17.5,0.75,M1_surface_unaware,0,5.351,2.29,60.0
rain,fog,70,17.5,0.75,M2_aeb_unavailable,0,6.385,1.698,47.72
rain,fog,70,17.5,0.75,M3_no_speed_cap,0,11.625,8.31,55.67
rain,fog,70,17.5,0.75,M4_late_reaction,1,-0.01,0.0,47.72
rain,fog,70,17.5,0.75,M5_weak_brakes,0,6.385,1.698,47.72
rain,fog,70,17.5,0.75,M6_visibility_unaware,0,6.385,1.698,47.72
rain,fog,70,20.0,0.5,reference,0,3.756,1.314,47.72
rain,fog,70,20.0,0.5,M1_surface_unaware,1,-0.004,0.0,60.0
rain,fog,70,20.0,0.5,M2_aeb_unavailable,0,3.756,1.314,47.72
rain,fog,70,20.0,0.5,M3_no_speed_cap,1,-0.056,0.0,55.67
rain,fog,70,20.0,0.5,M4_late_reaction,1,-0.006,0.0,47.72
rain,fog,70,20.0,0.5,M5_weak_brakes,0,3.756,1.314,47.72
rain,fog,70,20.0,0.5,M6_visibility_unaware,0,3.756,1.314,47.72
rain,fog,70,20.0,0.75,reference,0,8.885,2.157,47.72
rain,fog,70,20.0,0.75,M1_surface_unaware,0,7.851,3.243,60.0
rain,fog,70,20.0,0.75,M2_aeb_unavailable,0,8.885,2.157,47.72
rain,fog,70,20.0,0.75,M3_no_speed_cap,0,14.125,10.068,55.67
rain,fog,70,20.0,0.75,M4_late_reaction,0,2.258,0.931,47.72
rain,fog,70,20.0,0.75,M5_weak_brakes,0,8.885,2.157,47.72
rain,fog,70,20.0,0.75,M6_visibility_unaware,0,8.885,2.157,47.72
rain,fog,70,22.5,0.5,reference,0,6.256,1.929,47.72
rain,fog,70,22.5,0.5,M1_surface_unaware,1,-0.035,0.0,60.0
rain,fog,70,22.5,0.5,M2_aeb_unavailable,0,6.256,1.929,47.72
rain,fog,70,22.5,0.5,M3_no_speed_cap,1,-0.045,0.0,55.67
rain,fog,70,22.5,0.5,M4_late_reaction,1,-0.012,0.0,47.72
rain,fog,70,22.5,0.5,M5_weak_brakes,0,6.256,1.929,47.72
rain,fog,70,22.5,0.5,M6_visibility_unaware,0,6.256,1.929,47.72
rain,fog,70,22.5,0.75,reference,0,11.385,2.616,47.72
rain,fog,70,22.5,0.75,M1_surface_unaware,0,10.351,4.196,60.0
rain,fog,70,22.5,0.75,M2_aeb_unavailable,0,11.385,2.616,47.72
rain,fog,70,22.5,0.75,M3_no_speed_cap,0,16.625,11.826,55.67
rain,fog,70,22.5,0.75,M4_late_reaction,0,4.758,1.354,47.72
rain,fog,70,22.5,0.75,M5_weak_brakes,0,11.385,2.616,47.72
rain,fog,70,22.5,0.75,M6_visibility_unaware,0,11.385,2.616,47.72
rain,fog,70,25.0,0.5,reference,0,8.756,2.545,47.72
rain,fog,70,25.0,0.5,M1_surface_unaware,1,-0.021,0.0,60.0
rain,fog,70,25.0,0.5,M2_aeb_unavailable,0,8.756,2.545,47.72
rain,fog,70,25.0,0.5,M3_no_speed_cap,1,-0.037,0.0,55.67
rain,fog,70,25.0,0.5,M4_late_reaction,0,2.128,0.904,47.72
rain,fog,70,25.0,0.5,M5_weak_brakes,0,8.756,2.545,47.72
rain,fog,70,25.0,0.5,M6_visibility_unaware,0,8.756,2.545,47.72
rain,fog,70,25.0,0.75,reference,0,13.885,3.075,47.72
rain,fog,70,25.0,0.75,M1_surface_unaware,0,12.851,5.148,60.0
rain,fog,70,25.0,0.75,M2_aeb_unavailable,0,13.885,3.075,47.72
rain,fog,70,25.0,0.75,M3_no_speed_cap,0,19.125,13.584,55.67
rain,fog,70,25.0,0.75,M4_late_reaction,0,7.258,1.679,47.72
rain,fog,70,25.0,0.75,M5_weak_brakes,0,13.885,3.075,47.72
rain,fog,70,25.0,0.75,M6_visibility_unaware,0,0.67,0.505,47.72
rain,fog,70,27.5,0.5,reference,0,11.256,3.16,47.72
rain,fog,70,27.5,0.5,M1_surface_unaware,1,-0.032,0.0,60.0
rain,fog,70,27.5,0.5,M2_aeb_unavailable,0,11.256,3.16,47.72
rain,fog,70,27.5,0.5,M3_no_speed_cap,0,0.457,0.416,55.67
rain,fog,70,27.5,0.5,M4_late_reaction,0,4.628,1.337,47.72
rain,fog,70,27.5,0.5,M5_weak_brakes,0,11.256,3.16,47.72
rain,fog,70,27.5,0.5,M6_visibility_unaware,0,11.256,3.16,47.72
rain,fog,70,27.5,0.75,reference,0,16.385,3.535,47.72
rain,fog,70,27.5,0.75,M1_surface_unaware,0,15.351,6.101,60.0
rain,fog,70,27.5,0.75,M2_aeb_unavailable,0,16.385,3.535,47.72
rain,fog,70,27.5,0.75,M3_no_speed_cap,0,21.625,15.343,55.67
rain,fog,70,27.5,0.75,M4_late_reaction,0,9.758,1.992,47.72
rain,fog,70,27.5,0.75,M5_weak_brakes,0,16.385,3.535,47.72
rain,fog,70,27.5,0.75,M6_visibility_unaware,0,0.501,0.436,47.72
rain,fog,70,30.0,0.5,reference,0,13.756,3.775,47.72
rain,fog,70,30.0,0.5,M1_surface_unaware,1,-0.052,0.0,60.0
rain,fog,70,30.0,0.5,M2_aeb_unavailable,0,13.756,3.775,47.72
rain,fog,70,30.0,0.5,M3_no_speed_cap,0,2.957,1.067,55.67
rain,fog,70,30.0,0.5,M4_late_reaction,0,7.128,1.713,47.72
rain,fog,70,30.0,0.5,M5_weak_brakes,0,13.756,3.775,47.72
rain,fog,70,30.0,0.5,M6_visibility_unaware,0,8.851,2.058,47.72
rain,fog,70,30.0,0.75,reference,0,18.885,3.994,47.72
rain,fog,70,30.0,0.75,M1_surface_unaware,0,17.851,7.054,60.0
rain,fog,70,30.0,0.75,M2_aeb_unavailable,0,18.885,3.994,47.72
rain,fog,70,30.0,0.75,M3_no_speed_cap,0,24.125,17.101,55.67
rain,fog,70,30.0,0.75,M4_late_reaction,0,12.258,2.304,47.72
rain,fog,70,30.0,0.75,M5_weak_brakes,0,18.885,3.994,47.72
rain,fog,70,30.0,0.75,M6_visibility_unaware,0,1.377,0.726,47.72
snow,clear,40,7.5,0.5,reference,0,1.477,1.145,24.84
snow,clear,40,7.5,0.5,M1_surface_unaware,1,-0.035,0.0,40.0
snow,clear,40,7.5,0.5,M2_aeb_unavailable,0,1.477,1.145,24.84
snow,clear,40,7.5,0.5,M3_no_speed_cap,0,1.477,1.145,24.84
snow,clear,40,7.5,0.5,M4_late_reaction,1,-0.017,0.0,24.84
snow,clear,40,7.5,0.5,M5_weak_brakes,0,1.477,1.145,24.84
snow,clear,40,7.5,0.5,M6_visibility_unaware,0,1.477,1.145,24.84
snow,clear,40,7.5,0.75,reference,0,3.436,1.561,24.84
snow,clear,40,7.5,0.75,M1_surface_unaware,1,-0.006,0.0,40.0
snow,clear,40,7.5,0.75,M2_aeb_unavailable,0,3.436,1.561,24.84
snow,clear,40,7.5,0.75,M3_no_speed_cap,0,3.436,1.561,24.84
snow,clear,40,7.5,0.75,M4_late_reaction,0,0.488,0.553,24.84
snow,clear,40,7.5,0.75,M5_weak_brakes,0,3.436,1.561,24.84
snow,clear,40,7.5,0.75,M6_visibility_unaware,0,3.436,1.561,24.84
snow,clear,40,10.0,0.5,reference,0,3.977,2.639,24.84
snow,clear,40,10.0,0.5,M1_surface_unaware,1,-0.014,0.0,40.0
snow,clear,40,10.0,0.5,M2_aeb_unavailable,0,3.977,2.639,24.84
snow,clear,40,10.0,0.5,M3_no_speed_cap,0,3.977,2.639,24.84
snow,clear,40,10.0,0.5,M4_late_reaction,0,0.527,0.575,24.84
snow,clear,40,10.0,0.5,M5_weak_brakes,0,3.977,2.639,24.84
snow,clear,40,10.0,0.5,M6_visibility_unaware,0,3.977,2.639,24.84
snow,clear,40,10.0,0.75,reference,0,5.936,2.316,24.84
snow,clear,40,10.0,0.75,M1_surface_unaware,1,-0.017,0.0,40.0
snow,clear,40,10.0,0.75,M2_aeb_unavailable,0,5.936,2.316,24.84
snow,clear,40,10.0,0.75,M3_no_speed_cap,0,5.936,2.316,24.84
snow,clear,40,10.0,0.75,M4_late_reaction,0,2.486,1.254,24.84
snow,clear,40,10.0,0.75,M5_weak_brakes,0,5.936,2.316,24.84
snow,clear,40,10.0,0.75,M6_visibility_unaware,0,5.936,2.316,24.84
snow,clear,40,12.5,0.5,reference,0,6.477,4.134,24.84
snow,clear,40,12.5,0.5,M1_surface_unaware,1,-0.01,0.0,40.0
snow,clear,40,12.5,0.5,M2_aeb_unavailable,0,6.477,4.134,24.84
snow,clear,40,12.5,0.5,M3_no_speed_cap,0,6.477,4.134,24.84
snow,clear,40,12.5,0.5,M4_late_reaction,0,3.027,1.445,24.84
snow,clear,40,12.5,0.5,M5_weak_brakes,0,6.477,4.134,24.84
snow,clear,40,12.5,0.5,M6_visibility_unaware,0,6.477,4.134,24.84
snow,clear,40,12.5,0.75,reference,0,8.436,3.068,24.84
snow,clear,40,12.5,0.75,M1_surface_unaware,1,-0.016,0.0,40.0
snow,clear,40,12.5,0.75,M2_aeb_unavailable,0,8.436,3.068,24.84
snow,clear,40,12.5,0.75,M3_no_speed_cap,0,8.436,3.068,24.84
snow,clear,40,12.5,0.75,M4_late_reaction,0,4.986,1.794,24.84
snow,clear,40,12.5,0.75,M5_weak_brakes,0,8.436,3.068,24.84
snow,clear,40,12.5,0.75,M6_visibility_unaware,0,8.436,3.068,24.84
snow,clear,40,15.0,0.5,reference,0,8.977,5.629,24.84
snow,clear,40,15.0,0.5,M1_surface_unaware,1,-0.018,0.0,40.0
snow,clear,40,15.0,0.5,M2_aeb_unavailable,0,8.977,5.629,24.84
snow,clear,40,15.0,0.5,M3_no_speed_cap,0,8.977,5.629,24.84
snow,clear,40,15.0,0.5,M4_late_reaction,0,5.527,2.216,24.84
snow,clear,40,15.0,0.5,M5_weak_brakes,0,8.977,5.629,24.84
snow,clear,40,15.0,0.5,M6_visibility_unaware,0,8.977,5.629,24.84
snow,clear,40,15.0,0.75,reference,0,10.936,3.821,24.84
snow,clear,40,15.0,0.75,M1_surface_unaware,1,-0.001,0.0,40.0
snow,clear,40,15.0,0.75,M2_aeb_unavailable,0,10.936,3.821,24.84
snow,clear,40,15.0,0.75,M3_no_speed_cap,0,10.936,3.821,24.84
snow,clear,40,15.0,0.75,M4_late_reaction,0,7.486,2.307,24.84
snow,clear,40,15.0,0.75,M5_weak_brakes,0,10.936,3.821,24.84
snow,clear,40,15.0,0.75,M6_visibility_unaware,0,10.936,3.821,24.84
snow,clear,40,17.5,0.5,reference,0,11.477,7.124,24.84
snow,clear,40,17.5,0.5,M1_surface_unaware,1,-0.022,0.0,40.0
snow,clear,40,17.5,0.5,M2_aeb_unavailable,0,11.477,7.124,24.84
snow,clear,40,17.5,0.5,M3_no_speed_cap,0,11.477,7.124,24.84
snow,clear,40,17.5,0.5,M4_late_reaction,0,8.027,2.987,24.84
snow,clear,40,17.5,0.5,M5_weak_brakes,0,11.477,7.124,24.84
snow,clear,40,17.5,0.5,M6_visibility_unaware,0,11.477,7.124,24.84
snow,clear,40,17.5,0.75,reference,0,13.436,4.574,24.84
snow,clear,40,17.5,0.75,M1_surface_unaware,0,2.236,1.211,40.0
snow,clear,40,17.5,0.75,M2_aeb_unavailable,0,13.436,4.574,24.84
snow,clear,40,17.5,0.75,M3_no_speed_cap,0,13.436,4.574,24.84
snow,clear,40,17.5,0.75,M4_late_reaction,0,9.986,2.82,24.84
snow,clear,40,17.5,0.75,M5_weak_brakes,0,13.436,4.574,24.84
snow,clear,40,17.5,0.75,M6_visibility_unaware,0,13.436,4.574,24.84
snow,clear,40,20.0,0.5,reference,0,13.977,8.619,24.84
snow,clear,40,20.0,0.5,M1_surface_unaware,1,-0.042,0.0,40.0
snow,clear,40,20.0,0.5,M2_aeb_unavailable,0,13.977,8.619,24.84
snow,clear,40,20.0,0.5,M3_no_speed_cap,0,13.977,8.619,24.84
snow,clear,40,20.0,0.5,M4_late_reaction,0,10.527,3.759,24.84
snow,clear,40,20.0,0.5,M5_weak_brakes,0,13.977,8.619,24.84
snow,clear,40,20.0,0.5,M6_visibility_unaware,0,13.977,8.619,24.84
snow,clear,40,20.0,0.75,reference,0,15.936,5.326,24.84
snow,clear,40,20.0,0.75,M1_surface_unaware,0,4.736,2.019,40.0
snow,clear,40,20.0,0.75,M2_aeb_unavailable,0,15.936,5.326,24.84
snow,clear,40,20.0,0.75,M3_no_speed_cap,0,15.936,5.326,24.84
snow,clear,40,20.0,0.75,M4_late_reaction,0,12.486,3.331,24.84
snow,clear,40,20.0,0.75,M5_weak_brakes,0,15.936,5.326,24.84
snow,clear,40,20.0,0.75,M6_visibility_unaware,0,15.936,5.326,24.84
snow,clear,40,22.5,0.5,reference,0,16.477,10.114,24.84
snow,clear,40,22.5,0.5,M1_surface_unaware,1,-0.024,0.0,40.0
snow,clear,40,22.5,0.5,M2_aeb_unavailable,0,16.477,10.114,24.84
snow,clear,40,22.5,0.5,M3_no_speed_cap,0,16.477,10.114,24.84
snow,clear,40,22.5,0.5,M4_late_reaction,0,13.027,4.53,24.84
snow,clear,40,22.5,0.5,M5_weak_brakes,0,16.477,10.114,24.84
snow,clear,40,22.5,0.5,M6_visibility_unaware,0,16.477,10.114,24.84
snow,clear,40,22.5,0.75,reference,0,18.436,6.079,24.84
snow,clear,40,22.5,0.75,M1_surface_unaware,0,7.236,2.823,40.0
snow,clear,40,22.5,0.75,M2_aeb_unavailable,0,18.436,6.079,24.84
snow,clear,40,22.5,0.75,M3_no_speed_cap,0,18.436,6.079,24.84
snow,clear,40,22.5,0.75,M4_late_reaction,0,14.986,3.843,24.84
snow,clear,40,22.5,0.75,M5_weak_brakes,0,18.436,6.079,24.84
snow,clear,40,22.5,0.75,M6_visibility_unaware,0,18.436,6.079,24.84
snow,clear,40,25.0,0.5,reference,0,18.977,11.609,24.84
snow,clear,40,25.0,0.5,M1_surface_unaware,1,-0.019,0.0,40.0
snow,clear,40,25.0,0.5,M2_aeb_unavailable,0,18.977,11.609,24.84
snow,clear,40,25.0,0.5,M3_no_speed_cap,0,18.977,11.609,24.84
snow,clear,40,25.0,0.5,M4_late_reaction,0,15.527,5.301,24.84
snow,clear,40,25.0,0.5,M5_weak_brakes,0,18.977,11.609,24.84
snow,clear,40,25.0,0.5,M6_visibility_unaware,0,18.977,11.609,24.84
snow,clear,40,25.0,0.75,reference,0,20.936,6.831,24.84
snow,clear,40,25.0,0.75,M1_surface_unaware,0,9.736,3.628,40.0
snow,clear,40,25.0,0.75,M2_aeb_unavailable,0,20.936,6.831,24.84
snow,clear,40,25.0,0.75,M3_no_speed_cap,0,20.936,6.831,24.84
snow,clear,40,25.0,0.75,M4_late_reaction,0,17.486,4.354,24.84
snow,clear,40,25.0,0.75,M5_weak_brakes,0,20.936,6.831,24.84
snow,clear,40,25.0,0.75,M6_visibility_unaware,0,20.936,6.831,24.84
snow,clear,40,27.5,0.5,reference,0,21.477,13.104,24.84
snow,clear,40,27.5,0.5,M1_surface_unaware,0,0.549,0.587,40.0
snow,clear,40,27.5,0.5,M2_aeb_unavailable,0,21.477,13.104,24.84
snow,clear,40,27.5,0.5,M3_no_speed_cap,0,21.477,13.104,24.84
snow,clear,40,27.5,0.5,M4_late_reaction,0,18.027,6.072,24.84
snow,clear,40,27.5,0.5,M5_weak_brakes,0,21.477,13.104,24.84
snow,clear,40,27.5,0.5,M6_visibility_unaware,0,21.477,13.104,24.84
snow,clear,40,27.5,0.75,reference,0,23.436,7.584,24.84
snow,clear,40,27.5,0.75,M1_surface_unaware,0,12.236,4.432,40.0
snow,clear,40,27.5,0.75,M2_aeb_unavailable,0,23.436,7.584,24.84
snow,clear,40,27.5,0.75,M3_no_speed_cap,0,23.436,7.584,24.84
snow,clear,40,27.5,0.75,M4_late_reaction,0,19.986,4.865,24.84
snow,clear,40,27.5,0.75,M5_weak_brakes,0,23.436,7.584,24.84
snow,clear,40,27.5,0.75,M6_visibility_unaware,0,23.436,7.584,24.84
snow,clear,40,30.0,0.5,reference,0,23.977,14.599,24.84
snow,clear,40,30.0,0.5,M1_surface_unaware,0,3.049,1.389,40.0
snow,clear,40,30.0,0.5,M2_aeb_unavailable,0,23.977,14.599,24.84
snow,clear,40,30.0,0.5,M3_no_speed_cap,0,23.977,14.599,24.84
snow,clear,40,30.0,0.5,M4_late_reaction,0,20.527,6.843,24.84
snow,clear,40,30.0,0.5,M5_weak_brakes,0,23.977,14.599,24.84
snow,clear,40,30.0,0.5,M6_visibility_unaware,0,23.977,14.599,24.84
snow,clear,40,30.0,0.75,reference,0,25.936,8.337,24.84
snow,clear,40,30.0,0.75,M1_surface_unaware,0,14.736,5.237,40.0
snow,clear,40,30.0,0.75,M2_aeb_unavailable,0,25.936,8.337,24.84
snow,clear,40,30.0,0.75,M3_no_speed_cap,0,25.936,8.337,24.84
snow,clear,40,30.0,0.75,M4_late_reaction,0,22.486,5.376,24.84
snow,clear,40,30.0,0.75,M5_weak_brakes,0,25.936,8.337,24.84
snow,clear,40,30.0,0.75,M6_visibility_unaware,0,25.936,8.337,24.84
snow,clear,60,7.5,0.5,reference,1,-0.011,0.0,37.26
snow,clear,60,7.5,0.5,M1_surface_unaware,1,-0.0,0.0,60.0
snow,clear,60,7.5,0.5,M2_aeb_unavailable,1,-0.009,0.0,37.26
snow,clear,60,7.5,0.5,M3_no_speed_cap,1,-0.011,0.0,37.26
snow,clear,60,7.5,0.5,M4_late_reaction,1,-0.011,0.0,37.26
snow,clear,60,7.5,0.5,M5_weak_brakes,1,-0.011,0.0,37.26
snow,clear,60,7.5,0.5,M6_visibility_unaware,1,-0.011,0.0,37.26
snow,clear,60,7.5,0.75,reference,0,1.61,1.008,37.26
snow,clear,60,7.5,0.75,M1_surface_unaware,1,-0.006,0.0,60.0
snow,clear,60,7.5,0.75,M2_aeb_unavailable,0,1.61,1.008,37.26
snow,clear,60,7.5,0.75,M3_no_speed_cap,0,1.61,1.008,37.26
snow,clear,60,7.5,0.75,M4_late_reaction,1,-0.001,0.0,37.26
snow,clear,60,7.5,0.75,M5_weak_brakes,0,1.61,1.008,37.26
snow,clear,60,7.5,0.75,M6_visibility_unaware,0,1.61,1.008,37.26
snow,clear,60,10.0,0.5,reference,1,-0.018,0.0,37.26
snow,clear,60,10.0,0.5,M1_surface_unaware,1,-0.041,0.0,60.0
snow,clear,60,10.0,0.5,M2_aeb_unavailable,1,-0.018,0.0,37.26
snow,clear,60,10.0,0.5,M3_no_speed_cap,1,-0.018,0.0,37.26
snow,clear,60,10.0,0.5,M4_late_reaction,1,-0.004,0.0,37.26
snow,clear,60,10.0,0.5,M5_weak_brakes,1,-0.018,0.0,37.26
snow,clear,60,10.0,0.5,M6_visibility_unaware,1,-0.018,0.0,37.26
snow,clear,60,10.0,0.75,reference,0,4.11,1.762,37.26
snow,clear,60,10.0,0.75,M1_surface_unaware,1,-0.008,0.0,60.0
snow,clear,60,10.0,0.75,M2_aeb_unavailable,0,4.11,1.762,37.26
snow,clear,60,10.0,0.75,M3_no_speed_cap,0,4.11,1.762,37.26
snow,clear,60,10.0,0.75,M4_late_reaction,1,-0.018,0.0,37.26
snow,clear,60,10.0,0.75,M5_weak_brakes,0,4.11,1.762,37.26
snow,clear,60,10.0,0.75,M6_visibility_unaware,0,4.11,1.762,37.26
snow,clear,60,12.5,0.5,reference,0,1.443,0.986,37.26
snow,clear,60,12.5,0.5,M1_surface_unaware,1,-0.016,0.0,60.0
snow,clear,60,12.5,0.5,M2_aeb_unavailable,0,1.443,0.986,37.26
snow,clear,60,12.5,0.5,M3_no_speed_cap,0,1.443,0.986,37.26
snow,clear,60,12.5,0.5,M4_late_reaction,1,-0.018,0.0,37.26
snow,clear,60,12.5,0.5,M5_weak_brakes,0,1.443,0.986,37.26
snow,clear,60,12.5,0.5,M6_visibility_unaware,0,1.443,0.986,37.26
snow,clear,60,12.5,0.75,reference,0,6.61,2.514,37.26
snow,clear,60,12.5,0.75,M1_surface_unaware,1,-0.007,0.0,60.0
snow,clear,60,12.5,0.75,M2_aeb_unavailable,0,6.61,2.514,37.26
snow,clear,60,12.5,0.75,M3_no_speed_cap,0,6.61,2.514,37.26
snow,clear,60,12.5,0.75,M4_late_reaction,0,1.435,0.951,37.26
snow,clear,60,12.5,0.75,M5_weak_brakes,0,6.61,2.514,37.26
snow,clear,60,12.5,0.75,M6_visibility_unaware,0,6.61,2.514,37.26
snow,clear,60,15.0,0.5,reference,0,3.943,2.055,37.26
snow,clear,60,15.0,0.5,M1_surface_unaware,1,-0.019,0.0,60.0
snow,clear,60,15.0,0.5,M2_aeb_unavailable,0,3.943,2.055,37.26
snow,clear,60,15.0,0.5,M3_no_speed_cap,0,3.943,2.055,37.26
snow,clear,60,15.0,0.5,M4_late_reaction,1,-0.025,0.0,37.26
snow,clear,60,15.0,0.5,M5_weak_brakes,0,3.943,2.055,37.26
snow,clear,60,15.0,0.5,M6_visibility_unaware,0,3.943,2.055,37.26
snow,clear,60,15.0,0.75,reference,0,9.11,3.265,37.26
snow,clear,60,15.0,0.75,M1_surface_unaware,1,-0.014,0.0,60.0
snow,clear,60,15.0,0.75,M2_aeb_unavailable,0,9.11,3.265,37.26
snow,clear,60,15.0,0.75,M3_no_speed_cap,0,9.11,3.265,37.26
snow,clear,60,15.0,0.75,M4_late_reaction,0,3.935,1.579,37.26
snow,clear,60,15.0,0.75,M5_weak_brakes,0,9.11,3.265,37.26
snow,clear,60,15.0,0.75,M6_visibility_unaware,0,9.11,3.265,37.26
snow,clear,60,17.5,0.5,reference,0,6.443,3.121,37.26
snow,clear,60,17.5,0.5,M1_surface_unaware,1,-0.036,0.0,60.0
snow,clear,60,17.5,0.5,M2_aeb_unavailable,0,6.443,3.121,37.26
snow,clear,60,17.5,0.5,M3_no_speed_cap,0,6.443,3.121,37.26
snow,clear,60,17.5,0.5,M4_late_reaction,0,1.269,0.894,37.26
snow,clear,60,17.5,0.5,M5_weak_brakes,0,6.443,3.121,37.26
snow,clear,60,17.5,0.5,M6_visibility_unaware,0,6.443,3.121,37.26
snow,clear,60,17.5,0.75,reference,0,11.61,4.017,37.26
snow,clear,60,17.5,0.75,M1_surface_unaware,1,-0.033,0.0,60.0
snow,clear,60,17.5,0.75,M2_aeb_unavailable,0,11.61,4.017,37.26
snow,clear,60,17.5,0.75,M3_no_speed_cap,0,11.61,4.017,37.26
snow,clear,60,17.5,0.75,M4_late_reaction,0,6.435,2.091,37.26
snow,clear,60,17.5,0.75,M5_weak_brakes,0,11.61,4.017,37.26
snow,clear,60,17.5,0.75,M6_visibility_unaware,0,11.61,4.017,37.26
snow,clear,60,20.0,0.5,reference,0,8.943,4.187,37.26
snow,clear,60,20.0,0.5,M1_surface_unaware,1,-0.051,0.0,60.0
snow,clear,60,20.0,0.5,M2_aeb_unavailable,0,8.943,4.187,37.26
snow,clear,60,20.0,0.5,M3_no_speed_cap,0,8.943,4.187,37.26
snow,clear,60,20.0,0.5,M4_late_reaction,0,3.769,1.583,37.26
snow,clear,60,20.0,0.5,M5_weak_brakes,0,8.943,4.187,37.26
snow,clear,60,20.0,0.5,M6_visibility_unaware,0,8.943,4.187,37.26
snow,clear,60,20.0,0.75,reference,0,14.11,4.768,37.26
snow,clear,60,20.0,0.75,M1_surface_unaware,1,-0.006,0.0,60.0
snow,clear,60,20.0,0.75,M2_aeb_unavailable,0,14.11,4.768,37.26
snow,clear,60,20.0,0.75,M3_no_speed_cap,0,14.11,4.768,37.26
snow,clear,60,20.0,0.75,M4_late_reaction,0,8.935,2.602,37.26
snow,clear,60,20.0,0.75,M5_weak_brakes,0,14.11,4.768,37.26
snow,clear,60,20.0,0.75,M6_visibility_unaware,0,14.11,4.768,37.26
snow,clear,60,22.5,0.5,reference,0,11.443,5.253,37.26
snow,clear,60,22.5,0.5,M1_surface_unaware,1,-0.023,0.0,60.0
snow,clear,60,22.5,0.5,M2_aeb_unavailable,0,11.443,5.253,37.26
snow,clear,60,22.5,0.5,M3_no_speed_cap,0,11.443,5.253,37.26
snow,clear,60,22.5,0.5,M4_late_reaction,0,6.269,2.224,37.26
snow,clear,60,22.5,0.5,M5_weak_brakes,0,11.443,5.253,37.26
snow,clear,60,22.5,0.5,M6_visibility_unaware,0,11.443,5.253,37.26
snow,clear,60,22.5,0.75,reference,0,16.61,5.52,37.26
snow,clear,60,22.5,0.75,M1_surface_unaware,1,-0.024,0.0,60.0
snow,clear,60,22.5,0.75,M2_aeb_unavailable,0,16.61,5.52,37.26
snow,clear,60,22.5,0.75,M3_no_speed_cap,0,16.61,5.52,37.26
snow,clear,60,22.5,0.75,M4_late_reaction,0,11.435,3.112,37.26
snow,clear,60,22.5,0.75,M5_weak_brakes,0,16.61,5.52,37.26
snow,clear,60,22.5,0.75,M6_visibility_unaware,0,16.61,5.52,37.26
snow,clear,60,25.0,0.5,reference,0,13.943,6.319,37.26
snow,clear,60,25.0,0.5,M1_surface_unaware,1,-0.048,0.0,60.0
snow,clear,60,25.0,0.5,M2_aeb_unavailable,0,13.943,6.319,37.26
snow,clear,60,25.0,0.5,M3_no_speed_cap,0,13.943,6.319,37.26
snow,clear,60,25.0,0.5,M4_late_reaction,0,8.769,2.863,37.26
snow,clear,60,25.0,0.5,M5_weak_brakes,0,13.943,6.319,37.26
snow,clear,60,25.0,0.5,M6_visibility_unaware,0,13.943,6.319,37.26
snow,clear,60,25.0,0.75,reference,0,19.11,6.271,37.26
snow,clear,60,25.0,0.75,M1_surface_unaware,1,-0.042,0.0,60.0
snow,clear,60,25.0,0.75,M2_aeb_unavailable,0,19.11,6.271,37.26
snow,clear,60,25.0,0.75,M3_no_speed_cap,0,19.11,6.271,37.26
snow,clear,60,25.0,0.75,M4_late_reaction,0,13.935,3.623,37.26
snow,clear,60,25.0,0.75,M5_weak_brakes,0,19.11,6.271,37.26
snow,clear,60,25.0,0.75,M6_visibility_unaware,0,19.11,6.271,37.26
snow,clear,60,27.5,0.5,reference,0,16.443,7.385,37.26
snow,clear,60,27.5,0.5,M1_surface_unaware,1,-0.016,0.0,60.0
snow,clear,60,27.5,0.5,M2_aeb_unavailable,0,16.443,7.385,37.26
snow,clear,60,27.5,0.5,M3_no_speed_cap,0,16.443,7.385,37.26
snow,clear,60,27.5,0.5,M4_late_reaction,0,11.269,3.502,37.26
snow,clear,60,27.5,0.5,M5_weak_brakes,0,16.443,7.385,37.26
snow,clear,60,27.5,0.5,M6_visibility_unaware,0,16.443,7.385,37.26
snow,clear,60,27.5,0.75,reference,0,21.61,7.023,37.26
snow,clear,60,27.5,0.75,M1_surface_unaware,1,-0.01,0.0,60.0
snow,clear,60,27.5,0.75,M2_aeb_unavailable,0,21.61,7.023,37.26
snow,clear,60,27.5,0.75,M3_no_speed_cap,0,21.61,7.023,37.26
snow,clear,60,27.5,0.75,M4_late_reaction,0,16.435,4.134,37.26
snow,clear,60,27.5,0.75,M5_weak_brakes,0,21.61,7.023,37.26
snow,clear,60,27.5,0.75,M6_visibility_unaware,0,21.61,7.023,37.26
snow,clear,60,30.0,0.5,reference,0,18.943,8.451,37.26
snow,clear,60,30.0,0.5,M1_surface_unaware,1,-0.015,0.0,60.0
snow,clear,60,30.0,0.5,M2_aeb_unavailable,0,18.943,8.451,37.26
snow,clear,60,30.0,0.5,M3_no_speed_cap,0,18.943,8.451,37.26
snow,clear,60,30.0,0.5,M4_late_reaction,0,13.769,4.14,37.26
snow,clear,60,30.0,0.5,M5_weak_brakes,0,18.943,8.451,37.26
snow,clear,60,30.0,0.5,M6_visibility_unaware,0,18.943,8.451,37.26
snow,clear,60,30.0,0.75,reference,0,24.11,7.774,37.26
snow,clear,60,30.0,0.75,M1_surface_unaware,0,0.628,0.628,60.0
snow,clear,60,30.0,0.75,M2_aeb_unavailable,0,24.11,7.774,37.26
snow,clear,60,30.0,0.75,M3_no_speed_cap,0,24.11,7.774,37.26
snow,clear,60,30.0,0.75,M4_late_reaction,0,18.935,4.644,37.26
snow,clear,60,30.0,0.75,M5_weak_brakes,0,24.11,7.774,37.26
snow,clear,60,30.0,0.75,M6_visibility_unaware,0,24.11,7.774,37.26
snow,clear,70,7.5,0.5,reference,0,3.208,3.51,37.26
snow,clear,70,7.5,0.5,M1_surface_unaware,1,-0.066,0.0,60.0
snow,clear,70,7.5,0.5,M2_aeb_unavailable,0,3.208,3.51,37.26
snow,clear,70,7.5,0.5,M3_no_speed_cap,1,-0.015,0.0,43.46
snow,clear,70,7.5,0.5,M4_late_reaction,1,-0.011,0.0,37.26
snow,clear,70,7.5,0.5,M5_weak_brakes,0,3.208,3.51,37.26
snow,clear,70,7.5,0.5,M6_visibility_unaware,0,3.208,3.51,37.26
snow,clear,70,7.5,0.75,reference,0,7.542,2.918,37.26
snow,clear,70,7.5,0.75,M1_surface_unaware,1,-0.009,0.0,60.0
snow,clear,70,7.5,0.75,M2_aeb_unavailable,0,7.542,2.918,37.26
snow,clear,70,7.5,0.75,M3_no_speed_cap,0,0.814,0.715,43.46
snow,clear,70,7.5,0.75,M4_late_reaction,0,2.748,1.318,37.26
snow,clear,70,7.5,0.75,M5_weak_brakes,0,7.542,2.918,37.26
snow,clear,70,7.5,0.75,M6_visibility_unaware,0,7.542,2.918,37.26
snow,clear,70,10.0,0.5,reference,0,5.708,6.125,37.26
snow,clear,70,10.0,0.5,M1_surface_unaware,1,-0.036,0.0,60.0
snow,clear,70,10.0,0.5,M2_aeb_unavailable,0,5.708,6.125,37.26
snow,clear,70,10.0,0.5,M3_no_speed_cap,1,-0.001,0.0,43.46
snow,clear,70,10.0,0.5,M4_late_reaction,0,0.534,0.578,37.26
snow,clear,70,10.0,0.5,M5_weak_brakes,0,5.708,6.125,37.26
snow,clear,70,10.0,0.5,M6_visibility_unaware,0,5.708,6.125,37.26
snow,clear,70,10.0,0.75,reference,0,10.042,3.673,37.26
snow,clear,70,10.0,0.75,M1_surface_unaware,1,-0.016,0.0,60.0
snow,clear,70,10.0,0.75,M2_aeb_unavailable,0,10.042,3.673,37.26
snow,clear,70,10.0,0.75,M3_no_speed_cap,0,3.314,1.525,43.46
snow,clear,70,10.0,0.75,M4_late_reaction,0,5.248,1.848,37.26
snow,clear,70,10.0,0.75,M5_weak_brakes,0,10.042,3.673,37.26
snow,clear,70,10.0,0.75,M6_visibility_unaware,0,10.042,3.673,37.26
snow,clear,70,12.5,0.5,reference,0,8.208,8.74,37.26
snow,clear,70,12.5,0.5,M1_surface_unaware,1,-0.037,0.0,60.0
snow,clear,70,12.5,0.5,M2_aeb_unavailable,0,8.208,8.74,37.26
snow,clear,70,12.5,0.5,M3_no_speed_cap,1,-0.021,0.0,43.46
snow,clear,70,12.5,0.5,M4_late_reaction,0,3.034,1.601,37.26
snow,clear,70,12.5,0.5,M5_weak_brakes,0,8.208,8.74,37.26
snow,clear,70,12.5,0.5,M6_visibility_unaware,0,8.208,8.74,37.26
snow,clear,70,12.5,0.75,reference,0,12.542,4.427,37.26
snow,clear,70,12.5,0.75,M1_surface_unaware,1,-0.001,0.0,60.0
snow,clear,70,12.5,0.75,M2_aeb_unavailable,0,12.542,4.427,37.26
snow,clear,70,12.5,0.75,M3_no_speed_cap,0,5.814,2.283,43.46
snow,clear,70,12.5,0.75,M4_late_reaction,0,7.748,2.362,37.26
snow,clear,70,12.5,0.75,M5_weak_brakes,0,12.542,4.427,37.26
snow,clear,70,12.5,0.75,M6_visibility_unaware,0,12.542,4.427,37.26
snow,clear,70,15.0,0.5,reference,0,10.708,11.354,37.26
snow,clear,70,15.0,0.5,M1_surface_unaware,1,-0.033,0.0,60.0
snow,clear,70,15.0,0.5,M2_aeb_unavailable,0,10.708,11.354,37.26
snow,clear,70,15.0,0.5,M3_no_speed_cap,0,0.926,0.763,43.46
snow,clear,70,15.0,0.5,M4_late_reaction,0,5.534,2.595,37.26
snow,clear,70,15.0,0.5,M5_weak_brakes,0,10.708,11.354,37.26
snow,clear,70,15.0,0.5,M6_visibility_unaware,0,10.708,11.354,37.26
snow,clear,70,15.0,0.75,reference,0,15.042,5.181,37.26
snow,clear,70,15.0,0.75,M1_surface_unaware,1,-0.01,0.0,60.0
snow,clear,70,15.0,0.75,M2_aeb_unavailable,0,15.042,5.181,37.26
snow,clear,70,15.0,0.75,M3_no_speed_cap,0,8.314,3.038,43.46
snow,clear,70,15.0,0.75,M4_late_reaction,0,10.248,2.875,37.26
snow,clear,70,15.0,0.75,M5_weak_brakes,0,15.042,5.181,37.26
snow,clear,70,15.0,0.75,M6_visibility_unaware,0,15.042,5.181,37.26
snow,clear,70,17.5,0.5,reference,0,13.208,13.969,37.26
snow,clear,70,17.5,0.5,M1_surface_unaware,1,-0.029,0.0,60.0
snow,clear,70,17.5,0.5,M2_aeb_unavailable,0,13.208,13.969,37.26
snow,clear,70,17.5,0.5,M3_no_speed_cap,0,3.426,1.703,43.46
snow,clear,70,17.5,0.5,M4_late_reaction,0,8.034,3.585,37.26
snow,clear,70,17.5,0.5,M5_weak_brakes,0,13.208,13.969,37.26
snow,clear,70,17.5,0.5,M6_visibility_unaware,0,13.208,13.969,37.26
snow,clear,70,17.5,0.75,reference,0,17.542,5.935,37.26
snow,clear,70,17.5,0.75,M1_surface_unaware,0,1.271,0.907,60.0
snow,clear,70,17.5,0.75,M2_aeb_unavailable,0,17.542,5.935,37.26
snow,clear,70,17.5,0.75,M3_no_speed_cap,0,10.814,3.792,43.46
snow,clear,70,17.5,0.75,M4_late_reaction,0,12.748,3.388,37.26
snow,clear,70,17.5,0.75,M5_weak_brakes,0,17.542,5.935,37.26
snow,clear,70,17.5,0.75,M6_visibility_unaware,0,17.542,5.935,37.26
snow,clear,70,20.0,0.5,reference,0,15.708,16.584,37.26
snow,clear,70,20.0,0.5,M1_surface_unaware,1,-0.023,0.0,60.0
snow,clear,70,20.0,0.5,M2_aeb_unavailable,0,15.708,16.584,37.26
snow,clear,70,20.0,0.5,M3_no_speed_cap,0,5.926,2.639,43.46
snow,clear,70,20.0,0.5,M4_late_reaction,0,10.534,4.575,37.26
snow,clear,70,20.0,0.5,M5_weak_brakes,0,15.708,16.584,37.26
snow,clear,70,20.0,0.5,M6_visibility_unaware,0,15.708,16.584,37.26
snow,clear,70,20.0,0.75,reference,0,20.042,6.689,37.26
snow,clear,70,20.0,0.75,M1_surface_unaware,0,3.771,1.948,60.0
snow,clear,70,20.0,0.75,M2_aeb_unavailable,0,20.042,6.689,37.26
snow,clear,70,20.0,0.75,M3_no_speed_cap,0,13.314,4.547,43.46
snow,clear,70,20.0,0.75,M4_late_reaction,0,15.248,3.9,37.26
snow,clear,70,20.0,0.75,M5_weak_brakes,0,20.042,6.689,37.26
snow,clear,70,20.0,0.75,M6_visibility_unaware,0,20.042,6.689,37.26
snow,clear,70,22.5,0.5,reference,0,18.208,19.199,37.26
snow,clear,70,22.5,0.5,M1_surface_unaware,1,-0.042,0.0,60.0
snow,clear,70,22.5,0.5,M2_aeb_unavailable,0,18.208,19.199,37.26
snow,clear,70,22.5,0.5,M3_no_speed_cap,0,8.426,3.572,43.46
snow,clear,70,22.5,0.5,M4_late_reaction,0,13.034,5.565,37.26
snow,clear,70,22.5,0.5,M5_weak_brakes,0,18.208,19.199,37.26
snow,clear,70,22.5,0.5,M6_visibility_unaware,0,18.208,19.199,37.26
snow,clear,70,22.5,0.75,reference,0,22.542,7.443,37.26
snow,clear,70,22.5,0.75,M1_surface_unaware,0,6.271,2.984,60.0
snow,clear,70,22.5,0.75,M2_aeb_unavailable,0,22.542,7.443,37.26
snow,clear,70,22.5,0.75,M3_no_speed_cap,0,15.814,5.301,43.46
snow,clear,70,22.5,0.75,M4_late_reaction,0,17.748,4.412,37.26
snow,clear,70,22.5,0.75,M5_weak_brakes,0,22.542,7.443,37.26
snow,clear,70,22.5,0.75,M6_visibility_unaware,0,22.542,7.443,37.26
snow,clear,70,25.0,0.5,reference,0,20.708,21.814,37.26
snow,clear,70,25.0,0.5,M1_surface_unaware,1,-0.029,0.0,60.0
snow,clear,70,25.0,0.5,M2_aeb_unavailable,0,20.708,21.814,37.26
snow,clear,70,25.0,0.5,M3_no_speed_cap,0,10.926,4.505,43.46
snow,clear,70,25.0,0.5,M4_late_reaction,0,15.534,6.555,37.26
snow,clear,70,25.0,0.5,M5_weak_brakes,0,20.708,21.814,37.26
snow,clear,70,25.0,0.5,M6_visibility_unaware,0,20.708,21.814,37.26
snow,clear,70,25.0,0.75,reference,0,25.042,8.197,37.26
snow,clear,70,25.0,0.75,M1_surface_unaware,0,8.771,4.02,60.0
snow,clear,70,25.0,0.75,M2_aeb_unavailable,0,25.042,8.197,37.26
snow,clear,70,25.0,0.75,M3_no_speed_cap,0,18.314,6.056,43.46
snow,clear,70,25.0,0.75,M4_late_reaction,0,20.248,4.924,37.26
snow,clear,70,25.0,0.75,M5_weak_brakes,0,25.042,8.197,37.26
snow,clear,70,25.0,0.75,M6_visibility_unaware,0,25.042,8.197,37.26
snow,clear,70,27.5,0.5,reference,0,23.208,24.429,37.26
snow,clear,70,27.5,0.5,M1_surface_unaware,1,-0.001,0.0,60.0
snow,clear,70,27.5,0.5,M2_aeb_unavailable,0,23.208,24.429,37.26
snow,clear,70,27.5,0.5,M3_no_speed_cap,0,13.426,5.437,43.46
snow,clear,70,27.5,0.5,M4_late_reaction,0,18.034,7.544,37.26
snow,clear,70,27.5,0.5,M5_weak_brakes,0,23.208,24.429,37.26
snow,clear,70,27.5,0.5,M6_visibility_unaware,0,23.208,24.429,37.26
snow,clear,70,27.5,0.75,reference,0,27.542,8.951,37.26
snow,clear,70,27.5,0.75,M1_surface_unaware,0,11.271,5.056,60.0
snow,clear,70,27.5,0.75,M2_aeb_unavailable,0,27.542,8.951,37.26
snow,clear,70,27.5,0.75,M3_no_speed_cap,0,20.814,6.81,43.46
snow,clear,70,27.5,0.75,M4_late_reaction,0,22.748,5.436,37.26
snow,clear,70,27.5,0.75,M5_weak_brakes,0,27.542,8.951,37.26
snow,clear,70,27.5,0.75,M6_visibility_unaware,0,27.542,8.951,37.26
snow,clear,70,30.0,0.5,reference,0,25.708,27.044,37.26
snow,clear,70,30.0,0.5,M1_surface_unaware,1,-0.047,0.0,60.0
snow,clear,70,30.0,0.5,M2_aeb_unavailable,0,25.708,27.044,37.26
snow,clear,70,30.0,0.5,M3_no_speed_cap,0,15.926,6.37,43.46
snow,clear,70,30.0,0.5,M4_late_reaction,0,20.534,8.534,37.26
snow,clear,70,30.0,0.5,M5_weak_brakes,0,25.708,27.044,37.26
snow,clear,70,30.0,0.5,M6_visibility_unaware,0,25.708,27.044,37.26
snow,clear,70,30.0,0.75,reference,0,30.042,9.706,37.26
snow,clear,70,30.0,0.75,M1_surface_unaware,0,13.771,6.092,60.0
snow,clear,70,30.0,0.75,M2_aeb_unavailable,0,30.042,9.706,37.26
snow,clear,70,30.0,0.75,M3_no_speed_cap,0,23.314,7.565,43.46
snow,clear,70,30.0,0.75,M4_late_reaction,0,25.248,5.947,37.26
snow,clear,70,30.0,0.75,M5_weak_brakes,0,30.042,9.706,37.26
snow,clear,70,30.0,0.75,M6_visibility_unaware,0,30.042,9.706,37.26
snow,mist,40,7.5,0.5,reference,0,1.477,1.145,24.84
snow,mist,40,7.5,0.5,M1_surface_unaware,1,-0.035,0.0,40.0
snow,mist,40,7.5,0.5,M2_aeb_unavailable,0,1.477,1.145,24.84
snow,mist,40,7.5,0.5,M3_no_speed_cap,0,1.477,1.145,24.84
snow,mist,40,7.5,0.5,M4_late_reaction,1,-0.017,0.0,24.84
snow,mist,40,7.5,0.5,M5_weak_brakes,0,1.477,1.145,24.84
snow,mist,40,7.5,0.5,M6_visibility_unaware,0,1.477,1.145,24.84
snow,mist,40,7.5,0.75,reference,0,3.436,1.561,24.84
snow,mist,40,7.5,0.75,M1_surface_unaware,1,-0.006,0.0,40.0
snow,mist,40,7.5,0.75,M2_aeb_unavailable,0,3.436,1.561,24.84
snow,mist,40,7.5,0.75,M3_no_speed_cap,0,3.436,1.561,24.84
snow,mist,40,7.5,0.75,M4_late_reaction,0,0.488,0.553,24.84
snow,mist,40,7.5,0.75,M5_weak_brakes,0,3.436,1.561,24.84
snow,mist,40,7.5,0.75,M6_visibility_unaware,0,3.436,1.561,24.84
snow,mist,40,10.0,0.5,reference,0,3.977,2.639,24.84
snow,mist,40,10.0,0.5,M1_surface_unaware,1,-0.014,0.0,40.0
snow,mist,40,10.0,0.5,M2_aeb_unavailable,0,3.977,2.639,24.84
snow,mist,40,10.0,0.5,M3_no_speed_cap,0,3.977,2.639,24.84
snow,mist,40,10.0,0.5,M4_late_reaction,0,0.527,0.575,24.84
snow,mist,40,10.0,0.5,M5_weak_brakes,0,3.977,2.639,24.84
snow,mist,40,10.0,0.5,M6_visibility_unaware,0,3.977,2.639,24.84
snow,mist,40,10.0,0.75,reference,0,5.936,2.316,24.84
snow,mist,40,10.0,0.75,M1_surface_unaware,1,-0.017,0.0,40.0
snow,mist,40,10.0,0.75,M2_aeb_unavailable,0,5.936,2.316,24.84
snow,mist,40,10.0,0.75,M3_no_speed_cap,0,5.936,2.316,24.84
snow,mist,40,10.0,0.75,M4_late_reaction,0,2.486,1.254,24.84
snow,mist,40,10.0,0.75,M5_weak_brakes,0,5.936,2.316,24.84
snow,mist,40,10.0,0.75,M6_visibility_unaware,0,5.936,2.316,24.84
snow,mist,40,12.5,0.5,reference,0,6.477,4.134,24.84
snow,mist,40,12.5,0.5,M1_surface_unaware,1,-0.01,0.0,40.0
snow,mist,40,12.5,0.5,M2_aeb_unavailable,0,6.477,4.134,24.84
snow,mist,40,12.5,0.5,M3_no_speed_cap,0,6.477,4.134,24.84
snow,mist,40,12.5,0.5,M4_late_reaction,0,3.027,1.445,24.84
snow,mist,40,12.5,0.5,M5_weak_brakes,0,6.477,4.134,24.84
snow,mist,40,12.5,0.5,M6_visibility_unaware,0,6.477,4.134,24.84
snow,mist,40,12.5,0.75,reference,0,8.436,3.068,24.84
snow,mist,40,12.5,0.75,M1_surface_unaware,1,-0.016,0.0,40.0
snow,mist,40,12.5,0.75,M2_aeb_unavailable,0,8.436,3.068,24.84
snow,mist,40,12.5,0.75,M3_no_speed_cap,0,8.436,3.068,24.84
snow,mist,40,12.5,0.75,M4_late_reaction,0,4.986,1.794,24.84
snow,mist,40,12.5,0.75,M5_weak_brakes,0,8.436,3.068,24.84
snow,mist,40,12.5,0.75,M6_visibility_unaware,0,8.436,3.068,24.84
snow,mist,40,15.0,0.5,reference,0,8.977,5.629,24.84
snow,mist,40,15.0,0.5,M1_surface_unaware,1,-0.018,0.0,40.0
snow,mist,40,15.0,0.5,M2_aeb_unavailable,0,8.977,5.629,24.84
snow,mist,40,15.0,0.5,M3_no_speed_cap,0,8.977,5.629,24.84
snow,mist,40,15.0,0.5,M4_late_reaction,0,5.527,2.216,24.84
snow,mist,40,15.0,0.5,M5_weak_brakes,0,8.977,5.629,24.84
snow,mist,40,15.0,0.5,M6_visibility_unaware,0,8.977,5.629,24.84
snow,mist,40,15.0,0.75,reference,0,10.936,3.821,24.84
snow,mist,40,15.0,0.75,M1_surface_unaware,1,-0.001,0.0,40.0
snow,mist,40,15.0,0.75,M2_aeb_unavailable,0,10.936,3.821,24.84
snow,mist,40,15.0,0.75,M3_no_speed_cap,0,10.936,3.821,24.84
snow,mist,40,15.0,0.75,M4_late_reaction,0,7.486,2.307,24.84
snow,mist,40,15.0,0.75,M5_weak_brakes,0,10.936,3.821,24.84
snow,mist,40,15.0,0.75,M6_visibility_unaware,0,10.936,3.821,24.84
snow,mist,40,17.5,0.5,reference,0,11.477,7.124,24.84
snow,mist,40,17.5,0.5,M1_surface_unaware,1,-0.022,0.0,40.0
snow,mist,40,17.5,0.5,M2_aeb_unavailable,0,11.477,7.124,24.84
snow,mist,40,17.5,0.5,M3_no_speed_cap,0,11.477,7.124,24.84
snow,mist,40,17.5,0.5,M4_late_reaction,0,8.027,2.987,24.84
snow,mist,40,17.5,0.5,M5_weak_brakes,0,11.477,7.124,24.84
snow,mist,40,17.5,0.5,M6_visibility_unaware,0,11.477,7.124,24.84
snow,mist,40,17.5,0.75,reference,0,13.436,4.574,24.84
snow,mist,40,17.5,0.75,M1_surface_unaware,0,2.236,1.211,40.0
snow,mist,40,17.5,0.75,M2_aeb_unavailable,0,13.436,4.574,24.84
snow,mist,40,17.5,0.75,M3_no_speed_cap,0,13.436,4.574,24.84
snow,mist,40,17.5,0.75,M4_late_reaction,0,9.986,2.82,24.84
snow,mist,40,17.5,0.75,M5_weak_brakes,0,13.436,4.574,24.84
snow,mist,40,17.5,0.75,M6_visibility_unaware,0,13.436,4.574,24.84
snow,mist,40,20.0,0.5,reference,0,13.977,8.619,24.84
snow,mist,40,20.0,0.5,M1_surface_unaware,1,-0.042,0.0,40.0
snow,mist,40,20.0,0.5,M2_aeb_unavailable,0,13.977,8.619,24.84
snow,mist,40,20.0,0.5,M3_no_speed_cap,0,13.977,8.619,24.84
snow,mist,40,20.0,0.5,M4_late_reaction,0,10.527,3.759,24.84
snow,mist,40,20.0,0.5,M5_weak_brakes,0,13.977,8.619,24.84
snow,mist,40,20.0,0.5,M6_visibility_unaware,0,13.977,8.619,24.84
snow,mist,40,20.0,0.75,reference,0,15.936,5.326,24.84
snow,mist,40,20.0,0.75,M1_surface_unaware,0,4.736,2.019,40.0
snow,mist,40,20.0,0.75,M2_aeb_unavailable,0,15.936,5.326,24.84
snow,mist,40,20.0,0.75,M3_no_speed_cap,0,15.936,5.326,24.84
snow,mist,40,20.0,0.75,M4_late_reaction,0,12.486,3.331,24.84
snow,mist,40,20.0,0.75,M5_weak_brakes,0,15.936,5.326,24.84
snow,mist,40,20.0,0.75,M6_visibility_unaware,0,15.936,5.326,24.84
snow,mist,40,22.5,0.5,reference,0,16.477,10.114,24.84
snow,mist,40,22.5,0.5,M1_surface_unaware,1,-0.024,0.0,40.0
snow,mist,40,22.5,0.5,M2_aeb_unavailable,0,16.477,10.114,24.84
snow,mist,40,22.5,0.5,M3_no_speed_cap,0,16.477,10.114,24.84
snow,mist,40,22.5,0.5,M4_late_reaction,0,13.027,4.53,24.84
snow,mist,40,22.5,0.5,M5_weak_brakes,0,16.477,10.114,24.84
snow,mist,40,22.5,0.5,M6_visibility_unaware,0,16.477,10.114,24.84
snow,mist,40,22.5,0.75,reference,0,18.436,6.079,24.84
snow,mist,40,22.5,0.75,M1_surface_unaware,0,7.236,2.823,40.0
snow,mist,40,22.5,0.75,M2_aeb_unavailable,0,18.436,6.079,24.84
snow,mist,40,22.5,0.75,M3_no_speed_cap,0,18.436,6.079,24.84
snow,mist,40,22.5,0.75,M4_late_reaction,0,14.986,3.843,24.84
snow,mist,40,22.5,0.75,M5_weak_brakes,0,18.436,6.079,24.84
snow,mist,40,22.5,0.75,M6_visibility_unaware,0,18.436,6.079,24.84
snow,mist,40,25.0,0.5,reference,0,18.977,11.609,24.84
snow,mist,40,25.0,0.5,M1_surface_unaware,1,-0.019,0.0,40.0
snow,mist,40,25.0,0.5,M2_aeb_unavailable,0,18.977,11.609,24.84
snow,mist,40,25.0,0.5,M3_no_speed_cap,0,18.977,11.609,24.84
snow,mist,40,25.0,0.5,M4_late_reaction,0,15.527,5.301,24.84
snow,mist,40,25.0,0.5,M5_weak_brakes,0,18.977,11.609,24.84
snow,mist,40,25.0,0.5,M6_visibility_unaware,0,18.977,11.609,24.84
snow,mist,40,25.0,0.75,reference,0,20.936,6.831,24.84
snow,mist,40,25.0,0.75,M1_surface_unaware,0,9.736,3.628,40.0
snow,mist,40,25.0,0.75,M2_aeb_unavailable,0,20.936,6.831,24.84
snow,mist,40,25.0,0.75,M3_no_speed_cap,0,20.936,6.831,24.84
snow,mist,40,25.0,0.75,M4_late_reaction,0,17.486,4.354,24.84
snow,mist,40,25.0,0.75,M5_weak_brakes,0,20.936,6.831,24.84
snow,mist,40,25.0,0.75,M6_visibility_unaware,0,20.936,6.831,24.84
snow,mist,40,27.5,0.5,reference,0,21.477,13.104,24.84
snow,mist,40,27.5,0.5,M1_surface_unaware,0,0.549,0.587,40.0
snow,mist,40,27.5,0.5,M2_aeb_unavailable,0,21.477,13.104,24.84
snow,mist,40,27.5,0.5,M3_no_speed_cap,0,21.477,13.104,24.84
snow,mist,40,27.5,0.5,M4_late_reaction,0,18.027,6.072,24.84
snow,mist,40,27.5,0.5,M5_weak_brakes,0,21.477,13.104,24.84
snow,mist,40,27.5,0.5,M6_visibility_unaware,0,21.477,13.104,24.84
snow,mist,40,27.5,0.75,reference,0,23.436,7.584,24.84
snow,mist,40,27.5,0.75,M1_surface_unaware,0,12.236,4.432,40.0
snow,mist,40,27.5,0.75,M2_aeb_unavailable,0,23.436,7.584,24.84
snow,mist,40,27.5,0.75,M3_no_speed_cap,0,23.436,7.584,24.84
snow,mist,40,27.5,0.75,M4_late_reaction,0,19.986,4.865,24.84
snow,mist,40,27.5,0.75,M5_weak_brakes,0,23.436,7.584,24.84
snow,mist,40,27.5,0.75,M6_visibility_unaware,0,23.436,7.584,24.84
snow,mist,40,30.0,0.5,reference,0,23.977,14.599,24.84
snow,mist,40,30.0,0.5,M1_surface_unaware,0,3.049,1.389,40.0
snow,mist,40,30.0,0.5,M2_aeb_unavailable,0,23.977,14.599,24.84
snow,mist,40,30.0,0.5,M3_no_speed_cap,0,23.977,14.599,24.84
snow,mist,40,30.0,0.5,M4_late_reaction,0,20.527,6.843,24.84
snow,mist,40,30.0,0.5,M5_weak_brakes,0,23.977,14.599,24.84
snow,mist,40,30.0,0.5,M6_visibility_unaware,0,23.977,14.599,24.84
snow,mist,40,30.0,0.75,reference,0,25.936,8.337,24.84
snow,mist,40,30.0,0.75,M1_surface_unaware,0,14.736,5.237,40.0
snow,mist,40,30.0,0.75,M2_aeb_unavailable,0,25.936,8.337,24.84
snow,mist,40,30.0,0.75,M3_no_speed_cap,0,25.936,8.337,24.84
snow,mist,40,30.0,0.75,M4_late_reaction,0,22.486,5.376,24.84
snow,mist,40,30.0,0.75,M5_weak_brakes,0,25.936,8.337,24.84
snow,mist,40,30.0,0.75,M6_visibility_unaware,0,25.936,8.337,24.84
snow,mist,60,7.5,0.5,reference,1,-0.011,0.0,37.26
snow,mist,60,7.5,0.5,M1_surface_unaware,1,-0.0,0.0,60.0
snow,mist,60,7.5,0.5,M2_aeb_unavailable,1,-0.009,0.0,37.26
snow,mist,60,7.5,0.5,M3_no_speed_cap,1,-0.011,0.0,37.26
snow,mist,60,7.5,0.5,M4_late_reaction,1,-0.011,0.0,37.26
snow,mist,60,7.5,0.5,M5_weak_brakes,1,-0.011,0.0,37.26
snow,mist,60,7.5,0.5,M6_visibility_unaware,1,-0.011,0.0,37.26
snow,mist,60,7.5,0.75,reference,0,1.61,1.008,37.26
snow,mist,60,7.5,0.75,M1_surface_unaware,1,-0.006,0.0,60.0
snow,mist,60,7.5,0.75,M2_aeb_unavailable,0,1.61,1.008,37.26
snow,mist,60,7.5,0.75,M3_no_speed_cap,0,1.61,1.008,37.26
snow,mist,60,7.5,0.75,M4_late_reaction,1,-0.001,0.0,37.26
snow,mist,60,7.5,0.75,M5_weak_brakes,0,1.61,1.008,37.26
snow,mist,60,7.5,0.75,M6_visibility_unaware,0,1.61,1.008,37.26
snow,mist,60,10.0,0.5,reference,1,-0.018,0.0,37.26
snow,mist,60,10.0,0.5,M1_surface_unaware,1,-0.041,0.0,60.0
snow,mist,60,10.0,0.5,M2_aeb_unavailable,1,-0.018,0.0,37.26
snow,mist,60,10.0,0.5,M3_no_speed_cap,1,-0.018,0.0,37.26
snow,mist,60,10.0,0.5,M4_late_reaction,1,-0.004,0.0,37.26
snow,mist,60,10.0,0.5,M5_weak_brakes,1,-0.018,0.0,37.26
snow,mist,60,10.0,0.5,M6_visibility_unaware,1,-0.018,0.0,37.26
snow,mist,60,10.0,0.75,reference,0,4.11,1.762,37.26
snow,mist,60,10.0,0.75,M1_surface_unaware,1,-0.008,0.0,60.0
snow,mist,60,10.0,0.75,M2_aeb_unavailable,0,4.11,1.762,37.26
snow,mist,60,10.0,0.75,M3_no_speed_cap,0,4.11,1.762,37.26
snow,mist,60,10.0,0.75,M4_late_reaction,1,-0.018,0.0,37.26
snow,mist,60,10.0,0.75,M5_weak_brakes,0,4.11,1.762,37.26
snow,mist,60,10.0,0.75,M6_visibility_unaware,0,4.11,1.762,37.26
snow,mist,60,12.5,0.5,reference,0,1.443,0.986,37.26
snow,mist,60,12.5,0.5,M1_surface_unaware,1,-0.016,0.0,60.0
snow,mist,60,12.5,0.5,M2_aeb_unavailable,0,1.443,0.986,37.26
snow,mist,60,12.5,0.5,M3_no_speed_cap,0,1.443,0.986,37.26
snow,mist,60,12.5,0.5,M4_late_reaction,1,-0.018,0.0,37.26
snow,mist,60,12.5,0.5,M5_weak_brakes,0,1.443,0.986,37.26
snow,mist,60,12.5,0.5,M6_visibility_unaware,0,1.443,0.986,37.26
snow,mist,60,12.5,0.75,reference,0,6.61,2.514,37.26
snow,mist,60,12.5,0.75,M1_surface_unaware,1,-0.007,0.0,60.0
snow,mist,60,12.5,0.75,M2_aeb_unavailable,0,6.61,2.514,37.26
snow,mist,60,12.5,0.75,M3_no_speed_cap,0,6.61,2.514,37.26
snow,mist,60,12.5,0.75,M4_late_reaction,0,1.435,0.951,37.26
snow,mist,60,12.5,0.75,M5_weak_brakes,0,6.61,2.514,37.26
snow,mist,60,12.5,0.75,M6_visibility_unaware,0,6.61,2.514,37.26
snow,mist,60,15.0,0.5,reference,0,3.943,2.055,37.26
snow,mist,60,15.0,0.5,M1_surface_unaware,1,-0.019,0.0,60.0
snow,mist,60,15.0,0.5,M2_aeb_unavailable,0,3.943,2.055,37.26
snow,mist,60,15.0,0.5,M3_no_speed_cap,0,3.943,2.055,37.26
snow,mist,60,15.0,0.5,M4_late_reaction,1,-0.025,0.0,37.26
snow,mist,60,15.0,0.5,M5_weak_brakes,0,3.943,2.055,37.26
snow,mist,60,15.0,0.5,M6_visibility_unaware,0,3.943,2.055,37.26
snow,mist,60,15.0,0.75,reference,0,9.11,3.265,37.26
snow,mist,60,15.0,0.75,M1_surface_unaware,1,-0.014,0.0,60.0
snow,mist,60,15.0,0.75,M2_aeb_unavailable,0,9.11,3.265,37.26
snow,mist,60,15.0,0.75,M3_no_speed_cap,0,9.11,3.265,37.26
snow,mist,60,15.0,0.75,M4_late_reaction,0,3.935,1.579,37.26
snow,mist,60,15.0,0.75,M5_weak_brakes,0,9.11,3.265,37.26
snow,mist,60,15.0,0.75,M6_visibility_unaware,0,9.11,3.265,37.26
snow,mist,60,17.5,0.5,reference,0,6.443,3.121,37.26
snow,mist,60,17.5,0.5,M1_surface_unaware,1,-0.036,0.0,60.0
snow,mist,60,17.5,0.5,M2_aeb_unavailable,0,6.443,3.121,37.26
snow,mist,60,17.5,0.5,M3_no_speed_cap,0,6.443,3.121,37.26
snow,mist,60,17.5,0.5,M4_late_reaction,0,1.269,0.894,37.26
snow,mist,60,17.5,0.5,M5_weak_brakes,0,6.443,3.121,37.26
snow,mist,60,17.5,0.5,M6_visibility_unaware,0,6.443,3.121,37.26
snow,mist,60,17.5,0.75,reference,0,11.61,4.017,37.26
snow,mist,60,17.5,0.75,M1_surface_unaware,1,-0.033,0.0,60.0
snow,mist,60,17.5,0.75,M2_aeb_unavailable,0,11.61,4.017,37.26
snow,mist,60,17.5,0.75,M3_no_speed_cap,0,11.61,4.017,37.26
snow,mist,60,17.5,0.75,M4_late_reaction,0,6.435,2.091,37.26
snow,mist,60,17.5,0.75,M5_weak_brakes,0,11.61,4.017,37.26
snow,mist,60,17.5,0.75,M6_visibility_unaware,0,11.61,4.017,37.26
snow,mist,60,20.0,0.5,reference,0,8.943,4.187,37.26
snow,mist,60,20.0,0.5,M1_surface_unaware,1,-0.051,0.0,60.0
snow,mist,60,20.0,0.5,M2_aeb_unavailable,0,8.943,4.187,37.26
snow,mist,60,20.0,0.5,M3_no_speed_cap,0,8.943,4.187,37.26
snow,mist,60,20.0,0.5,M4_late_reaction,0,3.769,1.583,37.26
snow,mist,60,20.0,0.5,M5_weak_brakes,0,8.943,4.187,37.26
snow,mist,60,20.0,0.5,M6_visibility_unaware,0,8.943,4.187,37.26
snow,mist,60,20.0,0.75,reference,0,14.11,4.768,37.26
snow,mist,60,20.0,0.75,M1_surface_unaware,1,-0.006,0.0,60.0
snow,mist,60,20.0,0.75,M2_aeb_unavailable,0,14.11,4.768,37.26
snow,mist,60,20.0,0.75,M3_no_speed_cap,0,14.11,4.768,37.26
snow,mist,60,20.0,0.75,M4_late_reaction,0,8.935,2.602,37.26
snow,mist,60,20.0,0.75,M5_weak_brakes,0,14.11,4.768,37.26
snow,mist,60,20.0,0.75,M6_visibility_unaware,0,14.11,4.768,37.26
snow,mist,60,22.5,0.5,reference,0,11.443,5.253,37.26
snow,mist,60,22.5,0.5,M1_surface_unaware,1,-0.023,0.0,60.0
snow,mist,60,22.5,0.5,M2_aeb_unavailable,0,11.443,5.253,37.26
snow,mist,60,22.5,0.5,M3_no_speed_cap,0,11.443,5.253,37.26
snow,mist,60,22.5,0.5,M4_late_reaction,0,6.269,2.224,37.26
snow,mist,60,22.5,0.5,M5_weak_brakes,0,11.443,5.253,37.26
snow,mist,60,22.5,0.5,M6_visibility_unaware,0,11.443,5.253,37.26
snow,mist,60,22.5,0.75,reference,0,16.61,5.52,37.26
snow,mist,60,22.5,0.75,M1_surface_unaware,1,-0.024,0.0,60.0
snow,mist,60,22.5,0.75,M2_aeb_unavailable,0,16.61,5.52,37.26
snow,mist,60,22.5,0.75,M3_no_speed_cap,0,16.61,5.52,37.26
snow,mist,60,22.5,0.75,M4_late_reaction,0,11.435,3.112,37.26
snow,mist,60,22.5,0.75,M5_weak_brakes,0,16.61,5.52,37.26
snow,mist,60,22.5,0.75,M6_visibility_unaware,0,16.61,5.52,37.26
snow,mist,60,25.0,0.5,reference,0,13.943,6.319,37.26
snow,mist,60,25.0,0.5,M1_surface_unaware,1,-0.048,0.0,60.0
snow,mist,60,25.0,0.5,M2_aeb_unavailable,0,13.943,6.319,37.26
snow,mist,60,25.0,0.5,M3_no_speed_cap,0,13.943,6.319,37.26
snow,mist,60,25.0,0.5,M4_late_reaction,0,8.769,2.863,37.26
snow,mist,60,25.0,0.5,M5_weak_brakes,0,13.943,6.319,37.26
snow,mist,60,25.0,0.5,M6_visibility_unaware,0,13.943,6.319,37.26
snow,mist,60,25.0,0.75,reference,0,19.11,6.271,37.26
snow,mist,60,25.0,0.75,M1_surface_unaware,1,-0.042,0.0,60.0
snow,mist,60,25.0,0.75,M2_aeb_unavailable,0,19.11,6.271,37.26
snow,mist,60,25.0,0.75,M3_no_speed_cap,0,19.11,6.271,37.26
snow,mist,60,25.0,0.75,M4_late_reaction,0,13.935,3.623,37.26
snow,mist,60,25.0,0.75,M5_weak_brakes,0,19.11,6.271,37.26
snow,mist,60,25.0,0.75,M6_visibility_unaware,0,19.11,6.271,37.26
snow,mist,60,27.5,0.5,reference,0,16.443,7.385,37.26
snow,mist,60,27.5,0.5,M1_surface_unaware,1,-0.016,0.0,60.0
snow,mist,60,27.5,0.5,M2_aeb_unavailable,0,16.443,7.385,37.26
snow,mist,60,27.5,0.5,M3_no_speed_cap,0,16.443,7.385,37.26
snow,mist,60,27.5,0.5,M4_late_reaction,0,11.269,3.502,37.26
snow,mist,60,27.5,0.5,M5_weak_brakes,0,16.443,7.385,37.26
snow,mist,60,27.5,0.5,M6_visibility_unaware,0,16.443,7.385,37.26
snow,mist,60,27.5,0.75,reference,0,21.61,7.023,37.26
snow,mist,60,27.5,0.75,M1_surface_unaware,1,-0.01,0.0,60.0
snow,mist,60,27.5,0.75,M2_aeb_unavailable,0,21.61,7.023,37.26
snow,mist,60,27.5,0.75,M3_no_speed_cap,0,21.61,7.023,37.26
snow,mist,60,27.5,0.75,M4_late_reaction,0,16.435,4.134,37.26
snow,mist,60,27.5,0.75,M5_weak_brakes,0,21.61,7.023,37.26
snow,mist,60,27.5,0.75,M6_visibility_unaware,0,21.61,7.023,37.26
snow,mist,60,30.0,0.5,reference,0,18.943,8.451,37.26
snow,mist,60,30.0,0.5,M1_surface_unaware,1,-0.015,0.0,60.0
snow,mist,60,30.0,0.5,M2_aeb_unavailable,0,18.943,8.451,37.26
snow,mist,60,30.0,0.5,M3_no_speed_cap,0,18.943,8.451,37.26
snow,mist,60,30.0,0.5,M4_late_reaction,0,13.769,4.14,37.26
snow,mist,60,30.0,0.5,M5_weak_brakes,0,18.943,8.451,37.26
snow,mist,60,30.0,0.5,M6_visibility_unaware,0,18.943,8.451,37.26
snow,mist,60,30.0,0.75,reference,0,24.11,7.774,37.26
snow,mist,60,30.0,0.75,M1_surface_unaware,0,0.628,0.628,60.0
snow,mist,60,30.0,0.75,M2_aeb_unavailable,0,24.11,7.774,37.26
snow,mist,60,30.0,0.75,M3_no_speed_cap,0,24.11,7.774,37.26
snow,mist,60,30.0,0.75,M4_late_reaction,0,18.935,4.644,37.26
snow,mist,60,30.0,0.75,M5_weak_brakes,0,24.11,7.774,37.26
snow,mist,60,30.0,0.75,M6_visibility_unaware,0,24.11,7.774,37.26
snow,mist,70,7.5,0.5,reference,0,3.208,3.51,37.26
snow,mist,70,7.5,0.5,M1_surface_unaware,1,-0.066,0.0,60.0
snow,mist,70,7.5,0.5,M2_aeb_unavailable,0,3.208,3.51,37.26
snow,mist,70,7.5,0.5,M3_no_speed_cap,1,-0.015,0.0,43.46
snow,mist,70,7.5,0.5,M4_late_reaction,1,-0.011,0.0,37.26
snow,mist,70,7.5,0.5,M5_weak_brakes,0,3.208,3.51,37.26
snow,mist,70,7.5,0.5,M6_visibility_unaware,0,3.208,3.51,37.26
snow,mist,70,7.5,0.75,reference,0,7.542,2.918,37.26
snow,mist,70,7.5,0.75,M1_surface_unaware,1,-0.009,0.0,60.0
snow,mist,70,7.5,0.75,M2_aeb_unavailable,0,7.542,2.918,37.26
snow,mist,70,7.5,0.75,M3_no_speed_cap,0,0.814,0.715,43.46
snow,mist,70,7.5,0.75,M4_late_reaction,0,2.748,1.318,37.26
snow,mist,70,7.5,0.75,M5_weak_brakes,0,7.542,2.918,37.26
snow,mist,70,7.5,0.75,M6_visibility_unaware,0,7.542,2.918,37.26
snow,mist,70,10.0,0.5,reference,0,5.708,6.125,37.26
snow,mist,70,10.0,0.5,M1_surface_unaware,1,-0.036,0.0,60.0
snow,mist,70,10.0,0.5,M2_aeb_unavailable,0,5.708,6.125,37.26
snow,mist,70,10.0,0.5,M3_no_speed_cap,1,-0.001,0.0,43.46
snow,mist,70,10.0,0.5,M4_late_reaction,0,0.534,0.578,37.26
snow,mist,70,10.0,0.5,M5_weak_brakes,0,5.708,6.125,37.26
snow,mist,70,10.0,0.5,M6_visibility_unaware,0,5.708,6.125,37.26
snow,mist,70,10.0,0.75,reference,0,10.042,3.673,37.26
snow,mist,70,10.0,0.75,M1_surface_unaware,1,-0.016,0.0,60.0
snow,mist,70,10.0,0.75,M2_aeb_unavailable,0,10.042,3.673,37.26
snow,mist,70,10.0,0.75,M3_no_speed_cap,0,3.314,1.525,43.46
snow,mist,70,10.0,0.75,M4_late_reaction,0,5.248,1.848,37.26
snow,mist,70,10.0,0.75,M5_weak_brakes,0,10.042,3.673,37.26
snow,mist,70,10.0,0.75,M6_visibility_unaware,0,10.042,3.673,37.26
snow,mist,70,12.5,0.5,reference,0,8.208,8.74,37.26
snow,mist,70,12.5,0.5,M1_surface_unaware,1,-0.037,0.0,60.0
snow,mist,70,12.5,0.5,M2_aeb_unavailable,0,8.208,8.74,37.26
snow,mist,70,12.5,0.5,M3_no_speed_cap,1,-0.021,0.0,43.46
snow,mist,70,12.5,0.5,M4_late_reaction,0,3.034,1.601,37.26
snow,mist,70,12.5,0.5,M5_weak_brakes,0,8.208,8.74,37.26
snow,mist,70,12.5,0.5,M6_visibility_unaware,0,8.208,8.74,37.26
snow,mist,70,12.5,0.75,reference,0,12.542,4.427,37.26
snow,mist,70,12.5,0.75,M1_surface_unaware,1,-0.001,0.0,60.0
snow,mist,70,12.5,0.75,M2_aeb_unavailable,0,12.542,4.427,37.26
snow,mist,70,12.5,0.75,M3_no_speed_cap,0,5.814,2.283,43.46
snow,mist,70,12.5,0.75,M4_late_reaction,0,7.748,2.362,37.26
snow,mist,70,12.5,0.75,M5_weak_brakes,0,12.542,4.427,37.26
snow,mist,70,12.5,0.75,M6_visibility_unaware,0,12.542,4.427,37.26
snow,mist,70,15.0,0.5,reference,0,10.708,11.354,37.26
snow,mist,70,15.0,0.5,M1_surface_unaware,1,-0.033,0.0,60.0
snow,mist,70,15.0,0.5,M2_aeb_unavailable,0,10.708,11.354,37.26
snow,mist,70,15.0,0.5,M3_no_speed_cap,0,0.926,0.763,43.46
snow,mist,70,15.0,0.5,M4_late_reaction,0,5.534,2.595,37.26
snow,mist,70,15.0,0.5,M5_weak_brakes,0,10.708,11.354,37.26
snow,mist,70,15.0,0.5,M6_visibility_unaware,0,10.708,11.354,37.26
snow,mist,70,15.0,0.75,reference,0,15.042,5.181,37.26
snow,mist,70,15.0,0.75,M1_surface_unaware,1,-0.01,0.0,60.0
snow,mist,70,15.0,0.75,M2_aeb_unavailable,0,15.042,5.181,37.26
snow,mist,70,15.0,0.75,M3_no_speed_cap,0,8.314,3.038,43.46
snow,mist,70,15.0,0.75,M4_late_reaction,0,10.248,2.875,37.26
snow,mist,70,15.0,0.75,M5_weak_brakes,0,15.042,5.181,37.26
snow,mist,70,15.0,0.75,M6_visibility_unaware,0,15.042,5.181,37.26
snow,mist,70,17.5,0.5,reference,0,13.208,13.969,37.26
snow,mist,70,17.5,0.5,M1_surface_unaware,1,-0.029,0.0,60.0
snow,mist,70,17.5,0.5,M2_aeb_unavailable,0,13.208,13.969,37.26
snow,mist,70,17.5,0.5,M3_no_speed_cap,0,3.426,1.703,43.46
snow,mist,70,17.5,0.5,M4_late_reaction,0,8.034,3.585,37.26
snow,mist,70,17.5,0.5,M5_weak_brakes,0,13.208,13.969,37.26
snow,mist,70,17.5,0.5,M6_visibility_unaware,0,13.208,13.969,37.26
snow,mist,70,17.5,0.75,reference,0,17.542,5.935,37.26
snow,mist,70,17.5,0.75,M1_surface_unaware,0,1.271,0.907,60.0
snow,mist,70,17.5,0.75,M2_aeb_unavailable,0,17.542,5.935,37.26
snow,mist,70,17.5,0.75,M3_no_speed_cap,0,10.814,3.792,43.46
snow,mist,70,17.5,0.75,M4_late_reaction,0,12.748,3.388,37.26
snow,mist,70,17.5,0.75,M5_weak_brakes,0,17.542,5.935,37.26
snow,mist,70,17.5,0.75,M6_visibility_unaware,0,17.542,5.935,37.26
snow,mist,70,20.0,0.5,reference,0,15.708,16.584,37.26
snow,mist,70,20.0,0.5,M1_surface_unaware,1,-0.023,0.0,60.0
snow,mist,70,20.0,0.5,M2_aeb_unavailable,0,15.708,16.584,37.26
snow,mist,70,20.0,0.5,M3_no_speed_cap,0,5.926,2.639,43.46
snow,mist,70,20.0,0.5,M4_late_reaction,0,10.534,4.575,37.26
snow,mist,70,20.0,0.5,M5_weak_brakes,0,15.708,16.584,37.26
snow,mist,70,20.0,0.5,M6_visibility_unaware,0,15.708,16.584,37.26
snow,mist,70,20.0,0.75,reference,0,20.042,6.689,37.26
snow,mist,70,20.0,0.75,M1_surface_unaware,0,3.771,1.948,60.0
snow,mist,70,20.0,0.75,M2_aeb_unavailable,0,20.042,6.689,37.26
snow,mist,70,20.0,0.75,M3_no_speed_cap,0,13.314,4.547,43.46
snow,mist,70,20.0,0.75,M4_late_reaction,0,15.248,3.9,37.26
snow,mist,70,20.0,0.75,M5_weak_brakes,0,20.042,6.689,37.26
snow,mist,70,20.0,0.75,M6_visibility_unaware,0,20.042,6.689,37.26
snow,mist,70,22.5,0.5,reference,0,18.208,19.199,37.26
snow,mist,70,22.5,0.5,M1_surface_unaware,1,-0.042,0.0,60.0
snow,mist,70,22.5,0.5,M2_aeb_unavailable,0,18.208,19.199,37.26
snow,mist,70,22.5,0.5,M3_no_speed_cap,0,8.426,3.572,43.46
snow,mist,70,22.5,0.5,M4_late_reaction,0,13.034,5.565,37.26
snow,mist,70,22.5,0.5,M5_weak_brakes,0,18.208,19.199,37.26
snow,mist,70,22.5,0.5,M6_visibility_unaware,0,18.208,19.199,37.26
snow,mist,70,22.5,0.75,reference,0,22.542,7.443,37.26
snow,mist,70,22.5,0.75,M1_surface_unaware,0,6.271,2.984,60.0
snow,mist,70,22.5,0.75,M2_aeb_unavailable,0,22.542,7.443,37.26
snow,mist,70,22.5,0.75,M3_no_speed_cap,0,15.814,5.301,43.46
snow,mist,70,22.5,0.75,M4_late_reaction,0,17.748,4.412,37.26
snow,mist,70,22.5,0.75,M5_weak_brakes,0,22.542,7.443,37.26
snow,mist,70,22.5,0.75,M6_visibility_unaware,0,22.542,7.443,37.26
snow,mist,70,25.0,0.5,reference,0,20.708,21.814,37.26
snow,mist,70,25.0,0.5,M1_surface_unaware,1,-0.029,0.0,60.0
snow,mist,70,25.0,0.5,M2_aeb_unavailable,0,20.708,21.814,37.26
snow,mist,70,25.0,0.5,M3_no_speed_cap,0,10.926,4.505,43.46
snow,mist,70,25.0,0.5,M4_late_reaction,0,15.534,6.555,37.26
snow,mist,70,25.0,0.5,M5_weak_brakes,0,20.708,21.814,37.26
snow,mist,70,25.0,0.5,M6_visibility_unaware,0,20.708,21.814,37.26
snow,mist,70,25.0,0.75,reference,0,25.042,8.197,37.26
snow,mist,70,25.0,0.75,M1_surface_unaware,0,8.771,4.02,60.0
snow,mist,70,25.0,0.75,M2_aeb_unavailable,0,25.042,8.197,37.26
snow,mist,70,25.0,0.75,M3_no_speed_cap,0,18.314,6.056,43.46
snow,mist,70,25.0,0.75,M4_late_reaction,0,20.248,4.924,37.26
snow,mist,70,25.0,0.75,M5_weak_brakes,0,25.042,8.197,37.26
snow,mist,70,25.0,0.75,M6_visibility_unaware,0,25.042,8.197,37.26
snow,mist,70,27.5,0.5,reference,0,23.208,24.429,37.26
snow,mist,70,27.5,0.5,M1_surface_unaware,1,-0.001,0.0,60.0
snow,mist,70,27.5,0.5,M2_aeb_unavailable,0,23.208,24.429,37.26
snow,mist,70,27.5,0.5,M3_no_speed_cap,0,13.426,5.437,43.46
snow,mist,70,27.5,0.5,M4_late_reaction,0,18.034,7.544,37.26
snow,mist,70,27.5,0.5,M5_weak_brakes,0,23.208,24.429,37.26
snow,mist,70,27.5,0.5,M6_visibility_unaware,0,23.208,24.429,37.26
snow,mist,70,27.5,0.75,reference,0,27.542,8.951,37.26
snow,mist,70,27.5,0.75,M1_surface_unaware,0,11.271,5.056,60.0
snow,mist,70,27.5,0.75,M2_aeb_unavailable,0,27.542,8.951,37.26
snow,mist,70,27.5,0.75,M3_no_speed_cap,0,20.814,6.81,43.46
snow,mist,70,27.5,0.75,M4_late_reaction,0,22.748,5.436,37.26
snow,mist,70,27.5,0.75,M5_weak_brakes,0,27.542,8.951,37.26
snow,mist,70,27.5,0.75,M6_visibility_unaware,0,27.542,8.951,37.26
snow,mist,70,30.0,0.5,reference,0,25.708,27.044,37.26
snow,mist,70,30.0,0.5,M1_surface_unaware,1,-0.047,0.0,60.0
snow,mist,70,30.0,0.5,M2_aeb_unavailable,0,25.708,27.044,37.26
snow,mist,70,30.0,0.5,M3_no_speed_cap,0,15.926,6.37,43.46
snow,mist,70,30.0,0.5,M4_late_reaction,0,20.534,8.534,37.26
snow,mist,70,30.0,0.5,M5_weak_brakes,0,25.708,27.044,37.26
snow,mist,70,30.0,0.5,M6_visibility_unaware,0,25.708,27.044,37.26
snow,mist,70,30.0,0.75,reference,0,30.042,9.706,37.26
snow,mist,70,30.0,0.75,M1_surface_unaware,0,13.771,6.092,60.0
snow,mist,70,30.0,0.75,M2_aeb_unavailable,0,30.042,9.706,37.26
snow,mist,70,30.0,0.75,M3_no_speed_cap,0,23.314,7.565,43.46
snow,mist,70,30.0,0.75,M4_late_reaction,0,25.248,5.947,37.26
snow,mist,70,30.0,0.75,M5_weak_brakes,0,30.042,9.706,37.26
snow,mist,70,30.0,0.75,M6_visibility_unaware,0,30.042,9.706,37.26
snow,fog,40,7.5,0.5,reference,0,1.477,1.145,24.84
snow,fog,40,7.5,0.5,M1_surface_unaware,1,-0.035,0.0,40.0
snow,fog,40,7.5,0.5,M2_aeb_unavailable,0,1.477,1.145,24.84
snow,fog,40,7.5,0.5,M3_no_speed_cap,0,1.477,1.145,24.84
snow,fog,40,7.5,0.5,M4_late_reaction,1,-0.017,0.0,24.84
snow,fog,40,7.5,0.5,M5_weak_brakes,0,1.477,1.145,24.84
snow,fog,40,7.5,0.5,M6_visibility_unaware,0,1.477,1.145,24.84
snow,fog,40,7.5,0.75,reference,0,3.436,1.561,24.84
snow,fog,40,7.5,0.75,M1_surface_unaware,1,-0.006,0.0,40.0
snow,fog,40,7.5,0.75,M2_aeb_unavailable,0,3.436,1.561,24.84
snow,fog,40,7.5,0.75,M3_no_speed_cap,0,3.436,1.561,24.84
snow,fog,40,7.5,0.75,M4_late_reaction,0,0.488,0.553,24.84
snow,fog,40,7.5,0.75,M5_weak_brakes,0,3.436,1.561,24.84
snow,fog,40,7.5,0.75,M6_visibility_unaware,0,3.436,1.561,24.84
snow,fog,40,10.0,0.5,reference,0,3.977,2.639,24.84
snow,fog,40,10.0,0.5,M1_surface_unaware,1,-0.014,0.0,40.0
snow,fog,40,10.0,0.5,M2_aeb_unavailable,0,3.977,2.639,24.84
snow,fog,40,10.0,0.5,M3_no_speed_cap,0,3.977,2.639,24.84
snow,fog,40,10.0,0.5,M4_late_reaction,0,0.527,0.575,24.84
snow,fog,40,10.0,0.5,M5_weak_brakes,0,3.977,2.639,24.84
snow,fog,40,10.0,0.5,M6_visibility_unaware,0,3.977,2.639,24.84
snow,fog,40,10.0,0.75,reference,0,5.936,2.316,24.84
snow,fog,40,10.0,0.75,M1_surface_unaware,1,-0.017,0.0,40.0
snow,fog,40,10.0,0.75,M2_aeb_unavailable,0,5.936,2.316,24.84
snow,fog,40,10.0,0.75,M3_no_speed_cap,0,5.936,2.316,24.84
snow,fog,40,10.0,0.75,M4_late_reaction,0,2.486,1.254,24.84
snow,fog,40,10.0,0.75,M5_weak_brakes,0,5.936,2.316,24.84
snow,fog,40,10.0,0.75,M6_visibility_unaware,0,5.936,2.316,24.84
snow,fog,40,12.5,0.5,reference,0,6.477,4.134,24.84
snow,fog,40,12.5,0.5,M1_surface_unaware,1,-0.01,0.0,40.0
snow,fog,40,12.5,0.5,M2_aeb_unavailable,0,6.477,4.134,24.84
snow,fog,40,12.5,0.5,M3_no_speed_cap,0,6.477,4.134,24.84
snow,fog,40,12.5,0.5,M4_late_reaction,0,3.027,1.445,24.84
snow,fog,40,12.5,0.5,M5_weak_brakes,0,6.477,4.134,24.84
snow,fog,40,12.5,0.5,M6_visibility_unaware,0,6.477,4.134,24.84
snow,fog,40,12.5,0.75,reference,0,8.436,3.068,24.84
snow,fog,40,12.5,0.75,M1_surface_unaware,1,-0.016,0.0,40.0
snow,fog,40,12.5,0.75,M2_aeb_unavailable,0,8.436,3.068,24.84
snow,fog,40,12.5,0.75,M3_no_speed_cap,0,8.436,3.068,24.84
snow,fog,40,12.5,0.75,M4_late_reaction,0,4.986,1.794,24.84
snow,fog,40,12.5,0.75,M5_weak_brakes,0,8.436,3.068,24.84
snow,fog,40,12.5,0.75,M6_visibility_unaware,0,8.436,3.068,24.84
snow,fog,40,15.0,0.5,reference,0,8.977,5.629,24.84
snow,fog,40,15.0,0.5,M1_surface_unaware,1,-0.018,0.0,40.0
snow,fog,40,15.0,0.5,M2_aeb_unavailable,0,8.977,5.629,24.84
snow,fog,40,15.0,0.5,M3_no_speed_cap,0,8.977,5.629,24.84
snow,fog,40,15.0,0.5,M4_late_reaction,0,5.527,2.216,24.84
snow,fog,40,15.0,0.5,M5_weak_brakes,0,8.977,5.629,24.84
snow,fog,40,15.0,0.5,M6_visibility_unaware,0,8.977,5.629,24.84
snow,fog,40,15.0,0.75,reference,0,10.936,3.821,24.84
snow,fog,40,15.0,0.75,M1_surface_unaware,1,-0.001,0.0,40.0
snow,fog,40,15.0,0.75,M2_aeb_unavailable,0,10.936,3.821,24.84
snow,fog,40,15.0,0.75,M3_no_speed_cap,0,10.936,3.821,24.84
snow,fog,40,15.0,0.75,M4_late_reaction,0,7.486,2.307,24.84
snow,fog,40,15.0,0.75,M5_weak_brakes,0,10.936,3.821,24.84
snow,fog,40,15.0,0.75,M6_visibility_unaware,0,10.936,3.821,24.84
snow,fog,40,17.5,0.5,reference,0,11.477,7.124,24.84
snow,fog,40,17.5,0.5,M1_surface_unaware,1,-0.022,0.0,40.0
snow,fog,40,17.5,0.5,M2_aeb_unavailable,0,11.477,7.124,24.84
snow,fog,40,17.5,0.5,M3_no_speed_cap,0,11.477,7.124,24.84
snow,fog,40,17.5,0.5,M4_late_reaction,0,8.027,2.987,24.84
snow,fog,40,17.5,0.5,M5_weak_brakes,0,11.477,7.124,24.84
snow,fog,40,17.5,0.5,M6_visibility_unaware,0,11.477,7.124,24.84
snow,fog,40,17.5,0.75,reference,0,13.436,4.574,24.84
snow,fog,40,17.5,0.75,M1_surface_unaware,0,2.236,1.211,40.0
snow,fog,40,17.5,0.75,M2_aeb_unavailable,0,13.436,4.574,24.84
snow,fog,40,17.5,0.75,M3_no_speed_cap,0,13.436,4.574,24.84
snow,fog,40,17.5,0.75,M4_late_reaction,0,9.986,2.82,24.84
snow,fog,40,17.5,0.75,M5_weak_brakes,0,13.436,4.574,24.84
snow,fog,40,17.5,0.75,M6_visibility_unaware,0,13.436,4.574,24.84
snow,fog,40,20.0,0.5,reference,0,13.977,8.619,24.84
snow,fog,40,20.0,0.5,M1_surface_unaware,1,-0.042,0.0,40.0
snow,fog,40,20.0,0.5,M2_aeb_unavailable,0,13.977,8.619,24.84
snow,fog,40,20.0,0.5,M3_no_speed_cap,0,13.977,8.619,24.84
snow,fog,40,20.0,0.5,M4_late_reaction,0,10.527,3.759,24.84
snow,fog,40,20.0,0.5,M5_weak_brakes,0,13.977,8.619,24.84
snow,fog,40,20.0,0.5,M6_visibility_unaware,0,13.977,8.619,24.84
snow,fog,40,20.0,0.75,reference,0,15.936,5.326,24.84
snow,fog,40,20.0,0.75,M1_surface_unaware,0,4.736,2.019,40.0
snow,fog,40,20.0,0.75,M2_aeb_unavailable,0,15.936,5.326,24.84
snow,fog,40,20.0,0.75,M3_no_speed_cap,0,15.936,5.326,24.84
snow,fog,40,20.0,0.75,M4_late_reaction,0,12.486,3.331,24.84
snow,fog,40,20.0,0.75,M5_weak_brakes,0,15.936,5.326,24.84
snow,fog,40,20.0,0.75,M6_visibility_unaware,0,15.936,5.326,24.84
snow,fog,40,22.5,0.5,reference,0,16.477,10.114,24.84
snow,fog,40,22.5,0.5,M1_surface_unaware,1,-0.024,0.0,40.0
snow,fog,40,22.5,0.5,M2_aeb_unavailable,0,16.477,10.114,24.84
snow,fog,40,22.5,0.5,M3_no_speed_cap,0,16.477,10.114,24.84
snow,fog,40,22.5,0.5,M4_late_reaction,0,13.027,4.53,24.84
snow,fog,40,22.5,0.5,M5_weak_brakes,0,16.477,10.114,24.84
snow,fog,40,22.5,0.5,M6_visibility_unaware,0,16.477,10.114,24.84
snow,fog,40,22.5,0.75,reference,0,18.436,6.079,24.84
snow,fog,40,22.5,0.75,M1_surface_unaware,0,7.236,2.823,40.0
snow,fog,40,22.5,0.75,M2_aeb_unavailable,0,18.436,6.079,24.84
snow,fog,40,22.5,0.75,M3_no_speed_cap,0,18.436,6.079,24.84
snow,fog,40,22.5,0.75,M4_late_reaction,0,14.986,3.843,24.84
snow,fog,40,22.5,0.75,M5_weak_brakes,0,18.436,6.079,24.84
snow,fog,40,22.5,0.75,M6_visibility_unaware,0,18.436,6.079,24.84
snow,fog,40,25.0,0.5,reference,0,18.977,11.609,24.84
snow,fog,40,25.0,0.5,M1_surface_unaware,1,-0.019,0.0,40.0
snow,fog,40,25.0,0.5,M2_aeb_unavailable,0,18.977,11.609,24.84
snow,fog,40,25.0,0.5,M3_no_speed_cap,0,18.977,11.609,24.84
snow,fog,40,25.0,0.5,M4_late_reaction,0,15.527,5.301,24.84
snow,fog,40,25.0,0.5,M5_weak_brakes,0,18.977,11.609,24.84
snow,fog,40,25.0,0.5,M6_visibility_unaware,0,18.977,11.609,24.84
snow,fog,40,25.0,0.75,reference,0,20.936,6.831,24.84
snow,fog,40,25.0,0.75,M1_surface_unaware,0,9.736,3.628,40.0
snow,fog,40,25.0,0.75,M2_aeb_unavailable,0,20.936,6.831,24.84
snow,fog,40,25.0,0.75,M3_no_speed_cap,0,20.936,6.831,24.84
snow,fog,40,25.0,0.75,M4_late_reaction,0,17.486,4.354,24.84
snow,fog,40,25.0,0.75,M5_weak_brakes,0,20.936,6.831,24.84
snow,fog,40,25.0,0.75,M6_visibility_unaware,0,11.139,2.777,24.84
snow,fog,40,27.5,0.5,reference,0,21.477,13.104,24.84
snow,fog,40,27.5,0.5,M1_surface_unaware,0,0.549,0.587,40.0
snow,fog,40,27.5,0.5,M2_aeb_unavailable,0,21.477,13.104,24.84
snow,fog,40,27.5,0.5,M3_no_speed_cap,0,21.477,13.104,24.84
snow,fog,40,27.5,0.5,M4_late_reaction,0,18.027,6.072,24.84
snow,fog,40,27.5,0.5,M5_weak_brakes,0,21.477,13.104,24.84
snow,fog,40,27.5,0.5,M6_visibility_unaware,0,15.82,4.397,24.84
snow,fog,40,27.5,0.75,reference,0,23.436,7.584,24.84
snow,fog,40,27.5,0.75,M1_surface_unaware,0,12.236,4.432,40.0
snow,fog,40,27.5,0.75,M2_aeb_unavailable,0,23.436,7.584,24.84
snow,fog,40,27.5,0.75,M3_no_speed_cap,0,23.436,7.584,24.84
snow,fog,40,27.5,0.75,M4_late_reaction,0,19.986,4.865,24.84
snow,fog,40,27.5,0.75,M5_weak_brakes,0,23.436,7.584,24.84
snow,fog,40,27.5,0.75,M6_visibility_unaware,0,10.328,2.649,24.84
snow,fog,40,30.0,0.5,reference,0,23.977,14.599,24.84
snow,fog,40,30.0,0.5,M1_surface_unaware,0,3.049,1.389,40.0
snow,fog,40,30.0,0.5,M2_aeb_unavailable,0,23.977,14.599,24.84
snow,fog,40,30.0,0.5,M3_no_speed_cap,0,23.977,14.599,24.84
snow,fog,40,30.0,0.5,M4_late_reaction,0,20.527,6.843,24.84
snow,fog,40,30.0,0.5,M5_weak_brakes,0,23.977,14.599,24.84
snow,fog,40,30.0,0.5,M6_visibility_unaware,0,11.49,2.831,24.84
snow,fog,40,30.0,0.75,reference,0,25.936,8.337,24.84
snow,fog,40,30.0,0.75,M1_surface_unaware,0,14.736,5.237,40.0
snow,fog,40,30.0,0.75,M2_aeb_unavailable,0,25.936,8.337,24.84
snow,fog,40,30.0,0.75,M3_no_speed_cap,0,25.936,8.337,24.84
snow,fog,40,30.0,0.75,M4_late_reaction,0,22.486,5.376,24.84
snow,fog,40,30.0,0.75,M5_weak_brakes,0,25.936,8.337,24.84
snow,fog,40,30.0,0.75,M6_visibility_unaware,0,10.206,2.63,24.84
snow,fog,60,7.5,0.5,reference,1,-0.011,0.0,37.26
snow,fog,60,7.5,0.5,M1_surface_unaware,1,-0.045,0.0,55.87
snow,fog,60,7.5,0.5,M2_aeb_unavailable,1,-0.009,0.0,37.26
snow,fog,60,7.5,0.5,M3_no_speed_cap,1,-0.011,0.0,37.26
snow,fog,60,7.5,0.5,M4_late_reaction,1,-0.011,0.0,37.26
snow,fog,60,7.5,0.5,M5_weak_brakes,1,-0.011,0.0,37.26
snow,fog,60,7.5,0.5,M6_visibility_unaware,1,-0.011,0.0,37.26
snow,fog,60,7.5,0.75,reference,0,1.61,1.008,37.26
snow,fog,60,7.5,0.75,M1_surface_unaware,1,-0.014,0.0,55.87
snow,fog,60,7.5,0.75,M2_aeb_unavailable,0,1.61,1.008,37.26
snow,fog,60,7.5,0.75,M3_no_speed_cap,0,1.61,1.008,37.26
snow,fog,60,7.5,0.75,M4_late_reaction,1,-0.001,0.0,37.26
snow,fog,60,7.5,0.75,M5_weak_brakes,0,1.61,1.008,37.26
snow,fog,60,7.5,0.75,M6_visibility_unaware,0,1.61,1.008,37.26
snow,fog,60,10.0,0.5,reference,1,-0.018,0.0,37.26
snow,fog,60,10.0,0.5,M1_surface_unaware,1,-0.043,0.0,55.87
snow,fog,60,10.0,0.5,M2_aeb_unavailable,1,-0.018,0.0,37.26
snow,fog,60,10.0,0.5,M3_no_speed_cap,1,-0.018,0.0,37.26
snow,fog,60,10.0,0.5,M4_late_reaction,1,-0.004,0.0,37.26
snow,fog,60,10.0,0.5,M5_weak_brakes,1,-0.018,0.0,37.26
snow,fog,60,10.0,0.5,M6_visibility_unaware,1,-0.018,0.0,37.26
snow,fog,60,10.0,0.75,reference,0,4.11,1.762,37.26
snow,fog,60,10.0,0.75,M1_surface_unaware,1,-0.018,0.0,55.87
snow,fog,60,10.0,0.75,M2_aeb_unavailable,0,4.11,1.762,37.26
snow,fog,60,10.0,0.75,M3_no_speed_cap,0,4.11,1.762,37.26
snow,fog,60,10.0,0.75,M4_late_reaction,1,-0.018,0.0,37.26
snow,fog,60,10.0,0.75,M5_weak_brakes,0,4.11,1.762,37.26
snow,fog,60,10.0,0.75,M6_visibility_unaware,0,4.11,1.762,37.26
snow,fog,60,12.5,0.5,reference,0,1.443,0.986,37.26
snow,fog,60,12.5,0.5,M1_surface_unaware,1,-0.006,0.0,55.87
snow,fog,60,12.5,0.5,M2_aeb_unavailable,0,1.443,0.986,37.26
snow,fog,60,12.5,0.5,M3_no_speed_cap,0,1.443,0.986,37.26
snow,fog,60,12.5,0.5,M4_late_reaction,1,-0.018,0.0,37.26
snow,fog,60,12.5,0.5,M5_weak_brakes,0,1.443,0.986,37.26
snow,fog,60,12.5,0.5,M6_visibility_unaware,0,1.443,0.986,37.26
snow,fog,60,12.5,0.75,reference,0,6.61,2.514,37.26
snow,fog,60,12.5,0.75,M1_surface_unaware,1,-0.006,0.0,55.87
snow,fog,60,12.5,0.75,M2_aeb_unavailable,0,6.61,2.514,37.26
snow,fog,60,12.5,0.75,M3_no_speed_cap,0,6.61,2.514,37.26
snow,fog,60,12.5,0.75,M4_late_reaction,0,1.435,0.951,37.26
snow,fog,60,12.5,0.75,M5_weak_brakes,0,6.61,2.514,37.26
snow,fog,60,12.5,0.75,M6_visibility_unaware,0,6.61,2.514,37.26
snow,fog,60,15.0,0.5,reference,0,3.943,2.055,37.26
snow,fog,60,15.0,0.5,M1_surface_unaware,1,-0.042,0.0,55.87
snow,fog,60,15.0,0.5,M2_aeb_unavailable,0,3.943,2.055,37.26
snow,fog,60,15.0,0.5,M3_no_speed_cap,0,3.943,2.055,37.26
snow,fog,60,15.0,0.5,M4_late_reaction,1,-0.025,0.0,37.26
snow,fog,60,15.0,0.5,M5_weak_brakes,0,3.943,2.055,37.26
snow,fog,60,15.0,0.5,M6_visibility_unaware,0,3.943,2.055,37.26
snow,fog,60,15.0,0.75,reference,0,9.11,3.265,37.26
snow,fog,60,15.0,0.75,M1_surface_unaware,1,-0.017,0.0,55.87
snow,fog,60,15.0,0.75,M2_aeb_unavailable,0,9.11,3.265,37.26
snow,fog,60,15.0,0.75,M3_no_speed_cap,0,9.11,3.265,37.26
snow,fog,60,15.0,0.75,M4_late_reaction,0,3.935,1.579,37.26
snow,fog,60,15.0,0.75,M5_weak_brakes,0,9.11,3.265,37.26
snow,fog,60,15.0,0.75,M6_visibility_unaware,0,9.11,3.265,37.26
snow,fog,60,17.5,0.5,reference,0,6.443,3.121,37.26
snow,fog,60,17.5,0.5,M1_surface_unaware,1,-0.022,0.0,55.87
snow,fog,60,17.5,0.5,M2_aeb_unavailable,0,6.443,3.121,37.26
snow,fog,60,17.5,0.5,M3_no_speed_cap,0,6.443,3.121,37.26
snow,fog,60,17.5,0.5,M4_late_reaction,0,1.269,0.894,37.26
snow,fog,60,17.5,0.5,M5_weak_brakes,0,6.443,3.121,37.26
snow,fog,60,17.5,0.5,M6_visibility_unaware,0,6.443,3.121,37.26
snow,fog,60,17.5,0.75,reference,0,11.61,4.017,37.26
snow,fog,60,17.5,0.75,M1_surface_unaware,1,-0.029,0.0,55.87
snow,fog,60,17.5,0.75,M2_aeb_unavailable,0,11.61,4.017,37.26
snow,fog,60,17.5,0.75,M3_no_speed_cap,0,11.61,4.017,37.26
snow,fog,60,17.5,0.75,M4_late_reaction,0,6.435,2.091,37.26
snow,fog,60,17.5,0.75,M5_weak_brakes,0,11.61,4.017,37.26
snow,fog,60,17.5,0.75,M6_visibility_unaware,0,11.61,4.017,37.26
snow,fog,60,20.0,0.5,reference,0,8.943,4.187,37.26
snow,fog,60,20.0,0.5,M1_surface_unaware,1,-0.013,0.0,55.87
snow,fog,60,20.0,0.5,M2_aeb_unavailable,0,8.943,4.187,37.26
snow,fog,60,20.0,0.5,M3_no_speed_cap,0,8.943,4.187,37.26
snow,fog,60,20.0,0.5,M4_late_reaction,0,3.769,1.583,37.26
snow,fog,60,20.0,0.5,M5_weak_brakes,0,8.943,4.187,37.26
snow,fog,60,20.0,0.5,M6_visibility_unaware,0,8.943,4.187,37.26
snow,fog,60,20.0,0.75,reference,0,14.11,4.768,37.26
snow,fog,60,20.0,0.75,M1_surface_unaware,1,-0.015,0.0,55.87
snow,fog,60,20.0,0.75,M2_aeb_unavailable,0,14.11,4.768,37.26
snow,fog,60,20.0,0.75,M3_no_speed_cap,0,14.11,4.768,37.26
snow,fog,60,20.0,0.75,M4_late_reaction,0,8.935,2.602,37.26
snow,fog,60,20.0,0.75,M5_weak_brakes,0,14.11,4.768,37.26
snow,fog,60,20.0,0.75,M6_visibility_unaware,0,14.11,4.768,37.26
snow,fog,60,22.5,0.5,reference,0,11.443,5.253,37.26
snow,fog,60,22.5,0.5,M1_surface_unaware,1,-0.019,0.0,55.87
snow,fog,60,22.5,0.5,M2_aeb_unavailable,0,11.443,5.253,37.26
snow,fog,60,22.5,0.5,M3_no_speed_cap,0,11.443,5.253,37.26
snow,fog,60,22.5,0.5,M4_late_reaction,0,6.269,2.224,37.26
snow,fog,60,22.5,0.5,M5_weak_brakes,0,11.443,5.253,37.26
snow,fog,60,22.5,0.5,M6_visibility_unaware,0,11.443,5.253,37.26
snow,fog,60,22.5,0.75,reference,0,16.61,5.52,37.26
snow,fog,60,22.5,0.75,M1_surface_unaware,0,1.421,0.946,55.87
snow,fog,60,22.5,0.75,M2_aeb_unavailable,0,16.61,5.52,37.26
snow,fog,60,22.5,0.75,M3_no_speed_cap,0,16.61,5.52,37.26
snow,fog,60,22.5,0.75,M4_late_reaction,0,11.435,3.112,37.26
snow,fog,60,22.5,0.75,M5_weak_brakes,0,16.61,5.52,37.26
snow,fog,60,22.5,0.75,M6_visibility_unaware,0,16.61,5.52,37.26
snow,fog,60,25.0,0.5,reference,0,13.943,6.319,37.26
snow,fog,60,25.0,0.5,M1_surface_unaware,1,-0.026,0.0,55.87
snow,fog,60,25.0,0.5,M2_aeb_unavailable,0,13.943,6.319,37.26
snow,fog,60,25.0,0.5,M3_no_speed_cap,0,13.943,6.319,37.26
snow,fog,60,25.0,0.5,M4_late_reaction,0,8.769,2.863,37.26
snow,fog,60,25.0,0.5,M5_weak_brakes,0,13.943,6.319,37.26
snow,fog,60,25.0,0.5,M6_visibility_unaware,0,13.943,6.319,37.26
snow,fog,60,25.0,0.75,reference,0,19.11,6.271,37.26
snow,fog,60,25.0,0.75,M1_surface_unaware,0,3.921,1.701,55.87
snow,fog,60,25.0,0.75,M2_aeb_unavailable,0,19.11,6.271,37.26
snow,fog,60,25.0,0.75,M3_no_speed_cap,0,19.11,6.271,37.26
snow,fog,60,25.0,0.75,M4_late_reaction,0,13.935,3.623,37.26
snow,fog,60,25.0,0.75,M5_weak_brakes,0,19.11,6.271,37.26
snow,fog,60,25.0,0.75,M6_visibility_unaware,0,0.586,0.606,37.26
snow,fog,60,27.5,0.5,reference,0,16.443,7.385,37.26
snow,fog,60,27.5,0.5,M1_surface_unaware,1,-0.042,0.0,55.87
snow,fog,60,27.5,0.5,M2_aeb_unavailable,0,16.443,7.385,37.26
snow,fog,60,27.5,0.5,M3_no_speed_cap,0,16.443,7.385,37.26
snow,fog,60,27.5,0.5,M4_late_reaction,0,11.269,3.502,37.26
snow,fog,60,27.5,0.5,M5_weak_brakes,0,16.443,7.385,37.26
snow,fog,60,27.5,0.5,M6_visibility_unaware,0,14.373,5.308,37.26
snow,fog,60,27.5,0.75,reference,0,21.61,7.023,37.26
snow,fog,60,27.5,0.75,M1_surface_unaware,0,6.421,2.448,55.87
snow,fog,60,27.5,0.75,M2_aeb_unavailable,0,21.61,7.023,37.26
snow,fog,60,27.5,0.75,M3_no_speed_cap,0,21.61,7.023,37.26
snow,fog,60,27.5,0.75,M4_late_reaction,0,16.435,4.134,37.26
snow,fog,60,27.5,0.75,M5_weak_brakes,0,21.61,7.023,37.26
snow,fog,60,27.5,0.75,M6_visibility_unaware,1,-0.008,0.0,37.26
snow,fog,60,30.0,0.5,reference,0,18.943,8.451,37.26
snow,fog,60,30.0,0.5,M1_surface_unaware,1,-0.016,0.0,55.87
snow,fog,60,30.0,0.5,M2_aeb_unavailable,0,18.943,8.451,37.26
snow,fog,60,30.0,0.5,M3_no_speed_cap,0,18.943,8.451,37.26
snow,fog,60,30.0,0.5,M4_late_reaction,0,13.769,4.14,37.26
snow,fog,60,30.0,0.5,M5_weak_brakes,0,18.943,8.451,37.26
snow,fog,60,30.0,0.5,M6_visibility_unaware,0,5.179,1.812,37.26
snow,fog,60,30.0,0.75,reference,0,24.11,7.774,37.26
snow,fog,60,30.0,0.75,M1_surface_unaware,0,8.921,3.194,55.87
snow,fog,60,30.0,0.75,M2_aeb_unavailable,0,24.11,7.774,37.26
snow,fog,60,30.0,0.75,M3_no_speed_cap,0,24.11,7.774,37.26
snow,fog,60,30.0,0.75,M4_late_reaction,0,18.935,4.644,37.26
snow,fog,60,30.0,0.75,M5_weak_brakes,0,24.11,7.774,37.26
snow,fog,60,30.0,0.75,M6_visibility_unaware,1,-0.003,0.0,37.26
snow,fog,70,7.5,0.5,reference,0,3.208,3.51,37.26
snow,fog,70,7.5,0.5,M1_surface_unaware,1,-0.033,0.0,55.87
snow,fog,70,7.5,0.5,M2_aeb_unavailable,0,3.208,3.51,37.26
snow,fog,70,7.5,0.5,M3_no_speed_cap,1,-0.015,0.0,43.46
snow,fog,70,7.5,0.5,M4_late_reaction,1,-0.011,0.0,37.26
snow,fog,70,7.5,0.5,M5_weak_brakes,0,3.208,3.51,37.26
snow,fog,70,7.5,0.5,M6_visibility_unaware,0,3.208,3.51,37.26
snow,fog,70,7.5,0.75,reference,0,7.542,2.918,37.26
snow,fog,70,7.5,0.75,M1_surface_unaware,1,-0.003,0.0,55.87
snow,fog,70,7.5,0.75,M2_aeb_unavailable,0,7.542,2.918,37.26
snow,fog,70,7.5,0.75,M3_no_speed_cap,0,0.814,0.715,43.46
snow,fog,70,7.5,0.75,M4_late_reaction,0,2.748,1.318,37.26
snow,fog,70,7.5,0.75,M5_weak_brakes,0,7.542,2.918,37.26
snow,fog,70,7.5,0.75,M6_visibility_unaware,0,7.542,2.918,37.26
snow,fog,70,10.0,0.5,reference,0,5.708,6.125,37.26
snow,fog,70,10.0,0.5,M1_surface_unaware,1,-0.018,0.0,55.87
snow,fog,70,10.0,0.5,M2_aeb_unavailable,0,5.708,6.125,37.26
snow,fog,70,10.0,0.5,M3_no_speed_cap,1,-0.001,0.0,43.46
snow,fog,70,10.0,0.5,M4_late_reaction,0,0.534,0.578,37.26
snow,fog,70,10.0,0.5,M5_weak_brakes,0,5.708,6.125,37.26
snow,fog,70,10.0,0.5,M6_visibility_unaware,0,5.708,6.125,37.26
snow,fog,70,10.0,0.75,reference,0,10.042,3.673,37.26
snow,fog,70,10.0,0.75,M1_surface_unaware,0,2.064,1.833,55.87
snow,fog,70,10.0,0.75,M2_aeb_unavailable,0,10.042,3.673,37.26
snow,fog,70,10.0,0.75,M3_no_speed_cap,0,3.314,1.525,43.46
snow,fog,70,10.0,0.75,M4_late_reaction,0,5.248,1.848,37.26
snow,fog,70,10.0,0.75,M5_weak_brakes,0,10.042,3.673,37.26
snow,fog,70,10.0,0.75,M6_visibility_unaware,0,10.042,3.673,37.26
snow,fog,70,12.5,0.5,reference,0,8.208,8.74,37.26
snow,fog,70,12.5,0.5,M1_surface_unaware,1,-0.027,0.0,55.87
snow,fog,70,12.5,0.5,M2_aeb_unavailable,0,8.208,8.74,37.26
snow,fog,70,12.5,0.5,M3_no_speed_cap,1,-0.021,0.0,43.46
snow,fog,70,12.5,0.5,M4_late_reaction,0,3.034,1.601,37.26
snow,fog,70,12.5,0.5,M5_weak_brakes,0,8.208,8.74,37.26
snow,fog,70,12.5,0.5,M6_visibility_unaware,0,8.208,8.74,37.26
snow,fog,70,12.5,0.75,reference,0,12.542,4.427,37.26
snow,fog,70,12.5,0.75,M1_surface_unaware,0,4.564,3.809,55.87
snow,fog,70,12.5,0.75,M2_aeb_unavailable,0,12.542,4.427,37.26
snow,fog,70,12.5,0.75,M3_no_speed_cap,0,5.814,2.283,43.46
snow,fog,70,12.5,0.75,M4_late_reaction,0,7.748,2.362,37.26
snow,fog,70,12.5,0.75,M5_weak_brakes,0,12.542,4.427,37.26
snow,fog,70,12.5,0.75,M6_visibility_unaware,0,12.542,4.427,37.26
snow,fog,70,15.0,0.5,reference,0,10.708,11.354,37.26
snow,fog,70,15.0,0.5,M1_surface_unaware,1,-0.021,0.0,55.87
snow,fog,70,15.0,0.5,M2_aeb_unavailable,0,10.708,11.354,37.26
snow,fog,70,15.0,0.5,M3_no_speed_cap,0,0.926,0.763,43.46
snow,fog,70,15.0,0.5,M4_late_reaction,0,5.534,2.595,37.26
snow,fog,70,15.0,0.5,M5_weak_brakes,0,10.708,11.354,37.26
snow,fog,70,15.0,0.5,M6_visibility_unaware,0,10.708,11.354,37.26
snow,fog,70,15.0,0.75,reference,0,15.042,5.181,37.26
snow,fog,70,15.0,0.75,M1_surface_unaware,0,7.064,5.784,55.87
snow,fog,70,15.0,0.75,M2_aeb_unavailable,0,15.042,5.181,37.26
snow,fog,70,15.0,0.75,M3_no_speed_cap,0,8.314,3.038,43.46
snow,fog,70,15.0,0.75,M4_late_reaction,0,10.248,2.875,37.26
snow,fog,70,15.0,0.75,M5_weak_brakes,0,15.042,5.181,37.26
snow,fog,70,15.0,0.75,M6_visibility_unaware,0,15.042,5.181,37.26
snow,fog,70,17.5,0.5,reference,0,13.208,13.969,37.26
snow,fog,70,17.5,0.5,M1_surface_unaware,1,-0.031,0.0,55.87
snow,fog,70,17.5,0.5,M2_aeb_unavailable,0,13.208,13.969,37.26
snow,fog,70,17.5,0.5,M3_no_speed_cap,0,3.426,1.703,43.46
snow,fog,70,17.5,0.5,M4_late_reaction,0,8.034,3.585,37.26
snow,fog,70,17.5,0.5,M5_weak_brakes,0,13.208,13.969,37.26
snow,fog,70,17.5,0.5,M6_visibility_unaware,0,13.208,13.969,37.26
snow,fog,70,17.5,0.75,reference,0,17.542,5.935,37.26
snow,fog,70,17.5,0.75,M1_surface_unaware,0,9.564,7.76,55.87
snow,fog,70,17.5,0.75,M2_aeb_unavailable,0,17.542,5.935,37.26
snow,fog,70,17.5,0.75,M3_no_speed_cap,0,10.814,3.792,43.46
snow,fog,70,17.5,0.75,M4_late_reaction,0,12.748,3.388,37.26
snow,fog,70,17.5,0.75,M5_weak_brakes,0,17.542,5.935,37.26
snow,fog,70,17.5,0.75,M6_visibility_unaware,0,17.542,5.935,37.26
snow,fog,70,20.0,0.5,reference,0,15.708,16.584,37.26
snow,fog,70,20.0,0.5,M1_surface_unaware,1,-0.033,0.0,55.87
snow,fog,70,20.0,0.5,M2_aeb_unavailable,0,15.708,16.584,37.26
snow,fog,70,20.0,0.5,M3_no_speed_cap,0,5.926,2.639,43.46
snow,fog,70,20.0,0.5,M4_late_reaction,0,10.534,4.575,37.26
snow,fog,70,20.0,0.5,M5_weak_brakes,0,15.708,16.584,37.26
snow,fog,70,20.0,0.5,M6_visibility_unaware,0,15.708,16.584,37.26
snow,fog,70,20.0,0.75,reference,0,20.042,6.689,37.26
snow,fog,70,20.0,0.75,M1_surface_unaware,0,12.064,9.736,55.87
snow,fog,70,20.0,0.75,M2_aeb_unavailable,0,20.042,6.689,37.26
snow,fog,70,20.0,0.75,M3_no_speed_cap,0,13.314,4.547,43.46
snow,fog,70,20.0,0.75,M4_late_reaction,0,15.248,3.9,37.26
snow,fog,70,20.0,0.75,M5_weak_brakes,0,20.042,6.689,37.26
snow,fog,70,20.0,0.75,M6_visibility_unaware,0,20.042,6.689,37.26
snow,fog,70,22.5,0.5,reference,0,18.208,19.199,37.26
snow,fog,70,22.5,0.5,M1_surface_unaware,1,-0.017,0.0,55.87
snow,fog,70,22.5,0.5,M2_aeb_unavailable,0,18.208,19.199,37.26
snow,fog,70,22.5,0.5,M3_no_speed_cap,0,8.426,3.572,43.46
snow,fog,70,22.5,0.5,M4_late_reaction,0,13.034,5.565,37.26
snow,fog,70,22.5,0.5,M5_weak_brakes,0,18.208,19.199,37.26
snow,fog,70,22.5,0.5,M6_visibility_unaware,0,18.208,19.199,37.26
snow,fog,70,22.5,0.75,reference,0,22.542,7.443,37.26
snow,fog,70,22.5,0.75,M1_surface_unaware,0,14.564,11.711,55.87
snow,fog,70,22.5,0.75,M2_aeb_unavailable,0,22.542,7.443,37.26
snow,fog,70,22.5,0.75,M3_no_speed_cap,0,15.814,5.301,43.46
snow,fog,70,22.5,0.75,M4_late_reaction,0,17.748,4.412,37.26
snow,fog,70,22.5,0.75,M5_weak_brakes,0,22.542,7.443,37.26
snow,fog,70,22.5,0.75,M6_visibility_unaware,1,-0.001,0.0,37.26
snow,fog,70,25.0,0.5,reference,0,20.708,21.814,37.26
snow,fog,70,25.0,0.5,M1_surface_unaware,1,-0.009,0.0,55.87
snow,fog,70,25.0,0.5,M2_aeb_unavailable,0,20.708,21.814,37.26
snow,fog,70,25.0,0.5,M3_no_speed_cap,0,10.926,4.505,43.46
snow,fog,70,25.0,0.5,M4_late_reaction,0,15.534,6.555,37.26
snow,fog,70,25.0,0.5,M5_weak_brakes,0,20.708,21.814,37.26
snow,fog,70,25.0,0.5,M6_visibility_unaware,0,20.708,21.814,37.26
snow,fog,70,25.0,0.75,reference,0,25.042,8.197,37.26
snow,fog,70,25.0,0.75,M1_surface_unaware,0,17.064,13.687,55.87
snow,fog,70,25.0,0.75,M2_aeb_unavailable,0,25.042,8.197,37.26
snow,fog,70,25.0,0.75,M3_no_speed_cap,0,18.314,6.056,43.46
snow,fog,70,25.0,0.75,M4_late_reaction,0,20.248,4.924,37.26
snow,fog,70,25.0,0.75,M5_weak_brakes,0,25.042,8.197,37.26
snow,fog,70,25.0,0.75,M6_visibility_unaware,1,-0.015,0.0,37.26
snow,fog,70,27.5,0.5,reference,0,23.208,24.429,37.26
snow,fog,70,27.5,0.5,M1_surface_unaware,1,-0.021,0.0,55.87
snow,fog,70,27.5,0.5,M2_aeb_unavailable,0,23.208,24.429,37.26
snow,fog,70,27.5,0.5,M3_no_speed_cap,0,13.426,5.437,43.46
snow,fog,70,27.5,0.5,M4_late_reaction,0,18.034,7.544,37.26
snow,fog,70,27.5,0.5,M5_weak_brakes,0,23.208,24.429,37.26
snow,fog,70,27.5,0.5,M6_visibility_unaware,0,6.029,1.955,37.26
snow,fog,70,27.5,0.75,reference,0,27.542,8.951,37.26
snow,fog,70,27.5,0.75,M1_surface_unaware,0,19.564,15.663,55.87
snow,fog,70,27.5,0.75,M2_aeb_unavailable,0,27.542,8.951,37.26
snow,fog,70,27.5,0.75,M3_no_speed_cap,0,20.814,6.81,43.46
snow,fog,70,27.5,0.75,M4_late_reaction,0,22.748,5.436,37.26
snow,fog,70,27.5,0.75,M5_weak_brakes,0,27.542,8.951,37.26
snow,fog,70,27.5,0.75,M6_visibility_unaware,1,-0.009,0.0,37.26
snow,fog,70,30.0,0.5,reference,0,25.708,27.044,37.26
snow,fog,70,30.0,0.5,M1_surface_unaware,1,-0.033,0.0,55.87
snow,fog,70,30.0,0.5,M2_aeb_unavailable,0,25.708,27.044,37.26
snow,fog,70,30.0,0.5,M3_no_speed_cap,0,15.926,6.37,43.46
snow,fog,70,30.0,0.5,M4_late_reaction,0,20.534,8.534,37.26
snow,fog,70,30.0,0.5,M5_weak_brakes,0,25.708,27.044,37.26
snow,fog,70,30.0,0.5,M6_visibility_unaware,0,1.803,1.067,37.26
snow,fog,70,30.0,0.75,reference,0,30.042,9.706,37.26
snow,fog,70,30.0,0.75,M1_surface_unaware,0,22.064,17.638,55.87
snow,fog,70,30.0,0.75,M2_aeb_unavailable,0,30.042,9.706,37.26
snow,fog,70,30.0,0.75,M3_no_speed_cap,0,23.314,7.565,43.46
snow,fog,70,30.0,0.75,M4_late_reaction,0,25.248,5.947,37.26
snow,fog,70,30.0,0.75,M5_weak_brakes,0,30.042,9.706,37.26
snow,fog,70,30.0,0.75,M6_visibility_unaware,1,-0.01,0.0,37.26
